 +-----------------------------------------------------------------+
 +                         Program ANPHON                          +
 +                             Ver.  1.9.9                         +
 +-----------------------------------------------------------------+

 Job started at Fri Aug 28 17:51:07 2026

 The number of MPI processes: 1
 The number of OpenMP threads: 12


 Input variables:
 -----------------------------------------------------------------
 General:
  PREFIX = ZnO_qha
  MODE = QHA
  FCSFILE = ZnO332_500K_cutoff1208_nbody233.xml
  FC2FILE = ZnO442_harmonic.xml

  MASS = 
  NSYM = 0; TOLERANCE = 0.001; PRINTSYM = 0

  NONANALYTIC = 0

  TMIN = 0; TMAX = 1000; DT = 100
  EMIN = 0; EMAX = 1000; DELTA_E = 10

  ISMEAR = -1; EPSILON = 10

  CLASSICAL = 0
  BCONNECT = 0

 QHA:
  KMESH_INTERPOLATE =     4    4    2
  KMESH_QHA         =     4    4    2
  SELF_OFFDIAG = 1
  IALGO = 0
  LOWER_TEMP = 1
  RELAX_STR = 2

 Structure_opt:
  RELAX_ALGO = 2
  MAX_STR_ITER = 1000
  COORD_CONV_TOL = 1e-05
  CELL_CONV_TOL = 1e-05
  MIXBETA_COORD = 0.5
  MIXBETA_CELL = 0.7
  SET_INIT_STR = 2
  ADD_HESS_DIAG = 0
  STAT_PRESSURE = 0
  QHA_SCHEME = 0
  RENORM_3TO2ND = 2
  RENORM_2TO1ST = 2
  RENORM_34TO1ST = 0
  STRAIN_IFC_DIR = strain_IFC/

 Kpoint:
  KPMODE (1st entry for &kpoint) = 2


 Analysis:


 -----------------------------------------------------------------

                        MODE = QHA                           
                                                             
      QHA calculation to compute crystal structure           
      at finite temperatures.                                
      Harmonic to quartic force constants will be used.      

 -----------------------------------------------------------------

 ===================
  Crystal Structure 
 ===================

 Lattice Vectors:

 * Primitive cell  (from input file)

    6.114888e+00   0.000000e+00   0.000000e+00 : a1
   -3.057444e+00   5.295648e+00   0.000000e+00 : a2
    0.000000e+00   0.000000e+00   9.873275e+00 : a3

    1.027523e+00   5.932404e-01  -0.000000e+00 : b1
    0.000000e+00   1.186481e+00   0.000000e+00 : b2
    0.000000e+00  -0.000000e+00   6.363831e-01 : b3


  Volume of the primitive cell : 3.197193e+02 (a.u.)^3

  Number of atoms in the primitive cell: 4

  Atomic positions in the primitive cell (fractional):
   1:   3.333333e-01   6.666667e-01   7.329609e-04  Zn
   2:   6.666667e-01   3.333333e-01   5.007330e-01  Zn
   3:   3.333333e-01   6.666667e-01   3.795770e-01   O
   4:   6.666667e-01   3.333333e-01   8.795770e-01   O

  Mass of atomic species (u):
  Zn:   65.380000
   O:   15.999400


 * Supercell for harmonic 

       24.459552       0.000000      -0.000000 : a1
      -12.229776      21.182593       0.000000 : a2
        0.000000       0.000000      19.746550 : a3

  Transformation matrix:
        4.000000        0.000000        0.000000
       -0.000000        4.000000        0.000000
        0.000000        0.000000        2.000000

  Number of atoms in the supercell     : 128


 ==========
  Symmetry 
 ==========

  Primitive cell   Space group: P6_3mc (186)
  Distorted cell   Space group: P6_3mc (186)

  Number of symmetry operations : 12
  Number of symmetry operations in reference structure : 12


 ==========
  K points 
 ==========

  KPMODE = 2: Uniform grid
  Gamma-centered uniform grid with the following mesh density: 
  nk1:   8
  nk2:   8
  nk3:   8

  Number of k points : 512
  Number of irreducible k points : 80

  List of irreducible k points (reciprocal coordinate, weight) : 
      1:   0.00000e+00   0.00000e+00   0.00000e+00   0.001953
      2:   0.00000e+00   0.00000e+00   1.25000e-01   0.001953
      3:   0.00000e+00   0.00000e+00   2.50000e-01   0.001953
      4:   0.00000e+00   0.00000e+00   3.75000e-01   0.001953
      5:   0.00000e+00   0.00000e+00   5.00000e-01   0.001953
      6:   0.00000e+00   0.00000e+00  -3.75000e-01   0.001953
      7:   0.00000e+00   0.00000e+00  -2.50000e-01   0.001953
      8:   0.00000e+00   0.00000e+00  -1.25000e-01   0.001953
      9:   0.00000e+00   1.25000e-01   0.00000e+00   0.011719
     10:   0.00000e+00   1.25000e-01   1.25000e-01   0.011719
     11:   0.00000e+00   1.25000e-01   2.50000e-01   0.011719
     12:   0.00000e+00   1.25000e-01   3.75000e-01   0.011719
     13:   0.00000e+00   1.25000e-01  -5.00000e-01   0.011719
     14:   0.00000e+00   1.25000e-01  -3.75000e-01   0.011719
     15:   0.00000e+00   1.25000e-01  -2.50000e-01   0.011719
     16:   0.00000e+00   1.25000e-01  -1.25000e-01   0.011719
     17:   0.00000e+00   2.50000e-01   0.00000e+00   0.011719
     18:   0.00000e+00   2.50000e-01   1.25000e-01   0.011719
     19:   0.00000e+00   2.50000e-01   2.50000e-01   0.011719
     20:   0.00000e+00   2.50000e-01   3.75000e-01   0.011719
     21:   0.00000e+00   2.50000e-01  -5.00000e-01   0.011719
     22:   0.00000e+00   2.50000e-01  -3.75000e-01   0.011719
     23:   0.00000e+00   2.50000e-01  -2.50000e-01   0.011719
     24:   0.00000e+00   2.50000e-01  -1.25000e-01   0.011719
     25:   0.00000e+00   3.75000e-01   0.00000e+00   0.011719
     26:   0.00000e+00   3.75000e-01   1.25000e-01   0.011719
     27:   0.00000e+00   3.75000e-01   2.50000e-01   0.011719
     28:   0.00000e+00   3.75000e-01   3.75000e-01   0.011719
     29:   0.00000e+00   3.75000e-01  -5.00000e-01   0.011719
     30:   0.00000e+00   3.75000e-01  -3.75000e-01   0.011719
     31:   0.00000e+00   3.75000e-01  -2.50000e-01   0.011719
     32:   0.00000e+00   3.75000e-01  -1.25000e-01   0.011719
     33:   0.00000e+00   5.00000e-01   0.00000e+00   0.005859
     34:   0.00000e+00  -5.00000e-01   1.25000e-01   0.005859
     35:   0.00000e+00  -5.00000e-01   2.50000e-01   0.005859
     36:   0.00000e+00  -5.00000e-01   3.75000e-01   0.005859
     37:   0.00000e+00   5.00000e-01   5.00000e-01   0.005859
     38:   0.00000e+00   5.00000e-01  -3.75000e-01   0.005859
     39:   0.00000e+00   5.00000e-01  -2.50000e-01   0.005859
     40:   0.00000e+00   5.00000e-01  -1.25000e-01   0.005859
     41:   1.25000e-01   1.25000e-01   0.00000e+00   0.011719
     42:   1.25000e-01   1.25000e-01   1.25000e-01   0.011719
     43:   1.25000e-01   1.25000e-01   2.50000e-01   0.011719
     44:   1.25000e-01   1.25000e-01   3.75000e-01   0.011719
     45:   1.25000e-01   1.25000e-01  -5.00000e-01   0.011719
     46:   1.25000e-01   1.25000e-01  -3.75000e-01   0.011719
     47:   1.25000e-01   1.25000e-01  -2.50000e-01   0.011719
     48:   1.25000e-01   1.25000e-01  -1.25000e-01   0.011719
     49:   1.25000e-01   2.50000e-01   0.00000e+00   0.023438
     50:   1.25000e-01   2.50000e-01   1.25000e-01   0.023438
     51:   1.25000e-01   2.50000e-01   2.50000e-01   0.023438
     52:   1.25000e-01   2.50000e-01   3.75000e-01   0.023438
     53:   1.25000e-01   2.50000e-01  -5.00000e-01   0.023438
     54:   1.25000e-01   2.50000e-01  -3.75000e-01   0.023438
     55:   1.25000e-01   2.50000e-01  -2.50000e-01   0.023438
     56:   1.25000e-01   2.50000e-01  -1.25000e-01   0.023438
     57:   1.25000e-01   3.75000e-01   0.00000e+00   0.023438
     58:   1.25000e-01   3.75000e-01   1.25000e-01   0.023438
     59:   1.25000e-01   3.75000e-01   2.50000e-01   0.023438
     60:   1.25000e-01   3.75000e-01   3.75000e-01   0.023438
     61:   1.25000e-01   3.75000e-01  -5.00000e-01   0.023438
     62:   1.25000e-01   3.75000e-01  -3.75000e-01   0.023438
     63:   1.25000e-01   3.75000e-01  -2.50000e-01   0.023438
     64:   1.25000e-01   3.75000e-01  -1.25000e-01   0.023438
     65:   2.50000e-01   2.50000e-01   0.00000e+00   0.011719
     66:   2.50000e-01   2.50000e-01   1.25000e-01   0.011719
     67:   2.50000e-01   2.50000e-01   2.50000e-01   0.011719
     68:   2.50000e-01   2.50000e-01   3.75000e-01   0.011719
     69:   2.50000e-01   2.50000e-01  -5.00000e-01   0.011719
     70:   2.50000e-01   2.50000e-01  -3.75000e-01   0.011719
     71:   2.50000e-01   2.50000e-01  -2.50000e-01   0.011719
     72:   2.50000e-01   2.50000e-01  -1.25000e-01   0.011719
     73:   2.50000e-01   3.75000e-01   0.00000e+00   0.011719
     74:   2.50000e-01   3.75000e-01   1.25000e-01   0.011719
     75:   2.50000e-01   3.75000e-01   2.50000e-01   0.011719
     76:   2.50000e-01   3.75000e-01   3.75000e-01   0.011719
     77:   2.50000e-01   3.75000e-01  -5.00000e-01   0.011719
     78:   2.50000e-01   3.75000e-01  -3.75000e-01   0.011719
     79:   2.50000e-01   3.75000e-01  -2.50000e-01   0.011719
     80:   2.50000e-01   3.75000e-01  -1.25000e-01   0.011719


 ==================
  Dynamical matrix 
 ==================

  NONANALYTIC = 0 : No non-analytic correction. 


 =================
  Force Constants 
 =================

  Reading force constants from the FCSFILE ... done.

  Number of non-zero IFCs for 2 order: 5460
  Number of non-zero IFCs for 3 order: 283646
  Number of non-zero IFCs for 4 order: 530140

  Maximum deviation from the translational invariance: 
   Order 2 : 3.193111e-16
   Order 3 : 2.084151e-12
   Order 4 : 8.220083e-11


 ================
  BZ integration 
 ================

  General settings for DOS and 3-phonon scattering rates:
   ISMEAR = -1: Tetrahedron method

  Additional settings for 4-phonon scattering rates:
   ISMEAR_4PH = 1: Gaussian broadening with epsilon = 10.00 (cm^-1)

 
 -----------------------------------------------------------------


 Diagonalizing dynamical matrices for all k points ... done!
 Setting up the QHA calculations ...

  Gamma-centered uniform grid with the following mesh density:
  nk1:    4
  nk2:    4
  nk3:    2

  Number of k points : 32
  Number of irreducible k points : 8

  Fourier interpolation from reciprocal to real space
  will be performed with the following mesh density:
  nk1:    4
  nk2:    4
  nk3:    2

  Number of k points : 32
  Number of irreducible k points : 8

 Diagonalizing dynamical matrices for all k points ... done !
 Preparing for calculating V3 & V4  ... done!
 RELAX_STR = 2: Calculating derivatives of k-space IFCs by strain.

  - first-order derivatives of first-order IFCs (finite difference method) ...   done!
  - second-order derivatives of first-order IFCs (set zero) ...   done!
  - third-order derivatives of first-order IFCs (set zero) ...   done!
  - first-order derivatives of harmonic IFCs (finite displacement method)
    use inputs with all strain patterns ...   done!
  - second-order derivatives of harmonic IFCs (from quartic IFCs) ...   done!
  - first-order derivatives of cubic IFCs (from quartic IFCs) ...   done!

 Time Elapsed: 4.15 sec.

 Estimated memory usage for the V4 arrays per MPI process:     0.0856 GByte.
 SELF_OFFDIAG = 1: Calculating all components of v4_array ...  done !

 Time Elapsed: 4.4061 sec.

 SELF_OFFDIAG = 1: Calculating all components of v3_array ...  done !

 Time Elapsed: 4.4244 sec.

  Warning: file C1_array.in could not be open.
  The stress tensor at the reference structure is set zero.
 Start structural optimization.
  Internal coordinates and shape of the unit cell are relaxed.


 ================================================================
  Temperature = 1000.0000 K    (   1 of   11)
 ================================================================

 SET_INIT_STR = 2: set initial structure from the input file.

 Initial atomic displacements [Bohr] : 
    u_{0,x}   u_{0,y}   u_{0,z} :   0.000000e+00   0.000000e+00   0.000000e+00
    u_{1,x}   u_{1,y}   u_{1,z} :   0.000000e+00   0.000000e+00   0.000000e+00
    u_{2,x}   u_{2,y}   u_{2,z} :   0.000000e+00   0.000000e+00   0.000000e+00
    u_{3,x}   u_{3,y}   u_{3,z} :   0.000000e+00   0.000000e+00   0.000000e+00

 Initial strain (displacement gradient tensor u_{mu nu}) : 
    0.000000e+00   0.000000e+00   0.000000e+00
    0.000000e+00   0.000000e+00   0.000000e+00
    0.000000e+00   0.000000e+00   0.000000e+00

 Start structural optimization at 1.000000e+03 K.

 ----------------------------------------------------------------
  Structure opt. step    1 of 1000    (T = 1.000000e+03 K)
 ----------------------------------------------------------------

 Structure at this step :
  Lattice vectors [Bohr]:
   a1 :     6.11488790     0.00000000     0.00000000
   a2 :    -3.05744395     5.29564827     0.00000000
   a3 :     0.00000000     0.00000000     9.87327481
  Atomic positions (fractional):
   Zn   :     0.33333333     0.66666667     0.00073296
   Zn   :     0.66666667     0.33333333     0.50073296
   O    :     0.33333333     0.66666667     0.37957704
   O    :     0.66666667     0.33333333     0.87957704
  Stress tensor [GPa]:
     -2.567768e+00  -5.979951e-15  -1.334421e-16
     -5.504797e-15  -2.567768e+00   1.684862e-15
     -3.741367e-17   1.832334e-15  -2.611252e+00
  Pressure :   2.582262e+00 [GPa]
  Space group :  P6_3mc (#186)

 du0 =   3.497001e-03 [Bohr] du_tensor =   7.095624e-03
 |residual force| =   1.070524e-05 |residual stress| =   9.721112e-02

 ----------------------------------------------------------------
  Structure opt. step    2 of 1000    (T = 1.000000e+03 K)
 ----------------------------------------------------------------

 Structure at this step :
  Lattice vectors [Bohr]:
   a1 :     6.13959275     0.00000000     0.00000000
   a2 :    -3.06979638     5.31704329    -0.00000000
   a3 :     0.00000000    -0.00000000     9.91481636
  Atomic positions (fractional):
   Zn   :     0.33333333     0.66666667     0.00067368
   Zn   :     0.66666667     0.33333333     0.50067368
   O    :     0.33333333     0.66666667     0.37981929
   O    :     0.66666667     0.33333333     0.87981929
  Stress tensor [GPa]:
     -1.034829e+00  -1.126901e-12   2.045006e-16
     -1.126551e-12  -1.034829e+00   6.117497e-16
      3.127172e-16   8.156759e-16  -9.403690e-01
  Pressure :   1.003342e+00 [GPa]
  Space group :  P6_3mc (#186)

 du0 =   2.433474e-03 [Bohr] du_tensor =   2.787031e-03
 |residual force| =   7.006831e-06 |residual stress| =   3.811813e-02

 ----------------------------------------------------------------
  Structure opt. step    3 of 1000    (T = 1.000000e+03 K)
 ----------------------------------------------------------------

 Structure at this step :
  Lattice vectors [Bohr]:
   a1 :     6.14994625     0.00000000    -0.00000000
   a2 :    -3.07497312     5.32600968    -0.00000000
   a3 :    -0.00000000    -0.00000000     9.92889727
  Atomic positions (fractional):
   Zn   :     0.33333333     0.66666667     0.00063257
   Zn   :     0.66666667     0.33333333     0.50063257
   O    :     0.33333333     0.66666667     0.37998728
   O    :     0.66666667     0.33333333     0.87998728
  Stress tensor [GPa]:
     -4.485873e-01   5.612758e-13   8.831232e-17
      5.615754e-13  -4.485873e-01   1.518566e-16
      1.873789e-16   3.764587e-16  -3.302308e-01
  Pressure :   4.091352e-01 [GPa]
  Space group :  P6_3mc (#186)

 du0 =   2.033470e-03 [Bohr] du_tensor =   1.171084e-03
 |residual force| =   5.710248e-06 |residual stress| =   1.572178e-02

 ----------------------------------------------------------------
  Structure opt. step    4 of 1000    (T = 1.000000e+03 K)
 ----------------------------------------------------------------

 Structure at this step :
  Lattice vectors [Bohr]:
   a1 :     6.15466616     0.00000000    -0.00000000
   a2 :    -3.07733308     5.33009724    -0.00000000
   a3 :    -0.00000000    -0.00000000     9.93308458
  Atomic positions (fractional):
   Zn   :     0.33333333     0.66666667     0.00059820
   Zn   :     0.66666667     0.33333333     0.50059820
   O    :     0.33333333     0.66666667     0.38012772
   O    :     0.66666667     0.33333333     0.88012772
  Stress tensor [GPa]:
     -2.093208e-01   8.696768e-13  -3.142365e-16
      8.700031e-13  -2.093208e-01   3.133861e-16
     -2.288079e-16   5.008229e-16  -9.325297e-02
  Pressure :   1.706316e-01 [GPa]
  Space group :  P6_3mc (#186)

 du0 =   1.798668e-03 [Bohr] du_tensor =   5.513793e-04
 |residual force| =   4.992188e-06 |residual stress| =   6.830785e-03

 ----------------------------------------------------------------
  Structure opt. step    5 of 1000    (T = 1.000000e+03 K)
 ----------------------------------------------------------------

 Structure at this step :
  Lattice vectors [Bohr]:
   a1 :     6.15704274    -0.00000000    -0.00000000
   a2 :    -3.07852137     5.33215543    -0.00000000
   a3 :    -0.00000000    -0.00000000     9.93351638
  Atomic positions (fractional):
   Zn   :     0.33333333     0.66666667     0.00056777
   Zn   :     0.66666667     0.33333333     0.50056777
   O    :     0.33333333     0.66666667     0.38025206
   O    :     0.66666667     0.33333333     0.88025206
  Stress tensor [GPa]:
     -1.081293e-01   8.708924e-13  -1.529905e-16
      8.712358e-13  -1.081293e-01   1.039410e-16
     -6.278319e-17   3.102478e-16  -1.029424e-03
  Pressure :   7.242935e-02 [GPa]
  Space group :  P6_3mc (#186)

 du0 =   1.611610e-03 [Bohr] du_tensor =   3.294948e-04
 |residual force| =   4.444868e-06 |residual stress| =   3.366937e-03

 ----------------------------------------------------------------
  Structure opt. step    6 of 1000    (T = 1.000000e+03 K)
 ----------------------------------------------------------------

 Structure at this step :
  Lattice vectors [Bohr]:
   a1 :     6.15840405    -0.00000000    -0.00000000
   a2 :    -3.07920202     5.33333435    -0.00000000
   a3 :    -0.00000000    -0.00000000     9.93255679
  Atomic positions (fractional):
   Zn   :     0.33333333     0.66666667     0.00054049
   Zn   :     0.66666667     0.33333333     0.50054049
   O    :     0.33333333     0.66666667     0.38036357
   O    :     0.66666667     0.33333333     0.88036357
  Stress tensor [GPa]:
     -6.382270e-02   7.422202e-13  -2.821213e-17
      7.425784e-13  -6.382270e-02   1.557545e-17
      7.874384e-17   2.379081e-16   3.291786e-02
  Pressure :   3.157585e-02 [GPa]
  Space group :  P6_3mc (#186)

 du0 =   1.445140e-03 [Bohr] du_tensor =   2.520083e-04
 |residual force| =   3.969866e-06 |residual stress| =   2.115846e-03

 ----------------------------------------------------------------
  Structure opt. step    7 of 1000    (T = 1.000000e+03 K)
 ----------------------------------------------------------------

 Structure at this step :
  Lattice vectors [Bohr]:
   a1 :     6.15930238    -0.00000000    -0.00000000
   a2 :    -3.07965119     5.33411233    -0.00000000
   a3 :    -0.00000000    -0.00000000     9.93114855
  Atomic positions (fractional):
   Zn   :     0.33333333     0.66666667     0.00051600
   Zn   :     0.66666667     0.33333333     0.50051600
   O    :     0.33333333     0.66666667     0.38046363
   O    :     0.66666667     0.33333333     0.88046363
  Stress tensor [GPa]:
     -4.336474e-02   5.788350e-13  -1.434418e-16
      5.791846e-13  -4.336474e-02   2.850231e-16
     -1.699241e-17   5.279084e-16   4.324162e-02
  Pressure :   1.449595e-02 [GPa]
  Space group :  P6_3mc (#186)

 du0 =   1.293384e-03 [Bohr] du_tensor =   2.155857e-04
 |residual force| =   3.542696e-06 |residual stress| =   1.653142e-03

 ----------------------------------------------------------------
  Structure opt. step    8 of 1000    (T = 1.000000e+03 K)
 ----------------------------------------------------------------

 Structure at this step :
  Lattice vectors [Bohr]:
   a1 :     6.15997178    -0.00000000    -0.00000000
   a2 :    -3.07998589     5.33469205    -0.00000000
   a3 :    -0.00000000    -0.00000000     9.92966725
  Atomic positions (fractional):
   Zn   :     0.33333333     0.66666667     0.00049407
   Zn   :     0.66666667     0.33333333     0.50049407
   O    :     0.33333333     0.66666667     0.38055322
   O    :     0.66666667     0.33333333     0.88055322
  Stress tensor [GPa]:
     -3.305185e-02   4.165484e-13  -4.357927e-17
      4.168881e-13  -3.305185e-02  -6.540915e-17
      6.086863e-17   1.847034e-16   4.415078e-02
  Pressure :   7.317643e-03 [GPa]
  Space group :  P6_3mc (#186)

 du0 =   1.155087e-03 [Bohr] du_tensor =   1.900249e-04
 |residual force| =   3.156546e-06 |residual stress| =   1.416889e-03

 ----------------------------------------------------------------
  Structure opt. step    9 of 1000    (T = 1.000000e+03 K)
 ----------------------------------------------------------------

 Structure at this step :
  Lattice vectors [Bohr]:
   a1 :     6.16051364    -0.00000000    -0.00000000
   a2 :    -3.08025682     5.33516131    -0.00000000
   a3 :    -0.00000000    -0.00000000     9.92825688
  Atomic positions (fractional):
   Zn   :     0.33333333     0.66666667     0.00047449
   Zn   :     0.66666667     0.33333333     0.50047449
   O    :     0.33333333     0.66666667     0.38063327
   O    :     0.66666667     0.33333333     0.88063327
  Stress tensor [GPa]:
     -2.715050e-02   2.707752e-13  -2.420077e-16
      2.711581e-13  -2.715050e-02   3.583835e-16
     -1.564170e-16   5.774810e-16   4.150911e-02
  Pressure :   4.263961e-03 [GPa]
  Space group :  P6_3mc (#186)

 du0 =   1.029689e-03 [Bohr] du_tensor =   1.685098e-04
 |residual force| =   2.808338e-06 |residual stress| =   1.246275e-03

 ----------------------------------------------------------------
  Structure opt. step   10 of 1000    (T = 1.000000e+03 K)
 ----------------------------------------------------------------

 Structure at this step :
  Lattice vectors [Bohr]:
   a1 :     6.16097356    -0.00000000    -0.00000000
   a2 :    -3.08048678     5.33555961    -0.00000000
   a3 :    -0.00000000    -0.00000000     9.92696649
  Atomic positions (fractional):
   Zn   :     0.33333333     0.66666667     0.00045702
   Zn   :     0.66666667     0.33333333     0.50045702
   O    :     0.33333333     0.66666667     0.38070465
   O    :     0.66666667     0.33333333     0.88070465
  Stress tensor [GPa]:
     -2.324858e-02   1.460023e-13   5.223249e-17
      1.463827e-13  -2.324858e-02  -3.066366e-16
      1.655506e-16  -5.559199e-17   3.772488e-02
  Pressure :   2.924096e-03 [GPa]
  Space group :  P6_3mc (#186)

 du0 =   9.165414e-04 [Bohr] du_tensor =   1.495276e-04
 |residual force| =   2.495462e-06 |residual stress| =   1.103071e-03

 ----------------------------------------------------------------
  Structure opt. step   11 of 1000    (T = 1.000000e+03 K)
 ----------------------------------------------------------------

 Structure at this step :
  Lattice vectors [Bohr]:
   a1 :     6.16137355    -0.00000000    -0.00000000
   a2 :    -3.08068678     5.33590602    -0.00000000
   a3 :    -0.00000000    -0.00000000     9.92580661
  Atomic positions (fractional):
   Zn   :     0.33333333     0.66666667     0.00044147
   Zn   :     0.66666667     0.33333333     0.50044147
   O    :     0.33333333     0.66666667     0.38076821
   O    :     0.66666667     0.33333333     0.88076821
  Stress tensor [GPa]:
     -2.032420e-02   4.191385e-14  -2.419515e-16
      4.230413e-14  -2.032420e-02   2.491411e-16
     -1.207178e-16   4.758017e-16   3.376858e-02
  Pressure :   2.293276e-03 [GPa]
  Space group :  P6_3mc (#186)

 du0 =   8.148384e-04 [Bohr] du_tensor =   1.326265e-04
 |residual force| =   2.215203e-06 |residual stress| =   9.775730e-04

 ----------------------------------------------------------------
  Structure opt. step   12 of 1000    (T = 1.000000e+03 K)
 ----------------------------------------------------------------

 Structure at this step :
  Lattice vectors [Bohr]:
   a1 :     6.16172546    -0.00000000    -0.00000000
   a2 :    -3.08086273     5.33621078    -0.00000000
   a3 :    -0.00000000    -0.00000000     9.92477270
  Atomic positions (fractional):
   Zn   :     0.33333333     0.66666667     0.00042764
   Zn   :     0.66666667     0.33333333     0.50042764
   O    :     0.33333333     0.66666667     0.38082472
   O    :     0.66666667     0.33333333     0.88082472
  Stress tensor [GPa]:
     -1.793823e-02  -4.312542e-14   1.099473e-16
     -4.281638e-14  -1.793823e-02   1.839979e-16
      2.141983e-16   3.878180e-16   3.001286e-02
  Pressure :   1.954533e-03 [GPa]
  Space group :  P6_3mc (#186)

 du0 =   7.236916e-04 [Bohr] du_tensor =   1.175660e-04
 |residual force| =   1.964774e-06 |residual stress| =   8.663642e-04

 ----------------------------------------------------------------
  Structure opt. step   13 of 1000    (T = 1.000000e+03 K)
 ----------------------------------------------------------------

 Structure at this step :
  Lattice vectors [Bohr]:
   a1 :     6.16203665    -0.00000000    -0.00000000
   a2 :    -3.08101833     5.33648028    -0.00000000
   a3 :    -0.00000000    -0.00000000     9.92385485
  Atomic positions (fractional):
   Zn   :     0.33333333     0.66666667     0.00041535
   Zn   :     0.66666667     0.33333333     0.50041535
   O    :     0.33333333     0.66666667     0.38087493
   O    :     0.66666667     0.33333333     0.88087493
  Stress tensor [GPa]:
     -1.589615e-02  -1.109283e-13  -1.547026e-16
     -1.105478e-13  -1.589615e-02   1.253125e-16
     -5.116375e-17   3.220027e-16   2.658347e-02
  Pressure :   1.736278e-03 [GPa]
  Space group :  P6_3mc (#186)

 du0 =   6.421921e-04 [Bohr] du_tensor =   1.041564e-04
 |residual force| =   1.741430e-06 |residual stress| =   7.675545e-04

 ----------------------------------------------------------------
  Structure opt. step   14 of 1000    (T = 1.000000e+03 K)
 ----------------------------------------------------------------

 Structure at this step :
  Lattice vectors [Bohr]:
   a1 :     6.16231238    -0.00000000    -0.00000000
   a2 :    -3.08115619     5.33671906    -0.00000000
   a3 :    -0.00000000    -0.00000000     9.92304175
  Atomic positions (fractional):
   Zn   :     0.33333333     0.66666667     0.00040445
   Zn   :     0.66666667     0.33333333     0.50040445
   O    :     0.33333333     0.66666667     0.38091948
   O    :     0.66666667     0.33333333     0.88091948
  Stress tensor [GPa]:
     -1.410632e-02  -1.645202e-13  -7.671965e-17
     -1.640684e-13  -1.410632e-02   1.191327e-16
      2.272861e-17   3.254507e-16   2.350580e-02
  Pressure :   1.568949e-03 [GPa]
  Space group :  P6_3mc (#186)

 du0 =   5.694524e-04 [Bohr] du_tensor =   9.222872e-05
 |residual force| =   1.542544e-06 |residual stress| =   6.797321e-04

 ----------------------------------------------------------------
  Structure opt. step   15 of 1000    (T = 1.000000e+03 K)
 ----------------------------------------------------------------

 Structure at this step :
  Lattice vectors [Bohr]:
   a1 :     6.16255682    -0.00000000    -0.00000000
   a2 :    -3.08127841     5.33693075    -0.00000000
   a3 :    -0.00000000    -0.00000000     9.92232227
  Atomic positions (fractional):
   Zn   :     0.33333333     0.66666667     0.00039478
   Zn   :     0.66666667     0.33333333     0.50039478
   O    :     0.33333333     0.66666667     0.38095900
   O    :     0.66666667     0.33333333     0.88095900
  Stress tensor [GPa]:
     -1.252069e-02  -2.052855e-13  -2.719518e-16
     -2.048952e-13  -1.252069e-02  -2.241961e-17
     -1.484265e-16   1.866732e-16   2.076613e-02
  Pressure :   1.425084e-03 [GPa]
  Space group :  P6_3mc (#186)

 du0 =   5.046293e-04 [Bohr] du_tensor =   8.162945e-05
 |residual force| =   1.365661e-06 |residual stress| =   6.017049e-04

 ----------------------------------------------------------------
  Structure opt. step   16 of 1000    (T = 1.000000e+03 K)
 ----------------------------------------------------------------

 Structure at this step :
  Lattice vectors [Bohr]:
   a1 :     6.16277350    -0.00000000    -0.00000000
   a2 :    -3.08138675     5.33711841    -0.00000000
   a3 :    -0.00000000    -0.00000000     9.92168608
  Atomic positions (fractional):
   Zn   :     0.33333333     0.66666667     0.00038621
   Zn   :     0.66666667     0.33333333     0.50038621
   O    :     0.33333333     0.66666667     0.38099402
   O    :     0.66666667     0.33333333     0.88099402
  Stress tensor [GPa]:
     -1.110996e-02  -2.361364e-13   4.176096e-17
     -2.357325e-13  -1.110996e-02  -1.455417e-16
      1.218829e-16   7.806836e-17   1.833694e-02
  Pressure :   1.294328e-03 [GPa]
  Space group :  P6_3mc (#186)

 du0 =   4.469351e-04 [Bohr] du_tensor =   7.221879e-05
 |residual force| =   1.208512e-06 |residual stress| =   5.324225e-04

 ----------------------------------------------------------------
  Structure opt. step   17 of 1000    (T = 1.000000e+03 K)
 ----------------------------------------------------------------

 Structure at this step :
  Lattice vectors [Bohr]:
   a1 :     6.16296552    -0.00000000    -0.00000000
   a2 :    -3.08148276     5.33728470    -0.00000000
   a3 :    -0.00000000    -0.00000000     9.92112378
  Atomic positions (fractional):
   Zn   :     0.33333333     0.66666667     0.00037861
   Zn   :     0.66666667     0.33333333     0.50037861
   O    :     0.33333333     0.66666667     0.38102504
   O    :     0.66666667     0.33333333     0.88102504
  Stress tensor [GPa]:
     -9.853296e-03  -2.575625e-13   1.843710e-17
     -2.571081e-13  -9.853296e-03   2.212162e-16
      1.138723e-16   4.084659e-16   1.618734e-02
  Pressure :   1.173083e-03 [GPa]
  Space group :  P6_3mc (#186)

 du0 =   3.956425e-04 [Bohr] du_tensor =   6.386989e-05
 |residual force| =   1.069021e-06 |residual stress| =   4.709455e-04

 ----------------------------------------------------------------
  Structure opt. step   18 of 1000    (T = 1.000000e+03 K)
 ----------------------------------------------------------------

 Structure at this step :
  Lattice vectors [Bohr]:
   a1 :     6.16313561    -0.00000000    -0.00000000
   a2 :    -3.08156780     5.33743200    -0.00000000
   a3 :    -0.00000000    -0.00000000     9.92062697
  Atomic positions (fractional):
   Zn   :     0.33333333     0.66666667     0.00037189
   Zn   :     0.66666667     0.33333333     0.50037189
   O    :     0.33333333     0.66666667     0.38105251
   O    :     0.66666667     0.33333333     0.88105251
  Stress tensor [GPa]:
     -8.733984e-03  -2.725025e-13   7.491287e-17
     -2.721269e-13  -8.733984e-03  -2.167814e-16
      1.692840e-16   3.042312e-18   1.428716e-02
  Pressure :   1.060269e-03 [GPa]
  Space group :  P6_3mc (#186)

 du0 =   3.500846e-04 [Bohr] du_tensor =   5.646806e-05
 |residual force| =   9.453003e-07 |residual stress| =   4.164298e-04

 ----------------------------------------------------------------
  Structure opt. step   19 of 1000    (T = 1.000000e+03 K)
 ----------------------------------------------------------------

 Structure at this step :
  Lattice vectors [Bohr]:
   a1 :     6.16328620    -0.00000000    -0.00000000
   a2 :    -3.08164310     5.33756242    -0.00000000
   a3 :    -0.00000000    -0.00000000     9.92018812
  Atomic positions (fractional):
   Zn   :     0.33333333     0.66666667     0.00036595
   Zn   :     0.66666667     0.33333333     0.50036595
   O    :     0.33333333     0.66666667     0.38107681
   O    :     0.66666667     0.33333333     0.88107681
  Stress tensor [GPa]:
     -7.737670e-03  -2.814177e-13  -7.623172e-16
     -2.809977e-13  -7.737670e-03   8.457365e-17
     -6.656630e-16   2.921894e-16   1.260846e-02
  Pressure :   9.556278e-04 [GPa]
  Space group :  P6_3mc (#186)

 du0 =   3.096543e-04 [Bohr] du_tensor =   4.990986e-05
 |residual force| =   8.356411e-07 |residual stress| =   3.681159e-04

 ----------------------------------------------------------------
  Structure opt. step   20 of 1000    (T = 1.000000e+03 K)
 ----------------------------------------------------------------

 Structure at this step :
  Lattice vectors [Bohr]:
   a1 :     6.16341947    -0.00000000     0.00000000
   a2 :    -3.08170974     5.33767784    -0.00000000
   a3 :     0.00000000    -0.00000000     9.91980054
  Atomic positions (fractional):
   Zn   :     0.33333333     0.66666667     0.00036068
   Zn   :     0.66666667     0.33333333     0.50036068
   O    :     0.33333333     0.66666667     0.38109831
   O    :     0.66666667     0.33333333     0.88109831
  Stress tensor [GPa]:
     -6.851587e-03  -2.842721e-13   2.829507e-16
     -2.838669e-13  -6.851587e-03  -3.053015e-17
      3.916196e-16   2.023228e-16   1.112596e-02
  Pressure :   8.590718e-04 [GPa]
  Space group :  P6_3mc (#186)

 du0 =   2.738007e-04 [Bohr] du_tensor =   4.410227e-05
 |residual force| =   7.385028e-07 |residual stress| =   3.253219e-04

 ----------------------------------------------------------------
  Structure opt. step   21 of 1000    (T = 1.000000e+03 K)
 ----------------------------------------------------------------

 Structure at this step :
  Lattice vectors [Bohr]:
   a1 :     6.16353737    -0.00000000    -0.00000000
   a2 :    -3.08176869     5.33777994    -0.00000000
   a3 :    -0.00000000    -0.00000000     9.91945831
  Atomic positions (fractional):
   Zn   :     0.33333333     0.66666667     0.00035603
   Zn   :     0.66666667     0.33333333     0.50035603
   O    :     0.33333333     0.66666667     0.38111732
   O    :     0.66666667     0.33333333     0.88111732
  Stress tensor [GPa]:
     -6.064224e-03  -2.855140e-13  -3.681210e-17
     -2.850620e-13  -6.064224e-03   8.425121e-18
      5.354948e-17   2.152892e-16   9.817050e-03
  Pressure :   7.704660e-04 [GPa]
  Space group :  P6_3mc (#186)

 du0 =   2.420263e-04 [Bohr] du_tensor =   3.896181e-05
 |residual force| =   6.525003e-07 |residual stress| =   2.874356e-04

 ----------------------------------------------------------------
  Structure opt. step   22 of 1000    (T = 1.000000e+03 K)
 ----------------------------------------------------------------

 Structure at this step :
  Lattice vectors [Bohr]:
   a1 :     6.16364164    -0.00000000    -0.00000000
   a2 :    -3.08182082     5.33787024    -0.00000000
   a3 :    -0.00000000    -0.00000000     9.91915616
  Atomic positions (fractional):
   Zn   :     0.33333333     0.66666667     0.00035192
   Zn   :     0.66666667     0.33333333     0.50035192
   O    :     0.33333333     0.66666667     0.38113413
   O    :     0.66666667     0.33333333     0.88113413
  Stress tensor [GPa]:
     -5.365162e-03  -2.815070e-13   5.230294e-18
     -2.810722e-13  -5.365162e-03   6.567840e-18
      1.172817e-16   2.202445e-16   8.661608e-03
  Pressure :   6.895717e-04 [GPa]
  Space group :  P6_3mc (#186)

 du0 =   2.138830e-04 [Bohr] du_tensor =   3.441378e-05
 |residual force| =   5.763920e-07 |residual stress| =   2.539089e-04

 ----------------------------------------------------------------
  Structure opt. step   23 of 1000    (T = 1.000000e+03 K)
 ----------------------------------------------------------------

 Structure at this step :
  Lattice vectors [Bohr]:
   a1 :     6.16373382    -0.00000000    -0.00000000
   a2 :    -3.08186691     5.33795007    -0.00000000
   a3 :    -0.00000000    -0.00000000     9.91888943
  Atomic positions (fractional):
   Zn   :     0.33333333     0.66666667     0.00034829
   Zn   :     0.66666667     0.33333333     0.50034829
   O    :     0.33333333     0.66666667     0.38114898
   O    :     0.66666667     0.33333333     0.88114898
  Stress tensor [GPa]:
     -4.744967e-03  -2.758558e-13  -2.012838e-16
     -2.754235e-13  -4.744967e-03   1.250010e-16
     -1.127117e-16   3.200259e-16   7.641776e-03
  Pressure :   6.160527e-04 [GPa]
  Space group :  P6_3mc (#186)

 du0 =   1.889683e-04 [Bohr] du_tensor =   3.039139e-05
 |residual force| =   5.090665e-07 |residual stress| =   2.242516e-04

 ----------------------------------------------------------------
  Structure opt. step   24 of 1000    (T = 1.000000e+03 K)
 ----------------------------------------------------------------

 Structure at this step :
  Lattice vectors [Bohr]:
   a1 :     6.16381529    -0.00000000    -0.00000000
   a2 :    -3.08190765     5.33802063    -0.00000000
   a3 :    -0.00000000    -0.00000000     9.91865400
  Atomic positions (fractional):
   Zn   :     0.33333333     0.66666667     0.00034507
   Zn   :     0.66666667     0.33333333     0.50034507
   O    :     0.33333333     0.66666667     0.38116210
   O    :     0.66666667     0.33333333     0.88116210
  Stress tensor [GPa]:
     -4.195117e-03  -2.686655e-13  -1.957599e-16
     -2.682862e-13  -4.195117e-03   3.508107e-17
     -8.684241e-17   2.658560e-16   6.741734e-03
  Pressure :   5.495001e-04 [GPa]
  Space group :  P6_3mc (#186)

 du0 =   1.669216e-04 [Bohr] du_tensor =   2.683505e-05
 |residual force| =   4.495314e-07 |residual stress| =   1.980263e-04

 ----------------------------------------------------------------
  Structure opt. step   25 of 1000    (T = 1.000000e+03 K)
 ----------------------------------------------------------------

 Structure at this step :
  Lattice vectors [Bohr]:
   a1 :     6.16388728    -0.00000000    -0.00000000
   a2 :    -3.08194364     5.33808297    -0.00000000
   a3 :    -0.00000000    -0.00000000     9.91844621
  Atomic positions (fractional):
   Zn   :     0.33333333     0.66666667     0.00034224
   Zn   :     0.66666667     0.33333333     0.50034224
   O    :     0.33333333     0.66666667     0.38117369
   O    :     0.66666667     0.33333333     0.88117369
  Stress tensor [GPa]:
     -3.707929e-03  -2.590360e-13  -5.154222e-17
     -2.586629e-13  -3.707929e-03  -8.950894e-17
      3.139314e-17   1.347136e-16   5.947482e-03
  Pressure :   4.894590e-04 [GPa]
  Space group :  P6_3mc (#186)

 du0 =   1.474203e-04 [Bohr] du_tensor =   2.369167e-05
 |residual force| =   3.969016e-07 |residual stress| =   1.748428e-04

 ----------------------------------------------------------------
  Structure opt. step   26 of 1000    (T = 1.000000e+03 K)
 ----------------------------------------------------------------

 Structure at this step :
  Lattice vectors [Bohr]:
   a1 :     6.16395088    -0.00000000    -0.00000000
   a2 :    -3.08197544     5.33813805    -0.00000000
   a3 :    -0.00000000    -0.00000000     9.91826283
  Atomic positions (fractional):
   Zn   :     0.33333333     0.66666667     0.00033973
   Zn   :     0.66666667     0.33333333     0.50033973
   O    :     0.33333333     0.66666667     0.38118393
   O    :     0.66666667     0.33333333     0.88118393
  Stress tensor [GPa]:
     -3.276495e-03  -2.491759e-13   5.462421e-17
     -2.487929e-13  -3.276495e-03  -4.963052e-17
      1.693312e-16   1.609057e-16   5.246637e-03
  Pressure :   4.354512e-04 [GPa]
  Space group :  P6_3mc (#186)

 du0 =   1.301766e-04 [Bohr] du_tensor =   2.091402e-05
 |residual force| =   3.503889e-07 |residual stress| =   1.543539e-04

 ----------------------------------------------------------------
  Structure opt. step   27 of 1000    (T = 1.000000e+03 K)
 ----------------------------------------------------------------

 Structure at this step :
  Lattice vectors [Bohr]:
   a1 :     6.16400705     0.00000000    -0.00000000
   a2 :    -3.08200353     5.33818669    -0.00000000
   a3 :    -0.00000000    -0.00000000     9.91810101
  Atomic positions (fractional):
   Zn   :     0.33333333     0.66666667     0.00033752
   Zn   :     0.66666667     0.33333333     0.50033752
   O    :     0.33333333     0.66666667     0.38119297
   O    :     0.66666667     0.33333333     0.88119297
  Stress tensor [GPa]:
     -2.894616e-03  -2.380409e-13  -3.467100e-16
     -2.376025e-13  -2.894616e-03  -3.122962e-17
     -2.241650e-16   1.772415e-16   4.628253e-03
  Pressure :   3.869931e-04 [GPa]
  Space group :  P6_3mc (#186)

 du0 =   1.149336e-04 [Bohr] du_tensor =   1.846008e-05
 |residual force| =   3.092923e-07 |residual stress| =   1.362507e-04

 ----------------------------------------------------------------
  Structure opt. step   28 of 1000    (T = 1.000000e+03 K)
 ----------------------------------------------------------------

 Structure at this step :
  Lattice vectors [Bohr]:
   a1 :     6.16405666     0.00000000    -0.00000000
   a2 :    -3.08202833     5.33822965    -0.00000000
   a3 :    -0.00000000    -0.00000000     9.91795822
  Atomic positions (fractional):
   Zn   :     0.33333333     0.66666667     0.00033557
   Zn   :     0.66666667     0.33333333     0.50033557
   O    :     0.33333333     0.66666667     0.38120096
   O    :     0.66666667     0.33333333     0.88120096
  Stress tensor [GPa]:
     -2.556743e-03  -2.272152e-13   1.718704e-17
     -2.267066e-13  -2.556743e-03  -1.327970e-16
      1.108364e-16   1.002812e-16   4.082658e-03
  Pressure :   3.436095e-04 [GPa]
  Space group :  P6_3mc (#186)

 du0 =   1.014628e-04 [Bohr] du_tensor =   1.629256e-05
 |residual force| =   2.729888e-07 |residual stress| =   1.202588e-04

 ----------------------------------------------------------------
  Structure opt. step   29 of 1000    (T = 1.000000e+03 K)
 ----------------------------------------------------------------

 Structure at this step :
  Lattice vectors [Bohr]:
   a1 :     6.16410046     0.00000000    -0.00000000
   a2 :    -3.08205023     5.33826759    -0.00000000
   a3 :    -0.00000000    -0.00000000     9.91783223
  Atomic positions (fractional):
   Zn   :     0.33333333     0.66666667     0.00033384
   Zn   :     0.66666667     0.33333333     0.50033384
   O    :     0.33333333     0.66666667     0.38120800
   O    :     0.66666667     0.33333333     0.88120800
  Stress tensor [GPa]:
     -2.257917e-03  -2.145017e-13  -2.196788e-16
     -2.140608e-13  -2.257917e-03   1.595976e-16
     -1.077749e-16   3.832576e-16   3.601306e-03
  Pressure :   3.048423e-04 [GPa]
  Space group :  P6_3mc (#186)

 du0 =   8.956104e-05 [Bohr] du_tensor =   1.437837e-05
 |residual force| =   2.409254e-07 |residual stress| =   1.061346e-04

 ----------------------------------------------------------------
  Structure opt. step   30 of 1000    (T = 1.000000e+03 K)
 ----------------------------------------------------------------

 Structure at this step :
  Lattice vectors [Bohr]:
   a1 :     6.16413913     0.00000000    -0.00000000
   a2 :    -3.08206956     5.33830108    -0.00000000
   a3 :    -0.00000000    -0.00000000     9.91772107
  Atomic positions (fractional):
   Zn   :     0.33333333     0.66666667     0.00033232
   Zn   :     0.66666667     0.33333333     0.50033232
   O    :     0.33333333     0.66666667     0.38121422
   O    :     0.66666667     0.33333333     0.88121422
  Stress tensor [GPa]:
     -1.993710e-03  -2.036706e-13  -6.688262e-17
     -2.031681e-13  -1.993710e-03  -1.021243e-16
      3.755821e-17   1.064607e-16   3.176650e-03
  Pressure :   2.702570e-04 [GPa]
  Space group :  P6_3mc (#186)

 du0 =   7.904769e-05 [Bohr] du_tensor =   1.268816e-05
 |residual force| =   2.126116e-07 |residual stress| =   9.366202e-05

 ----------------------------------------------------------------
  Structure opt. step   31 of 1000    (T = 1.000000e+03 K)
 ----------------------------------------------------------------

 Structure at this step :
  Lattice vectors [Bohr]:
   a1 :     6.16417326     0.00000000    -0.00000000
   a2 :    -3.08208663     5.33833064    -0.00000000
   a3 :    -0.00000000    -0.00000000     9.91762300
  Atomic positions (fractional):
   Zn   :     0.33333333     0.66666667     0.00033098
   Zn   :     0.66666667     0.33333333     0.50033098
   O    :     0.33333333     0.66666667     0.38121971
   O    :     0.66666667     0.33333333     0.88121971
  Stress tensor [GPa]:
     -1.760182e-03  -1.919792e-13   5.032136e-17
     -1.915185e-13  -1.760182e-03   4.050352e-16
      1.379354e-16   6.074326e-16   2.802024e-03
  Pressure :   2.394463e-04 [GPa]
  Space group :  P6_3mc (#186)

 du0 =   6.976250e-05 [Bohr] du_tensor =   1.119593e-05
 |residual force| =   1.876125e-07 |residual stress| =   8.264954e-05

 ----------------------------------------------------------------
  Structure opt. step   32 of 1000    (T = 1.000000e+03 K)
 ----------------------------------------------------------------

 Structure at this step :
  Lattice vectors [Bohr]:
   a1 :     6.16420339     0.00000000    -0.00000000
   a2 :    -3.08210170     5.33835673    -0.00000000
   a3 :    -0.00000000    -0.00000000     9.91753648
  Atomic positions (fractional):
   Zn   :     0.33333333     0.66666667     0.00032979
   Zn   :     0.66666667     0.33333333     0.50032979
   O    :     0.33333333     0.66666667     0.38122456
   O    :     0.66666667     0.33333333     0.88122456
  Stress tensor [GPa]:
     -1.553821e-03  -1.803143e-13  -2.055593e-16
     -1.798118e-13  -1.553821e-03  -3.457380e-16
     -9.237916e-17  -8.504424e-17   2.471545e-03
  Pressure :   2.120323e-04 [GPa]
  Space group :  P6_3mc (#186)

 du0 =   6.156333e-05 [Bohr] du_tensor =   9.878635e-06
 |residual force| =   1.655429e-07 |residual stress| =   7.292748e-05

 ----------------------------------------------------------------
  Structure opt. step   33 of 1000    (T = 1.000000e+03 K)
 ----------------------------------------------------------------

 Structure at this step :
  Lattice vectors [Bohr]:
   a1 :     6.16422998     0.00000000    -0.00000000
   a2 :    -3.08211499     5.33837976    -0.00000000
   a3 :    -0.00000000    -0.00000000     9.91746015
  Atomic positions (fractional):
   Zn   :     0.33333333     0.66666667     0.00032874
   Zn   :     0.66666667     0.33333333     0.50032874
   O    :     0.33333333     0.66666667     0.38122884
   O    :     0.66666667     0.33333333     0.88122884
  Stress tensor [GPa]:
     -1.371509e-03  -1.699546e-13  -9.019861e-17
     -1.695839e-13  -1.371509e-03   9.544908e-17
      1.107939e-17   2.826084e-16   2.180018e-03
  Pressure :   1.876668e-04 [GPa]
  Space group :  P6_3mc (#186)

 du0 =   5.432418e-05 [Bohr] du_tensor =   8.715902e-06
 |residual force| =   1.460617e-07 |residual stress| =   6.434560e-05

 ----------------------------------------------------------------
  Structure opt. step   34 of 1000    (T = 1.000000e+03 K)
 ----------------------------------------------------------------

 Structure at this step :
  Lattice vectors [Bohr]:
   a1 :     6.16425345     0.00000000    -0.00000000
   a2 :    -3.08212673     5.33840008    -0.00000000
   a3 :    -0.00000000    -0.00000000     9.91739282
  Atomic positions (fractional):
   Zn   :     0.33333333     0.66666667     0.00032782
   Zn   :     0.66666667     0.33333333     0.50032782
   O    :     0.33333333     0.66666667     0.38123261
   O    :     0.66666667     0.33333333     0.88123261
  Stress tensor [GPa]:
     -1.210475e-03  -1.583876e-13  -1.257878e-16
     -1.578888e-13  -1.210475e-03   1.911691e-16
     -3.141137e-17   4.374917e-16   1.922857e-03
  Pressure :   1.660312e-04 [GPa]
  Space group :  P6_3mc (#186)

 du0 =   4.793346e-05 [Bohr] du_tensor =   7.689689e-06
 |residual force| =   1.288671e-07 |residual stress| =   5.677095e-05

 ----------------------------------------------------------------
  Structure opt. step   35 of 1000    (T = 1.000000e+03 K)
 ----------------------------------------------------------------

 Structure at this step :
  Lattice vectors [Bohr]:
   a1 :     6.16427416     0.00000000    -0.00000000
   a2 :    -3.08213708     5.33841802    -0.00000000
   a3 :    -0.00000000    -0.00000000     9.91733342
  Atomic positions (fractional):
   Zn   :     0.33333333     0.66666667     0.00032701
   Zn   :     0.66666667     0.33333333     0.50032701
   O    :     0.33333333     0.66666667     0.38123594
   O    :     0.66666667     0.33333333     0.88123594
  Stress tensor [GPa]:
     -1.068262e-03  -1.479731e-13  -7.360884e-18
     -1.474965e-13  -1.068262e-03  -1.773068e-16
      7.635747e-17   6.215549e-17   1.696016e-03
  Pressure :   1.468355e-04 [GPa]
  Space group :  P6_3mc (#186)

 du0 =   4.229235e-05 [Bohr] du_tensor =   6.784041e-06
 |residual force| =   1.136920e-07 |residual stress| =   5.008589e-05

 ----------------------------------------------------------------
  Structure opt. step   36 of 1000    (T = 1.000000e+03 K)
 ----------------------------------------------------------------

 Structure at this step :
  Lattice vectors [Bohr]:
   a1 :     6.16429243     0.00000000    -0.00000000
   a2 :    -3.08214622     5.33843384    -0.00000000
   a3 :    -0.00000000    -0.00000000     9.91728102
  Atomic positions (fractional):
   Zn   :     0.33333333     0.66666667     0.00032629
   Zn   :     0.66666667     0.33333333     0.50032629
   O    :     0.33333333     0.66666667     0.38123888
   O    :     0.66666667     0.33333333     0.88123888
  Stress tensor [GPa]:
     -9.426875e-04  -1.378491e-13  -2.911534e-16
     -1.374106e-13  -9.426875e-04   1.916867e-17
     -1.610407e-16   2.379689e-16   1.495924e-03
  Pressure :   1.298168e-04 [GPa]
  Space group :  P6_3mc (#186)

 du0 =   3.731341e-05 [Bohr] du_tensor =   5.984852e-06
 |residual force| =   1.003002e-07 |residual stress| =   4.418642e-05

 ----------------------------------------------------------------
  Structure opt. step   37 of 1000    (T = 1.000000e+03 K)
 ----------------------------------------------------------------

 Structure at this step :
  Lattice vectors [Bohr]:
   a1 :     6.16430855     0.00000000    -0.00000000
   a2 :    -3.08215428     5.33844781    -0.00000000
   a3 :    -0.00000000    -0.00000000     9.91723481
  Atomic positions (fractional):
   Zn   :     0.33333333     0.66666667     0.00032565
   Zn   :     0.66666667     0.33333333     0.50032565
   O    :     0.33333333     0.66666667     0.38124147
   O    :     0.66666667     0.33333333     0.88124147
  Stress tensor [GPa]:
     -8.318214e-04  -1.293002e-13   3.620401e-17
     -1.288384e-13  -8.318214e-04   6.997044e-17
      1.625742e-16   2.592288e-16   1.319430e-03
  Pressure :   1.147377e-04 [GPa]
  Space group :  P6_3mc (#186)

 du0 =   3.291929e-05 [Bohr] du_tensor =   5.279652e-06
 |residual force| =   8.848304e-08 |residual stress| =   3.898057e-05

 ----------------------------------------------------------------
  Structure opt. step   38 of 1000    (T = 1.000000e+03 K)
 ----------------------------------------------------------------

 Structure at this step :
  Lattice vectors [Bohr]:
   a1 :     6.16432278     0.00000000    -0.00000000
   a2 :    -3.08216139     5.33846012    -0.00000000
   a3 :    -0.00000000    -0.00000000     9.91719404
  Atomic positions (fractional):
   Zn   :     0.33333333     0.66666667     0.00032509
   Zn   :     0.66666667     0.33333333     0.50032509
   O    :     0.33333333     0.66666667     0.38124376
   O    :     0.66666667     0.33333333     0.88124376
  Stress tensor [GPa]:
     -7.339525e-04  -1.192721e-13  -1.221044e-16
     -1.187720e-13  -7.339525e-04  -2.329907e-17
     -1.539875e-17   2.035007e-16   1.163751e-03
  Pressure :   1.013846e-04 [GPa]
  Space group :  P6_3mc (#186)

 du0 =   2.904161e-05 [Bohr] du_tensor =   4.657423e-06
 |residual force| =   7.805594e-08 |residual stress| =   3.438707e-05

 ----------------------------------------------------------------
  Structure opt. step   39 of 1000    (T = 1.000000e+03 K)
 ----------------------------------------------------------------

 Structure at this step :
  Lattice vectors [Bohr]:
   a1 :     6.16433533     0.00000000    -0.00000000
   a2 :    -3.08216767     5.33847099    -0.00000000
   a3 :    -0.00000000    -0.00000000     9.91715807
  Atomic positions (fractional):
   Zn   :     0.33333333     0.66666667     0.00032460
   Zn   :     0.66666667     0.33333333     0.50032460
   O    :     0.33333333     0.66666667     0.38124577
   O    :     0.66666667     0.33333333     0.88124577
  Stress tensor [GPa]:
     -6.475662e-04  -1.113684e-13  -2.251885e-16
     -1.109238e-13  -6.475662e-04  -1.141136e-16
     -1.083874e-16   1.046650e-16   1.026436e-03
  Pressure :   8.956561e-05 [GPa]
  Space group :  P6_3mc (#186)

 du0 =   2.561988e-05 [Bohr] du_tensor =   4.108430e-06
 |residual force| =   6.885589e-08 |residual stress| =   3.033411e-05

 ----------------------------------------------------------------
  Structure opt. step   40 of 1000    (T = 1.000000e+03 K)
 ----------------------------------------------------------------

 Structure at this step :
  Lattice vectors [Bohr]:
   a1 :     6.16434640     0.00000000    -0.00000000
   a2 :    -3.08217320     5.33848058    -0.00000000
   a3 :    -0.00000000    -0.00000000     9.91712635
  Atomic positions (fractional):
   Zn   :     0.33333333     0.66666667     0.00032416
   Zn   :     0.66666667     0.33333333     0.50032416
   O    :     0.33333333     0.66666667     0.38124755
   O    :     0.66666667     0.33333333     0.88124755
  Stress tensor [GPa]:
     -5.713225e-04  -1.028476e-13   1.202658e-16
     -1.023894e-13  -5.713225e-04   2.946588e-17
      2.186153e-16   2.684776e-16   9.053181e-04
  Pressure :   7.910897e-05 [GPa]
  Space group :  P6_3mc (#186)

 du0 =   2.260068e-05 [Bohr] du_tensor =   3.624075e-06
 |residual force| =   6.073886e-08 |residual stress| =   2.675825e-05

 ----------------------------------------------------------------
  Structure opt. step   41 of 1000    (T = 1.000000e+03 K)
 ----------------------------------------------------------------

 Structure at this step :
  Lattice vectors [Bohr]:
   a1 :     6.16435617     0.00000000    -0.00000000
   a2 :    -3.08217809     5.33848904    -0.00000000
   a3 :    -0.00000000    -0.00000000     9.91709837
  Atomic positions (fractional):
   Zn   :     0.33333333     0.66666667     0.00032378
   Zn   :     0.66666667     0.33333333     0.50032378
   O    :     0.33333333     0.66666667     0.38124912
   O    :     0.66666667     0.33333333     0.88124912
  Stress tensor [GPa]:
     -5.040361e-04  -9.544142e-14  -3.276571e-16
     -9.495369e-14  -5.040361e-04   2.547595e-17
     -2.315524e-16   2.527768e-16   7.984889e-04
  Pressure :   6.986109e-05 [GPa]
  Space group :  P6_3mc (#186)

 du0 =   1.993679e-05 [Bohr] du_tensor =   3.196764e-06
 |residual force| =   5.357767e-08 |residual stress| =   2.360346e-05

 ----------------------------------------------------------------
  Structure opt. step   42 of 1000    (T = 1.000000e+03 K)
 ----------------------------------------------------------------

 Structure at this step :
  Lattice vectors [Bohr]:
   a1 :     6.16436479     0.00000000    -0.00000000
   a2 :    -3.08218239     5.33849650    -0.00000000
   a3 :    -0.00000000    -0.00000000     9.91707369
  Atomic positions (fractional):
   Zn   :     0.33333333     0.66666667     0.00032344
   Zn   :     0.66666667     0.33333333     0.50032344
   O    :     0.33333333     0.66666667     0.38125051
   O    :     0.66666667     0.33333333     0.88125051
  Stress tensor [GPa]:
     -4.446590e-04  -8.826308e-14  -6.688063e-17
     -8.780984e-14  -4.446590e-04  -1.190262e-16
      5.111207e-17   1.188374e-16   7.042632e-04
  Pressure :   6.168494e-05 [GPa]
  Space group :  P6_3mc (#186)

 du0 =   1.758651e-05 [Bohr] du_tensor =   2.819792e-06
 |residual force| =   4.725999e-08 |residual stress| =   2.082026e-05

 ----------------------------------------------------------------
  Structure opt. step   43 of 1000    (T = 1.000000e+03 K)
 ----------------------------------------------------------------

 Structure at this step :
  Lattice vectors [Bohr]:
   a1 :     6.16437239     0.00000000    -0.00000000
   a2 :    -3.08218619     5.33850309    -0.00000000
   a3 :    -0.00000000    -0.00000000     9.91705193
  Atomic positions (fractional):
   Zn   :     0.33333333     0.66666667     0.00032314
   Zn   :     0.66666667     0.33333333     0.50032314
   O    :     0.33333333     0.66666667     0.38125173
   O    :     0.66666667     0.33333333     0.88125173
  Stress tensor [GPa]:
     -3.922649e-04  -8.135816e-14  -1.908256e-16
     -8.088890e-14  -3.922649e-04  -8.528003e-17
     -9.668591e-17   1.440888e-16   6.211547e-04
  Pressure :   5.445840e-05 [GPa]
  Space group :  P6_3mc (#186)

 du0 =   1.551301e-05 [Bohr] du_tensor =   2.487238e-06
 |residual force| =   4.168663e-08 |residual stress| =   1.836496e-05

 ----------------------------------------------------------------
  Structure opt. step   44 of 1000    (T = 1.000000e+03 K)
 ----------------------------------------------------------------

 Structure at this step :
  Lattice vectors [Bohr]:
   a1 :     6.16437909     0.00000000    -0.00000000
   a2 :    -3.08218955     5.33850889    -0.00000000
   a3 :    -0.00000000    -0.00000000     9.91703273
  Atomic positions (fractional):
   Zn   :     0.33333333     0.66666667     0.00032288
   Zn   :     0.66666667     0.33333333     0.50032288
   O    :     0.33333333     0.66666667     0.38125281
   O    :     0.66666667     0.33333333     0.88125281
  Stress tensor [GPa]:
     -3.460352e-04  -7.529075e-14  -1.104404e-17
     -7.484982e-14  -3.460352e-04   2.294899e-16
      8.005642e-17   4.458454e-16   5.478520e-04
  Pressure :   4.807282e-05 [GPa]
  Space group :  P6_3mc (#186)

 du0 =   1.368374e-05 [Bohr] du_tensor =   2.193877e-06
 |residual force| =   3.677006e-08 |residual stress| =   1.619900e-05

 ----------------------------------------------------------------
  Structure opt. step   45 of 1000    (T = 1.000000e+03 K)
 ----------------------------------------------------------------

 Structure at this step :
  Lattice vectors [Bohr]:
   a1 :     6.16438501     0.00000000    -0.00000000
   a2 :    -3.08219250     5.33851402    -0.00000000
   a3 :    -0.00000000    -0.00000000     9.91701579
  Atomic positions (fractional):
   Zn   :     0.33333333     0.66666667     0.00032264
   Zn   :     0.66666667     0.33333333     0.50032264
   O    :     0.33333333     0.66666667     0.38125376
   O    :     0.66666667     0.33333333     0.88125376
  Stress tensor [GPa]:
     -3.052467e-04  -6.944382e-14  -1.650544e-16
     -6.900782e-14  -3.052467e-04  -1.895913e-16
     -6.404693e-17   2.646898e-17   4.831986e-04
  Pressure :   4.243158e-05 [GPa]
  Space group :  P6_3mc (#186)

 du0 =   1.207000e-05 [Bohr] du_tensor =   1.935095e-06
 |residual force| =   3.243297e-08 |residual stress| =   1.428831e-05

 ----------------------------------------------------------------
  Structure opt. step   46 of 1000    (T = 1.000000e+03 K)
 ----------------------------------------------------------------

 Structure at this step :
  Lattice vectors [Bohr]:
   a1 :     6.16439023     0.00000000    -0.00000000
   a2 :    -3.08219511     5.33851853    -0.00000000
   a3 :    -0.00000000    -0.00000000     9.91700086
  Atomic positions (fractional):
   Zn   :     0.33333333     0.66666667     0.00032244
   Zn   :     0.66666667     0.33333333     0.50032244
   O    :     0.33333333     0.66666667     0.38125460
   O    :     0.66666667     0.33333333     0.88125460
  Stress tensor [GPa]:
     -2.692604e-04  -6.401689e-14   9.587335e-17
     -6.351314e-14  -2.692604e-04   1.199622e-16
      2.032220e-16   3.325366e-16   4.261742e-04
  Pressure :   3.744891e-05 [GPa]
  Space group :  P6_3mc (#186)

 du0 =   1.064643e-05 [Bohr] du_tensor =   1.706822e-06
 |residual force| =   2.860715e-08 |residual stress| =   1.260287e-05

 ----------------------------------------------------------------
  Structure opt. step   47 of 1000    (T = 1.000000e+03 K)
 ----------------------------------------------------------------

 Structure at this step :
  Lattice vectors [Bohr]:
   a1 :     6.16439483     0.00000000    -0.00000000
   a2 :    -3.08219741     5.33852252    -0.00000000
   a3 :    -0.00000000    -0.00000000     9.91698768
  Atomic positions (fractional):
   Zn   :     0.33333333     0.66666667     0.00032226
   Zn   :     0.66666667     0.33333333     0.50032226
   O    :     0.33333333     0.66666667     0.38125534
   O    :     0.66666667     0.33333333     0.88125534
  Stress tensor [GPa]:
     -2.375124e-04  -5.887695e-14  -1.466462e-16
     -5.841631e-14  -2.375124e-04  -2.530985e-16
     -4.310900e-17  -3.603467e-17   3.758787e-04
  Pressure :   3.304868e-05 [GPa]
  Space group :  P6_3mc (#186)

 du0 =   9.390654e-06 [Bohr] du_tensor =   1.505464e-06
 |residual force| =   2.523240e-08 |residual stress| =   1.111613e-05


 du0 is smaller than COORD_CONV_TOL =    1.000000e-05
 du_tensor is smaller than CELL_CONV_TOL =    1.000000e-05
 Structural optimization converged in 47-th loop.

 break structural loop.


 Optimization history at 1.000000e+03 K :
 -------------------------------------------------------------------------
   step    du0 [Bohr]    du_tensor      |force|       |stress|    space group
 -------------------------------------------------------------------------
      1     3.497e-03    7.096e-03    1.071e-05     9.721e-02    P6_3mc (#186)
      2     2.433e-03    2.787e-03    7.007e-06     3.812e-02    P6_3mc (#186)
      3     2.033e-03    1.171e-03    5.710e-06     1.572e-02    P6_3mc (#186)
      4     1.799e-03    5.514e-04    4.992e-06     6.831e-03    P6_3mc (#186)
      5     1.612e-03    3.295e-04    4.445e-06     3.367e-03    P6_3mc (#186)
      6     1.445e-03    2.520e-04    3.970e-06     2.116e-03    P6_3mc (#186)
      7     1.293e-03    2.156e-04    3.543e-06     1.653e-03    P6_3mc (#186)
      8     1.155e-03    1.900e-04    3.157e-06     1.417e-03    P6_3mc (#186)
      9     1.030e-03    1.685e-04    2.808e-06     1.246e-03    P6_3mc (#186)
     10     9.165e-04    1.495e-04    2.495e-06     1.103e-03    P6_3mc (#186)
     11     8.148e-04    1.326e-04    2.215e-06     9.776e-04    P6_3mc (#186)
     12     7.237e-04    1.176e-04    1.965e-06     8.664e-04    P6_3mc (#186)
     13     6.422e-04    1.042e-04    1.741e-06     7.676e-04    P6_3mc (#186)
     14     5.695e-04    9.223e-05    1.543e-06     6.797e-04    P6_3mc (#186)
     15     5.046e-04    8.163e-05    1.366e-06     6.017e-04    P6_3mc (#186)
     16     4.469e-04    7.222e-05    1.209e-06     5.324e-04    P6_3mc (#186)
     17     3.956e-04    6.387e-05    1.069e-06     4.709e-04    P6_3mc (#186)
     18     3.501e-04    5.647e-05    9.453e-07     4.164e-04    P6_3mc (#186)
     19     3.097e-04    4.991e-05    8.356e-07     3.681e-04    P6_3mc (#186)
     20     2.738e-04    4.410e-05    7.385e-07     3.253e-04    P6_3mc (#186)
     21     2.420e-04    3.896e-05    6.525e-07     2.874e-04    P6_3mc (#186)
     22     2.139e-04    3.441e-05    5.764e-07     2.539e-04    P6_3mc (#186)
     23     1.890e-04    3.039e-05    5.091e-07     2.243e-04    P6_3mc (#186)
     24     1.669e-04    2.684e-05    4.495e-07     1.980e-04    P6_3mc (#186)
     25     1.474e-04    2.369e-05    3.969e-07     1.748e-04    P6_3mc (#186)
     26     1.302e-04    2.091e-05    3.504e-07     1.544e-04    P6_3mc (#186)
     27     1.149e-04    1.846e-05    3.093e-07     1.363e-04    P6_3mc (#186)
     28     1.015e-04    1.629e-05    2.730e-07     1.203e-04    P6_3mc (#186)
     29     8.956e-05    1.438e-05    2.409e-07     1.061e-04    P6_3mc (#186)
     30     7.905e-05    1.269e-05    2.126e-07     9.366e-05    P6_3mc (#186)
     31     6.976e-05    1.120e-05    1.876e-07     8.265e-05    P6_3mc (#186)
     32     6.156e-05    9.879e-06    1.655e-07     7.293e-05    P6_3mc (#186)
     33     5.432e-05    8.716e-06    1.461e-07     6.435e-05    P6_3mc (#186)
     34     4.793e-05    7.690e-06    1.289e-07     5.677e-05    P6_3mc (#186)
     35     4.229e-05    6.784e-06    1.137e-07     5.009e-05    P6_3mc (#186)
     36     3.731e-05    5.985e-06    1.003e-07     4.419e-05    P6_3mc (#186)
     37     3.292e-05    5.280e-06    8.848e-08     3.898e-05    P6_3mc (#186)
     38     2.904e-05    4.657e-06    7.806e-08     3.439e-05    P6_3mc (#186)
     39     2.562e-05    4.108e-06    6.886e-08     3.033e-05    P6_3mc (#186)
     40     2.260e-05    3.624e-06    6.074e-08     2.676e-05    P6_3mc (#186)
     41     1.994e-05    3.197e-06    5.358e-08     2.360e-05    P6_3mc (#186)
     42     1.759e-05    2.820e-06    4.726e-08     2.082e-05    P6_3mc (#186)
     43     1.551e-05    2.487e-06    4.169e-08     1.836e-05    P6_3mc (#186)
     44     1.368e-05    2.194e-06    3.677e-08     1.620e-05    P6_3mc (#186)
     45     1.207e-05    1.935e-06    3.243e-08     1.429e-05    P6_3mc (#186)
     46     1.065e-05    1.707e-06    2.861e-08     1.260e-05    P6_3mc (#186)
     47     9.391e-06    1.505e-06    2.523e-08     1.112e-05    P6_3mc (#186)
 -------------------------------------------------------------------------
 ----------------------------------------------------------------
 Final atomic displacements [Bohr] at 1.000e+03 K
    u_{0,x}   u_{0,y}   u_{0,z} :  -1.066757e-12   6.167383e-13  -4.074510e-03
    u_{1,x}   u_{1,y}   u_{1,z} :   1.066760e-12  -6.167136e-13  -4.074510e-03
    u_{2,x}   u_{2,y}   u_{2,z} :   1.064884e-12  -6.155115e-13   1.665009e-02
    u_{3,x}   u_{3,y}   u_{3,z} :  -1.064895e-12   6.154151e-13   1.665009e-02

 Final strain (displacement gradient tensor u_{mu nu}) : 
    8.096793e-03   1.160569e-14  -2.746351e-18
    1.160569e-14   8.096793e-03  -2.194245e-17
   -2.746351e-18  -2.194245e-17   4.426217e-03

 Final structure at 1.000000e+03 K :
  Lattice vectors [Bohr]:
   a1 :     6.16439889     0.00000000    -0.00000000
   a2 :    -3.08219944     5.33852604    -0.00000000
   a3 :    -0.00000000    -0.00000000     9.91697606
  Atomic positions (fractional):
   Zn   :     0.33333333     0.66666667     0.00032210
   Zn   :     0.66666667     0.33333333     0.50032210
   O    :     0.33333333     0.66666667     0.38125599
   O    :     0.66666667     0.33333333     0.88125599
  Space group :  P6_3mc (#186)


 ================================================================
  Temperature = 9.00000000e+02 K    (   2 of   11)
 ================================================================

 SET_INIT_STR = 2: start from structure from the previous temperature.

 Initial atomic displacements [Bohr] : 
    u_{0,x}   u_{0,y}   u_{0,z} :  -1.066757e-12   6.167383e-13  -4.074510e-03
    u_{1,x}   u_{1,y}   u_{1,z} :   1.066760e-12  -6.167136e-13  -4.074510e-03
    u_{2,x}   u_{2,y}   u_{2,z} :   1.064884e-12  -6.155115e-13   1.665009e-02
    u_{3,x}   u_{3,y}   u_{3,z} :  -1.064895e-12   6.154151e-13   1.665009e-02

 Initial strain (displacement gradient tensor u_{mu nu}) : 
    8.096793e-03   1.160569e-14  -2.746351e-18
    1.160569e-14   8.096793e-03  -2.194245e-17
   -2.746351e-18  -2.194245e-17   4.426217e-03

 Start structural optimization at 9.000000e+02 K.

 ----------------------------------------------------------------
  Structure opt. step    1 of 1000    (T = 9.000000e+02 K)
 ----------------------------------------------------------------

 Structure at this step :
  Lattice vectors [Bohr]:
   a1 :     6.16439889     0.00000000    -0.00000000
   a2 :    -3.08219944     5.33852604    -0.00000000
   a3 :    -0.00000000    -0.00000000     9.91697606
  Atomic positions (fractional):
   Zn   :     0.33333333     0.66666667     0.00032210
   Zn   :     0.66666667     0.33333333     0.50032210
   O    :     0.33333333     0.66666667     0.38125599
   O    :     0.66666667     0.33333333     0.88125599
  Stress tensor [GPa]:
      2.599958e-01   4.923700e-13  -6.605508e-17
      4.927961e-13   2.599958e-01   2.462174e-16
      2.850399e-17   4.598985e-16   2.734926e-01
  Pressure :  -2.644947e-01 [GPa]
  Space group :  P6_3mc (#186)

 du0 =   6.082623e-04 [Bohr] du_tensor =   7.377812e-04
 |residual force| =   1.634356e-06 |residual stress| =   1.009788e-02

 ----------------------------------------------------------------
  Structure opt. step    2 of 1000    (T = 9.000000e+02 K)
 ----------------------------------------------------------------

 Structure at this step :
  Lattice vectors [Bohr]:
   a1 :     6.16189449     0.00000000    -0.00000000
   a2 :    -3.08094724     5.33635716    -0.00000000
   a3 :    -0.00000000    -0.00000000     9.91246401
  Atomic positions (fractional):
   Zn   :     0.33333333     0.66666667     0.00033223
   Zn   :     0.66666667     0.33333333     0.50033223
   O    :     0.33333333     0.66666667     0.38121461
   O    :     0.66666667     0.33333333     0.88121461
  Stress tensor [GPa]:
      1.154055e-01   1.332888e-14  -1.489439e-16
      1.372951e-14   1.154055e-01  -3.527234e-16
     -3.664859e-17  -1.366426e-16   9.710362e-02
  Pressure :  -1.093048e-01 [GPa]
  Space group :  P6_3mc (#186)

 du0 =   3.983618e-04 [Bohr] du_tensor =   3.069765e-04
 |residual force| =   1.078446e-06 |residual stress| =   4.179814e-03

 ----------------------------------------------------------------
  Structure opt. step    3 of 1000    (T = 9.000000e+02 K)
 ----------------------------------------------------------------

 Structure at this step :
  Lattice vectors [Bohr]:
   a1 :     6.16071510     0.00000000    -0.00000000
   a2 :    -3.08035755     5.33533579    -0.00000000
   a3 :    -0.00000000    -0.00000000     9.91107344
  Atomic positions (fractional):
   Zn   :     0.33333333     0.66666667     0.00033893
   Zn   :     0.66666667     0.33333333     0.50033893
   O    :     0.33333333     0.66666667     0.38118723
   O    :     0.66666667     0.33333333     0.88118723
  Stress tensor [GPa]:
      5.272020e-02  -5.148622e-14  -2.569266e-16
     -5.107559e-14   5.272020e-02   3.267177e-17
     -1.585386e-16   2.401192e-16   3.052140e-02
  Pressure :  -4.532060e-02 [GPa]
  Space group :  P6_3mc (#186)

 du0 =   3.445568e-04 [Bohr] du_tensor =   1.367452e-04
 |residual force| =   9.355981e-07 |residual stress| =   1.771768e-03

 ----------------------------------------------------------------
  Structure opt. step    4 of 1000    (T = 9.000000e+02 K)
 ----------------------------------------------------------------

 Structure at this step :
  Lattice vectors [Bohr]:
   a1 :     6.16013737     0.00000000    -0.00000000
   a2 :    -3.08006869     5.33483546    -0.00000000
   a3 :    -0.00000000    -0.00000000     9.91078618
  Atomic positions (fractional):
   Zn   :     0.33333333     0.66666667     0.00034476
   Zn   :     0.66666667     0.33333333     0.50034476
   O    :     0.33333333     0.66666667     0.38116340
   O    :     0.66666667     0.33333333     0.88116340
  Stress tensor [GPa]:
      2.598044e-02  -7.537787e-14   1.209996e-16
     -7.496966e-14   2.598044e-02   1.880758e-16
      2.201309e-16   3.692540e-16   5.228268e-03
  Pressure :  -1.906305e-02 [GPa]
  Space group :  P6_3mc (#186)

 du0 =   3.091788e-04 [Bohr] du_tensor =   7.303192e-05
 |residual force| =   8.407709e-07 |residual stress| =   8.157095e-04

 ----------------------------------------------------------------
  Structure opt. step    5 of 1000    (T = 9.000000e+02 K)
 ----------------------------------------------------------------

 Structure at this step :
  Lattice vectors [Bohr]:
   a1 :     6.15982496     0.00000000    -0.00000000
   a2 :    -3.07991248     5.33456490    -0.00000000
   a3 :    -0.00000000    -0.00000000     9.91089118
  Atomic positions (fractional):
   Zn   :     0.33333333     0.66666667     0.00035000
   Zn   :     0.66666667     0.33333333     0.50035000
   O    :     0.33333333     0.66666667     0.38114195
   O    :     0.66666667     0.33333333     0.88114195
  Stress tensor [GPa]:
      1.442895e-02  -6.712890e-14  -1.389204e-16
     -6.672190e-14   1.442895e-02  -1.029465e-16
     -4.623727e-17   8.519089e-17  -4.038276e-03
  Pressure :  -8.273207e-03 [GPa]
  Space group :  P6_3mc (#186)

 du0 =   2.752711e-04 [Bohr] du_tensor =   5.050190e-05
 |residual force| =   7.492144e-07 |residual stress| =   4.572169e-04

 ----------------------------------------------------------------
  Structure opt. step    6 of 1000    (T = 9.000000e+02 K)
 ----------------------------------------------------------------

 Structure at this step :
  Lattice vectors [Bohr]:
   a1 :     6.15963183     0.00000000    -0.00000000
   a2 :    -3.07981592     5.33439764    -0.00000000
   a3 :    -0.00000000    -0.00000000     9.91112388
  Atomic positions (fractional):
   Zn   :     0.33333333     0.66666667     0.00035468
   Zn   :     0.66666667     0.33333333     0.50035468
   O    :     0.33333333     0.66666667     0.38112284
   O    :     0.66666667     0.33333333     0.88112284
  Stress tensor [GPa]:
      9.221069e-03  -4.852034e-14  -1.926823e-16
     -4.811580e-14   9.221069e-03  -2.099121e-16
     -1.051222e-16  -1.834565e-17  -7.018411e-03
  Pressure :  -3.807909e-03 [GPa]
  Space group :  P6_3mc (#186)

 du0 =   2.430029e-04 [Bohr] du_tensor =   4.102641e-05
 |residual force| =   6.617864e-07 |residual stress| =   3.257178e-04

 ----------------------------------------------------------------
  Structure opt. step    7 of 1000    (T = 9.000000e+02 K)
 ----------------------------------------------------------------

 Structure at this step :
  Lattice vectors [Bohr]:
   a1 :     6.15949587     0.00000000    -0.00000000
   a2 :    -3.07974793     5.33427990    -0.00000000
   a3 :    -0.00000000    -0.00000000     9.91138405
  Atomic positions (fractional):
   Zn   :     0.33333333     0.66666667     0.00035881
   Zn   :     0.66666667     0.33333333     0.50035881
   O    :     0.33333333     0.66666667     0.38110596
   O    :     0.66666667     0.33333333     0.88110596
  Stress tensor [GPa]:
      6.674730e-03  -2.741824e-14   1.063051e-16
     -2.707661e-14   6.674730e-03   4.841287e-17
      1.856322e-16   2.354140e-16  -7.559172e-03
  Pressure :  -1.930096e-03 [GPa]
  Space group :  P6_3mc (#186)

 du0 =   2.134885e-04 [Bohr] du_tensor =   3.519421e-05
 |residual force| =   5.816761e-07 |residual stress| =   2.661292e-04

 ----------------------------------------------------------------
  Structure opt. step    8 of 1000    (T = 9.000000e+02 K)
 ----------------------------------------------------------------

 Structure at this step :
  Lattice vectors [Bohr]:
   a1 :     6.15939044     0.00000000    -0.00000000
   a2 :    -3.07969522     5.33418860    -0.00000000
   a3 :    -0.00000000    -0.00000000     9.91163464
  Atomic positions (fractional):
   Zn   :     0.33333333     0.66666667     0.00036244
   Zn   :     0.66666667     0.33333333     0.50036244
   O    :     0.33333333     0.66666667     0.38109113
   O    :     0.66666667     0.33333333     0.88109113
  Stress tensor [GPa]:
      5.269241e-03  -7.599224e-15  -3.441838e-16
     -7.208262e-15   5.269241e-03   1.064503e-17
     -2.423237e-16   2.159819e-16  -7.194521e-03
  Pressure :  -1.114654e-03 [GPa]
  Space group :  P6_3mc (#186)

 du0 =   1.871270e-04 [Bohr] du_tensor =   3.063083e-05
 |residual force| =   5.100437e-07 |residual stress| =   2.280154e-04

 ----------------------------------------------------------------
  Structure opt. step    9 of 1000    (T = 9.000000e+02 K)
 ----------------------------------------------------------------

 Structure at this step :
  Lattice vectors [Bohr]:
   a1 :     6.15930375     0.00000000    -0.00000000
   a2 :    -3.07965187     5.33411352    -0.00000000
   a3 :    -0.00000000    -0.00000000     9.91186327
  Atomic positions (fractional):
   Zn   :     0.33333333     0.66666667     0.00036562
   Zn   :     0.66666667     0.33333333     0.50036562
   O    :     0.33333333     0.66666667     0.38107813
   O    :     0.66666667     0.33333333     0.88107813
  Stress tensor [GPa]:
      4.375864e-03   9.313711e-15  -9.465617e-17
      9.740436e-15   4.375864e-03   9.947346e-17
     -7.388276e-18   3.004482e-16  -6.534723e-03
  Pressure :  -7.390017e-04 [GPa]
  Space group :  P6_3mc (#186)

 du0 =   1.638565e-04 [Bohr] du_tensor =   2.676182e-05
 |residual force| =   4.467591e-07 |residual stress| =   1.981451e-04

 ----------------------------------------------------------------
  Structure opt. step   10 of 1000    (T = 9.000000e+02 K)
 ----------------------------------------------------------------

 Structure at this step :
  Lattice vectors [Bohr]:
   a1 :     6.15923017     0.00000000    -0.00000000
   a2 :    -3.07961509     5.33404980    -0.00000000
   a3 :    -0.00000000    -0.00000000     9.91206721
  Atomic positions (fractional):
   Zn   :     0.33333333     0.66666667     0.00036841
   Zn   :     0.66666667     0.33333333     0.50036841
   O    :     0.33333333     0.66666667     0.38106674
   O    :     0.66666667     0.33333333     0.88106674
  Stress tensor [GPa]:
      3.731992e-03   2.242893e-14  -3.778410e-16
      2.282482e-14   3.731992e-03   1.927975e-17
     -2.835714e-16   2.119451e-16  -5.818462e-03
  Pressure :  -5.485070e-04 [GPa]
  Space group :  P6_3mc (#186)

 du0 =   1.434252e-04 [Bohr] du_tensor =   2.340887e-05
 |residual force| =   3.911604e-07 |residual stress| =   1.729611e-04

 ----------------------------------------------------------------
  Structure opt. step   11 of 1000    (T = 9.000000e+02 K)
 ----------------------------------------------------------------

 Structure at this step :
  Lattice vectors [Bohr]:
   a1 :     6.15916673     0.00000000     0.00000000
   a2 :    -3.07958336     5.33399485    -0.00000000
   a3 :     0.00000000    -0.00000000     9.91224729
  Atomic positions (fractional):
   Zn   :     0.33333333     0.66666667     0.00037085
   Zn   :     0.66666667     0.33333333     0.50037085
   O    :     0.33333333     0.66666667     0.38105677
   O    :     0.66666667     0.33333333     0.88105677
  Stress tensor [GPa]:
      3.225293e-03   3.304664e-14   2.148125e-16
      3.349432e-14   3.225293e-03  -1.789267e-16
      3.157215e-16   2.678178e-17  -5.134868e-03
  Pressure :  -4.385730e-04 [GPa]
  Space group :  P6_3mc (#186)

 du0 =   1.255290e-04 [Bohr] du_tensor =   2.048520e-05
 |residual force| =   3.424345e-07 |residual stress| =   1.512250e-04

 ----------------------------------------------------------------
  Structure opt. step   12 of 1000    (T = 9.000000e+02 K)
 ----------------------------------------------------------------

 Structure at this step :
  Lattice vectors [Bohr]:
   a1 :     6.15911160     0.00000000    -0.00000000
   a2 :    -3.07955580     5.33394711    -0.00000000
   a3 :    -0.00000000    -0.00000000     9.91240559
  Atomic positions (fractional):
   Zn   :     0.33333333     0.66666667     0.00037298
   Zn   :     0.66666667     0.33333333     0.50037298
   O    :     0.33333333     0.66666667     0.38104805
   O    :     0.66666667     0.33333333     0.88104805
  Stress tensor [GPa]:
      2.805412e-03   4.111714e-14  -1.844455e-17
      4.146986e-14   2.805412e-03  -4.000931e-17
      7.215556e-17   1.715192e-16  -4.513280e-03
  Pressure :  -3.658477e-04 [GPa]
  Space group :  P6_3mc (#186)

 du0 =   1.098683e-04 [Bohr] du_tensor =   1.793071e-05
 |residual force| =   2.997756e-07 |residual stress| =   1.323129e-04

 ----------------------------------------------------------------
  Structure opt. step   13 of 1000    (T = 9.000000e+02 K)
 ----------------------------------------------------------------

 Structure at this step :
  Lattice vectors [Bohr]:
   a1 :     6.15906351     0.00000000    -0.00000000
   a2 :    -3.07953175     5.33390546    -0.00000000
   a3 :    -0.00000000    -0.00000000     9.91254446
  Atomic positions (fractional):
   Zn   :     0.33333333     0.66666667     0.00037485
   Zn   :     0.66666667     0.33333333     0.50037485
   O    :     0.33333333     0.66666667     0.38104042
   O    :     0.66666667     0.33333333     0.88104042
  Stress tensor [GPa]:
      2.447850e-03   4.697205e-14  -4.856302e-17
      4.741726e-14   2.447850e-03  -2.740166e-17
      3.700759e-17   1.813718e-16  -3.959580e-03
  Pressure :  -3.120402e-04 [GPa]
  Space group :  P6_3mc (#186)

 du0 =   9.616810e-05 [Bohr] du_tensor =   1.569698e-05
 |residual force| =   2.624423e-07 |residual stress| =   1.158059e-04

 ----------------------------------------------------------------
  Structure opt. step   14 of 1000    (T = 9.000000e+02 K)
 ----------------------------------------------------------------

 Structure at this step :
  Lattice vectors [Bohr]:
   a1 :     6.15902149     0.00000000    -0.00000000
   a2 :    -3.07951074     5.33386907    -0.00000000
   a3 :    -0.00000000    -0.00000000     9.91266617
  Atomic positions (fractional):
   Zn   :     0.33333333     0.66666667     0.00037649
   Zn   :     0.66666667     0.33333333     0.50037649
   O    :     0.33333333     0.66666667     0.38103374
   O    :     0.66666667     0.33333333     0.88103374
  Stress tensor [GPa]:
      2.139174e-03   5.116505e-14  -2.016129e-16
      5.155106e-14   2.139174e-03   2.863868e-16
     -1.109848e-16   4.724109e-16  -3.470854e-03
  Pressure :  -2.691648e-04 [GPa]
  Space group :  P6_3mc (#186)

 du0 =   8.418332e-05 [Bohr] du_tensor =   1.374291e-05
 |residual force| =   2.297724e-07 |residual stress| =   1.013781e-04

 ----------------------------------------------------------------
  Structure opt. step   15 of 1000    (T = 9.000000e+02 K)
 ----------------------------------------------------------------

 Structure at this step :
  Lattice vectors [Bohr]:
   a1 :     6.15898474     0.00000000    -0.00000000
   a2 :    -3.07949237     5.33383725    -0.00000000
   a3 :    -0.00000000    -0.00000000     9.91277279
  Atomic positions (fractional):
   Zn   :     0.33333333     0.66666667     0.00037792
   Zn   :     0.66666667     0.33333333     0.50037792
   O    :     0.33333333     0.66666667     0.38102789
   O    :     0.66666667     0.33333333     0.88102789
  Stress tensor [GPa]:
      1.870911e-03   5.331500e-14   1.475158e-16
      5.370101e-14   1.870911e-03  -2.127149e-16
      2.223008e-16  -4.557670e-18  -3.041275e-03
  Pressure :  -2.335156e-04 [GPa]
  Space group :  P6_3mc (#186)

 du0 =   7.369833e-05 [Bohr] du_tensor =   1.203308e-05
 |residual force| =   2.011824e-07 |residual stress| =   8.875902e-05

 ----------------------------------------------------------------
  Structure opt. step   16 of 1000    (T = 9.000000e+02 K)
 ----------------------------------------------------------------

 Structure at this step :
  Lattice vectors [Bohr]:
   a1 :     6.15895258     0.00000000    -0.00000000
   a2 :    -3.07947629     5.33380940    -0.00000000
   a3 :    -0.00000000    -0.00000000     9.91286619
  Atomic positions (fractional):
   Zn   :     0.33333333     0.66666667     0.00037917
   Zn   :     0.66666667     0.33333333     0.50037917
   O    :     0.33333333     0.66666667     0.38102277
   O    :     0.66666667     0.33333333     0.88102277
  Stress tensor [GPa]:
      1.637000e-03   5.468968e-14  -4.935857e-16
      5.507199e-14   1.637000e-03   3.647731e-16
     -3.977157e-16   5.355958e-16  -2.664405e-03
  Pressure :  -2.031983e-04 [GPa]
  Space group :  P6_3mc (#186)

 du0 =   6.452433e-05 [Bohr] du_tensor =   1.053668e-05
 |residual force| =   1.761605e-07 |residual stress| =   7.771765e-05

 ----------------------------------------------------------------
  Structure opt. step   17 of 1000    (T = 9.000000e+02 K)
 ----------------------------------------------------------------

 Structure at this step :
  Lattice vectors [Bohr]:
   a1 :     6.15892444     0.00000000    -0.00000000
   a2 :    -3.07946222     5.33378502    -0.00000000
   a3 :    -0.00000000    -0.00000000     9.91294799
  Atomic positions (fractional):
   Zn   :     0.33333333     0.66666667     0.00038027
   Zn   :     0.66666667     0.33333333     0.50038027
   O    :     0.33333333     0.66666667     0.38101829
   O    :     0.66666667     0.33333333     0.88101829
  Stress tensor [GPa]:
      1.432702e-03   5.523723e-14   4.855824e-17
      5.565160e-14   1.432702e-03  -3.061415e-16
      1.590911e-16  -9.552316e-17  -2.334063e-03
  Pressure :  -1.771139e-04 [GPa]
  Space group :  P6_3mc (#186)

 du0 =   5.649633e-05 [Bohr] du_tensor =   9.226895e-06
 |residual force| =   1.542594e-07 |residual stress| =   6.805451e-05

 ----------------------------------------------------------------
  Structure opt. step   18 of 1000    (T = 9.000000e+02 K)
 ----------------------------------------------------------------

 Structure at this step :
  Lattice vectors [Bohr]:
   a1 :     6.15889980     0.00000000    -0.00000000
   a2 :    -3.07944990     5.33376368    -0.00000000
   a3 :    -0.00000000    -0.00000000     9.91301964
  Atomic positions (fractional):
   Zn   :     0.33333333     0.66666667     0.00038123
   Zn   :     0.66666667     0.33333333     0.50038123
   O    :     0.33333333     0.66666667     0.38101436
   O    :     0.66666667     0.33333333     0.88101436
  Stress tensor [GPa]:
      1.254112e-03   5.473686e-14  -1.696542e-16
      5.513027e-14   1.254112e-03  -4.981551e-17
     -6.782481e-17   1.575902e-16  -2.044619e-03
  Pressure :  -1.545351e-04 [GPa]
  Space group :  P6_3mc (#186)

 du0 =   4.947030e-05 [Bohr] du_tensor =   8.080324e-06
 |residual force| =   1.350879e-07 |residual stress| =   5.959622e-05

 ----------------------------------------------------------------
  Structure opt. step   19 of 1000    (T = 9.000000e+02 K)
 ----------------------------------------------------------------

 Structure at this step :
  Lattice vectors [Bohr]:
   a1 :     6.15887822     0.00000000    -0.00000000
   a2 :    -3.07943911     5.33374500    -0.00000000
   a3 :    -0.00000000    -0.00000000     9.91308240
  Atomic positions (fractional):
   Zn   :     0.33333333     0.66666667     0.00038207
   Zn   :     0.66666667     0.33333333     0.50038207
   O    :     0.33333333     0.66666667     0.38101093
   O    :     0.66666667     0.33333333     0.88101093
  Stress tensor [GPa]:
      1.097917e-03   5.356839e-14   7.253134e-17
      5.397289e-14   1.097917e-03  -1.535404e-16
      1.794392e-16   6.370332e-17  -1.791054e-03
  Pressure :  -1.349264e-04 [GPa]
  Space group :  P6_3mc (#186)

 du0 =   4.332048e-05 [Bohr] du_tensor =   7.076533e-06
 |residual force| =   1.183043e-07 |residual stress| =   5.219166e-05

 ----------------------------------------------------------------
  Structure opt. step   20 of 1000    (T = 9.000000e+02 K)
 ----------------------------------------------------------------

 Structure at this step :
  Lattice vectors [Bohr]:
   a1 :     6.15885933     0.00000000    -0.00000000
   a2 :    -3.07942967     5.33372864    -0.00000000
   a3 :    -0.00000000    -0.00000000     9.91313736
  Atomic positions (fractional):
   Zn   :     0.33333333     0.66666667     0.00038281
   Zn   :     0.66666667     0.33333333     0.50038281
   O    :     0.33333333     0.66666667     0.38100792
   O    :     0.66666667     0.33333333     0.88100792
  Stress tensor [GPa]:
      9.612643e-04   5.234098e-14  -2.624746e-16
      5.269615e-14   9.612643e-04   1.093957e-16
     -1.877567e-16   2.984750e-16  -1.568935e-03
  Pressure :  -1.178644e-04 [GPa]
  Space group :  P6_3mc (#186)

 du0 =   3.793703e-05 [Bohr] du_tensor =   6.197671e-06
 |residual force| =   1.036100e-07 |residual stress| =   4.570895e-05

 ----------------------------------------------------------------
  Structure opt. step   21 of 1000    (T = 9.000000e+02 K)
 ----------------------------------------------------------------

 Structure at this step :
  Lattice vectors [Bohr]:
   a1 :     6.15884279     0.00000000    -0.00000000
   a2 :    -3.07942140     5.33371432    -0.00000000
   a3 :    -0.00000000    -0.00000000     9.91318551
  Atomic positions (fractional):
   Zn   :     0.33333333     0.66666667     0.00038345
   Zn   :     0.66666667     0.33333333     0.50038345
   O    :     0.33333333     0.66666667     0.38100528
   O    :     0.66666667     0.33333333     0.88100528
  Stress tensor [GPa]:
      8.416845e-04   5.005692e-14   1.149463e-16
      5.041579e-14   8.416845e-04  -8.638146e-17
      1.960864e-16   1.107111e-16  -1.374369e-03
  Pressure :  -1.030001e-04 [GPa]
  Space group :  P6_3mc (#186)

 du0 =   3.322402e-05 [Bohr] du_tensor =   5.428135e-06
 |residual force| =   9.074395e-08 |residual stress| =   4.003285e-05

 ----------------------------------------------------------------
  Structure opt. step   22 of 1000    (T = 9.000000e+02 K)
 ----------------------------------------------------------------

 Structure at this step :
  Lattice vectors [Bohr]:
   a1 :     6.15882831     0.00000000    -0.00000000
   a2 :    -3.07941415     5.33370177    -0.00000000
   a3 :    -0.00000000    -0.00000000     9.91322768
  Atomic positions (fractional):
   Zn   :     0.33333333     0.66666667     0.00038402
   Zn   :     0.66666667     0.33333333     0.50038402
   O    :     0.33333333     0.66666667     0.38100297
   O    :     0.66666667     0.33333333     0.88100297
  Stress tensor [GPa]:
      7.370274e-04   4.781500e-14  -1.137205e-16
      4.820840e-14   7.370274e-04   1.745588e-16
     -2.959453e-17   3.712275e-16  -1.203937e-03
  Pressure :  -9.003935e-05 [GPa]
  Space group :  P6_3mc (#186)

 du0 =   2.909762e-05 [Bohr] du_tensor =   4.754284e-06
 |residual force| =   7.947798e-08 |residual stress| =   3.506269e-05

 ----------------------------------------------------------------
  Structure opt. step   23 of 1000    (T = 9.000000e+02 K)
 ----------------------------------------------------------------

 Structure at this step :
  Lattice vectors [Bohr]:
   a1 :     6.15881562     0.00000000    -0.00000000
   a2 :    -3.07940781     5.33369079    -0.00000000
   a3 :    -0.00000000    -0.00000000     9.91326462
  Atomic positions (fractional):
   Zn   :     0.33333333     0.66666667     0.00038451
   Zn   :     0.66666667     0.33333333     0.50038451
   O    :     0.33333333     0.66666667     0.38100095
   O    :     0.66666667     0.33333333     0.88100095
  Stress tensor [GPa]:
      6.454188e-04   4.604310e-14  -6.454479e-17
      4.643157e-14   6.454188e-04  -2.613819e-17
      7.401902e-18   1.640421e-16  -1.054645e-03
  Pressure :  -7.873082e-05 [GPa]
  Space group :  P6_3mc (#186)

 du0 =   2.548457e-05 [Bohr] du_tensor =   4.164190e-06
 |residual force| =   6.961254e-08 |residual stress| =   3.071040e-05

 ----------------------------------------------------------------
  Structure opt. step   24 of 1000    (T = 9.000000e+02 K)
 ----------------------------------------------------------------

 Structure at this step :
  Lattice vectors [Bohr]:
   a1 :     6.15880451     0.00000000    -0.00000000
   a2 :    -3.07940226     5.33368117    -0.00000000
   a3 :    -0.00000000    -0.00000000     9.91329697
  Atomic positions (fractional):
   Zn   :     0.33333333     0.66666667     0.00038494
   Zn   :     0.66666667     0.33333333     0.50038494
   O    :     0.33333333     0.66666667     0.38099918
   O    :     0.66666667     0.33333333     0.88099918
  Stress tensor [GPa]:
      5.652235e-04   4.331560e-14  -2.956720e-16
      4.372380e-14   5.652235e-04   2.292713e-16
     -2.071805e-16   4.060604e-16  -9.238710e-04
  Pressure :  -6.885867e-05 [GPa]
  Space group :  P6_3mc (#186)

 du0 =   2.232080e-05 [Bohr] du_tensor =   3.647416e-06
 |residual force| =   6.097308e-08 |residual stress| =   2.689898e-05

 ----------------------------------------------------------------
  Structure opt. step   25 of 1000    (T = 9.000000e+02 K)
 ----------------------------------------------------------------

 Structure at this step :
  Lattice vectors [Bohr]:
   a1 :     6.15879479     0.00000000    -0.00000000
   a2 :    -3.07939739     5.33367274    -0.00000000
   a3 :    -0.00000000    -0.00000000     9.91332532
  Atomic positions (fractional):
   Zn   :     0.33333333     0.66666667     0.00038532
   Zn   :     0.66666667     0.33333333     0.50038532
   O    :     0.33333333     0.66666667     0.38099763
   O    :     0.66666667     0.33333333     0.88099763
  Stress tensor [GPa]:
      4.950131e-04   4.083734e-14   4.487268e-17
      4.122951e-14   4.950131e-04  -1.783737e-17
      1.239404e-16   1.880855e-16  -8.093163e-04
  Pressure :  -6.023661e-05 [GPa]
  Space group :  P6_3mc (#186)

 du0 =   1.955029e-05 [Bohr] du_tensor =   3.194836e-06
 |residual force| =   5.340694e-08 |residual stress| =   2.356108e-05

 ----------------------------------------------------------------
  Structure opt. step   26 of 1000    (T = 9.000000e+02 K)
 ----------------------------------------------------------------

 Structure at this step :
  Lattice vectors [Bohr]:
   a1 :     6.15878626     0.00000000    -0.00000000
   a2 :    -3.07939313     5.33366536    -0.00000000
   a3 :    -0.00000000    -0.00000000     9.91335014
  Atomic positions (fractional):
   Zn   :     0.33333333     0.66666667     0.00038565
   Zn   :     0.66666667     0.33333333     0.50038565
   O    :     0.33333333     0.66666667     0.38099627
   O    :     0.66666667     0.33333333     0.88099627
  Stress tensor [GPa]:
      4.335396e-04   3.836536e-14  -2.151471e-16
      3.871313e-14   4.335396e-04  -3.233437e-16
     -1.194676e-16  -1.086624e-16  -7.089687e-04
  Pressure :  -5.270348e-05 [GPa]
  Space group :  P6_3mc (#186)

 du0 =   1.712405e-05 [Bohr] du_tensor =   2.798459e-06
 |residual force| =   4.678050e-08 |residual stress| =   2.063774e-05

 ----------------------------------------------------------------
  Structure opt. step   27 of 1000    (T = 9.000000e+02 K)
 ----------------------------------------------------------------

 Structure at this step :
  Lattice vectors [Bohr]:
   a1 :     6.15877880     0.00000000    -0.00000000
   a2 :    -3.07938940     5.33365890    -0.00000000
   a3 :    -0.00000000    -0.00000000     9.91337189
  Atomic positions (fractional):
   Zn   :     0.33333333     0.66666667     0.00038595
   Zn   :     0.66666667     0.33333333     0.50038595
   O    :     0.33333333     0.66666667     0.38099508
   O    :     0.66666667     0.33333333     0.88099508
  Stress tensor [GPa]:
      3.797121e-04   3.592922e-14   6.392889e-17
      3.630412e-14   3.797121e-04  -1.159564e-16
      1.381220e-16   5.533428e-17  -6.210656e-04
  Pressure :  -4.611957e-05 [GPa]
  Space group :  P6_3mc (#186)

 du0 =   1.499921e-05 [Bohr] du_tensor =   2.451296e-06
 |residual force| =   4.097688e-08 |residual stress| =   1.807740e-05

 ----------------------------------------------------------------
  Structure opt. step   28 of 1000    (T = 9.000000e+02 K)
 ----------------------------------------------------------------

 Structure at this step :
  Lattice vectors [Bohr]:
   a1 :     6.15877226     0.00000000    -0.00000000
   a2 :    -3.07938613     5.33365324    -0.00000000
   a3 :    -0.00000000    -0.00000000     9.91339094
  Atomic positions (fractional):
   Zn   :     0.33333333     0.66666667     0.00038620
   Zn   :     0.66666667     0.33333333     0.50038620
   O    :     0.33333333     0.66666667     0.38099404
   O    :     0.66666667     0.33333333     0.88099404
  Stress tensor [GPa]:
      3.325769e-04   3.363622e-14  -3.131936e-16
      3.404935e-14   3.325769e-04  -2.336529e-17
     -2.016312e-16   1.752827e-16  -5.440631e-04
  Pressure :  -4.036361e-05 [GPa]
  Space group :  P6_3mc (#186)

 du0 =   1.313825e-05 [Bohr] du_tensor =   2.147228e-06
 |residual force| =   3.589375e-08 |residual stress| =   1.583492e-05

 ----------------------------------------------------------------
  Structure opt. step   29 of 1000    (T = 9.000000e+02 K)
 ----------------------------------------------------------------

 Structure at this step :
  Lattice vectors [Bohr]:
   a1 :     6.15876654     0.00000000    -0.00000000
   a2 :    -3.07938327     5.33364828    -0.00000000
   a3 :    -0.00000000    -0.00000000     9.91340763
  Atomic positions (fractional):
   Zn   :     0.33333333     0.66666667     0.00038642
   Zn   :     0.66666667     0.33333333     0.50038642
   O    :     0.33333333     0.66666667     0.38099313
   O    :     0.66666667     0.33333333     0.88099313
  Stress tensor [GPa]:
      2.912998e-04   3.190441e-14   3.165742e-16
      3.235083e-14   2.912998e-04   1.198119e-17
      3.909324e-16   1.976334e-16  -4.766090e-04
  Pressure :  -3.533022e-05 [GPa]
  Space group :  P6_3mc (#186)

 du0 =   1.150836e-05 [Bohr] du_tensor =   1.880899e-06
 |residual force| =   3.144156e-08 |residual stress| =   1.387078e-05

 ----------------------------------------------------------------
  Structure opt. step   30 of 1000    (T = 9.000000e+02 K)
 ----------------------------------------------------------------

 Structure at this step :
  Lattice vectors [Bohr]:
   a1 :     6.15876152     0.00000000    -0.00000000
   a2 :    -3.07938076     5.33364393    -0.00000000
   a3 :    -0.00000000    -0.00000000     9.91342225
  Atomic positions (fractional):
   Zn   :     0.33333333     0.66666667     0.00038662
   Zn   :     0.66666667     0.33333333     0.50038662
   O    :     0.33333333     0.66666667     0.38099233
   O    :     0.66666667     0.33333333     0.88099233
  Stress tensor [GPa]:
      2.551511e-04   2.922060e-14  -3.715921e-16
      2.963496e-14   2.551511e-04   3.080409e-16
     -2.913477e-16   4.960722e-16  -4.175191e-04
  Pressure :  -3.092772e-05 [GPa]
  Space group :  P6_3mc (#186)

 du0 =   1.008079e-05 [Bohr] du_tensor =   1.647620e-06
 |residual force| =   2.754189e-08 |residual stress| =   1.215040e-05

 ----------------------------------------------------------------
  Structure opt. step   31 of 1000    (T = 9.000000e+02 K)
 ----------------------------------------------------------------

 Structure at this step :
  Lattice vectors [Bohr]:
   a1 :     6.15875713     0.00000000    -0.00000000
   a2 :    -3.07937856     5.33364013    -0.00000000
   a3 :    -0.00000000    -0.00000000     9.91343505
  Atomic positions (fractional):
   Zn   :     0.33333333     0.66666667     0.00038679
   Zn   :     0.66666667     0.33333333     0.50038679
   O    :     0.33333333     0.66666667     0.38099163
   O    :     0.66666667     0.33333333     0.88099163
  Stress tensor [GPa]:
      2.234924e-04   2.716084e-14  -2.919873e-16
      2.745805e-14   2.234924e-04  -1.902573e-16
     -1.979317e-16   1.418985e-17  -3.657560e-04
  Pressure :  -2.707628e-05 [GPa]
  Space group :  P6_3mc (#186)

 du0 =   8.830417e-06 [Bohr] du_tensor =   1.443286e-06
 |residual force| =   2.412612e-08 |residual stress| =   1.064349e-05


 du0 is smaller than COORD_CONV_TOL =    1.000000e-05
 du_tensor is smaller than CELL_CONV_TOL =    1.000000e-05
 Structural optimization converged in 31-th loop.

 break structural loop.


 Optimization history at 9.000000e+02 K :
 -------------------------------------------------------------------------
   step    du0 [Bohr]    du_tensor      |force|       |stress|    space group
 -------------------------------------------------------------------------
      1     6.083e-04    7.378e-04    1.634e-06     1.010e-02    P6_3mc (#186)
      2     3.984e-04    3.070e-04    1.078e-06     4.180e-03    P6_3mc (#186)
      3     3.446e-04    1.367e-04    9.356e-07     1.772e-03    P6_3mc (#186)
      4     3.092e-04    7.303e-05    8.408e-07     8.157e-04    P6_3mc (#186)
      5     2.753e-04    5.050e-05    7.492e-07     4.572e-04    P6_3mc (#186)
      6     2.430e-04    4.103e-05    6.618e-07     3.257e-04    P6_3mc (#186)
      7     2.135e-04    3.519e-05    5.817e-07     2.661e-04    P6_3mc (#186)
      8     1.871e-04    3.063e-05    5.100e-07     2.280e-04    P6_3mc (#186)
      9     1.639e-04    2.676e-05    4.468e-07     1.981e-04    P6_3mc (#186)
     10     1.434e-04    2.341e-05    3.912e-07     1.730e-04    P6_3mc (#186)
     11     1.255e-04    2.049e-05    3.424e-07     1.512e-04    P6_3mc (#186)
     12     1.099e-04    1.793e-05    2.998e-07     1.323e-04    P6_3mc (#186)
     13     9.617e-05    1.570e-05    2.624e-07     1.158e-04    P6_3mc (#186)
     14     8.418e-05    1.374e-05    2.298e-07     1.014e-04    P6_3mc (#186)
     15     7.370e-05    1.203e-05    2.012e-07     8.876e-05    P6_3mc (#186)
     16     6.452e-05    1.054e-05    1.762e-07     7.772e-05    P6_3mc (#186)
     17     5.650e-05    9.227e-06    1.543e-07     6.805e-05    P6_3mc (#186)
     18     4.947e-05    8.080e-06    1.351e-07     5.960e-05    P6_3mc (#186)
     19     4.332e-05    7.077e-06    1.183e-07     5.219e-05    P6_3mc (#186)
     20     3.794e-05    6.198e-06    1.036e-07     4.571e-05    P6_3mc (#186)
     21     3.322e-05    5.428e-06    9.074e-08     4.003e-05    P6_3mc (#186)
     22     2.910e-05    4.754e-06    7.948e-08     3.506e-05    P6_3mc (#186)
     23     2.548e-05    4.164e-06    6.961e-08     3.071e-05    P6_3mc (#186)
     24     2.232e-05    3.647e-06    6.097e-08     2.690e-05    P6_3mc (#186)
     25     1.955e-05    3.195e-06    5.341e-08     2.356e-05    P6_3mc (#186)
     26     1.712e-05    2.798e-06    4.678e-08     2.064e-05    P6_3mc (#186)
     27     1.500e-05    2.451e-06    4.098e-08     1.808e-05    P6_3mc (#186)
     28     1.314e-05    2.147e-06    3.589e-08     1.583e-05    P6_3mc (#186)
     29     1.151e-05    1.881e-06    3.144e-08     1.387e-05    P6_3mc (#186)
     30     1.008e-05    1.648e-06    2.754e-08     1.215e-05    P6_3mc (#186)
     31     8.830e-06    1.443e-06    2.413e-08     1.064e-05    P6_3mc (#186)
 -------------------------------------------------------------------------
 ----------------------------------------------------------------
 Final atomic displacements [Bohr] at 9.000e+02 K
    u_{0,x}   u_{0,y}   u_{0,z} :  -8.615128e-13   4.981594e-13  -3.430248e-03
    u_{1,x}   u_{1,y}   u_{1,z} :   8.615177e-13  -4.981423e-13  -3.430248e-03
    u_{2,x}   u_{2,y}   u_{2,z} :   8.685166e-13  -5.020651e-13   1.401738e-02
    u_{3,x}   u_{3,y}   u_{3,z} :  -8.685357e-13   5.019987e-13   1.401738e-02

 Final strain (displacement gradient tensor u_{mu nu}) : 
    7.173537e-03   7.019646e-15  -1.375119e-19
    7.019646e-15   7.173537e-03  -2.019318e-17
   -1.375119e-19  -2.019318e-17   4.068707e-03

 Final structure at 9.000000e+02 K :
  Lattice vectors [Bohr]:
   a1 :     6.15875328     0.00000000    -0.00000000
   a2 :    -3.07937664     5.33363680    -0.00000000
   a3 :    -0.00000000    -0.00000000     9.91344627
  Atomic positions (fractional):
   Zn   :     0.33333333     0.66666667     0.00038694
   Zn   :     0.66666667     0.33333333     0.50038694
   O    :     0.33333333     0.66666667     0.38099102
   O    :     0.66666667     0.33333333     0.88099102
  Space group :  P6_3mc (#186)


 ================================================================
  Temperature = 8.00000000e+02 K    (   3 of   11)
 ================================================================

 SET_INIT_STR = 2: start from structure from the previous temperature.

 Initial atomic displacements [Bohr] : 
    u_{0,x}   u_{0,y}   u_{0,z} :  -8.615128e-13   4.981594e-13  -3.430248e-03
    u_{1,x}   u_{1,y}   u_{1,z} :   8.615177e-13  -4.981423e-13  -3.430248e-03
    u_{2,x}   u_{2,y}   u_{2,z} :   8.685166e-13  -5.020651e-13   1.401738e-02
    u_{3,x}   u_{3,y}   u_{3,z} :  -8.685357e-13   5.019987e-13   1.401738e-02

 Initial strain (displacement gradient tensor u_{mu nu}) : 
    7.173537e-03   7.019646e-15  -1.375119e-19
    7.019646e-15   7.173537e-03  -2.019318e-17
   -1.375119e-19  -2.019318e-17   4.068707e-03

 Start structural optimization at 8.000000e+02 K.

 ----------------------------------------------------------------
  Structure opt. step    1 of 1000    (T = 8.000000e+02 K)
 ----------------------------------------------------------------

 Structure at this step :
  Lattice vectors [Bohr]:
   a1 :     6.15875328     0.00000000    -0.00000000
   a2 :    -3.07937664     5.33363680    -0.00000000
   a3 :    -0.00000000    -0.00000000     9.91344627
  Atomic positions (fractional):
   Zn   :     0.33333333     0.66666667     0.00038694
   Zn   :     0.66666667     0.33333333     0.50038694
   O    :     0.33333333     0.66666667     0.38099102
   O    :     0.66666667     0.33333333     0.88099102
  Stress tensor [GPa]:
      2.548899e-01   4.896706e-13   2.685935e-16
      4.900097e-13   2.548899e-01  -1.747704e-16
      3.329335e-16   1.498910e-17   2.664695e-01
  Pressure :  -2.587498e-01 [GPa]
  Space group :  P6_3mc (#186)

 du0 =   5.799104e-04 [Bohr] du_tensor =   7.204710e-04
 |residual force| =   1.584431e-06 |residual stress| =   9.863271e-03

 ----------------------------------------------------------------
  Structure opt. step    2 of 1000    (T = 8.000000e+02 K)
 ----------------------------------------------------------------

 Structure at this step :
  Lattice vectors [Bohr]:
   a1 :     6.15629609     0.00000000    -0.00000000
   a2 :    -3.07814805     5.33150881    -0.00000000
   a3 :    -0.00000000    -0.00000000     9.90907371
  Atomic positions (fractional):
   Zn   :     0.33333333     0.66666667     0.00039663
   Zn   :     0.66666667     0.33333333     0.50039663
   O    :     0.33333333     0.66666667     0.38095144
   O    :     0.66666667     0.33333333     0.88095144
  Stress tensor [GPa]:
      1.097728e-01   6.034039e-14  -8.514161e-17
      6.071745e-14   1.097728e-01   4.559331e-17
     -1.069588e-17   2.191826e-16   9.184422e-02
  Pressure :  -1.037966e-01 [GPa]
  Space group :  P6_3mc (#186)

 du0 =   3.685464e-04 [Bohr] du_tensor =   2.912971e-04
 |residual force| =   1.014249e-06 |residual stress| =   3.964387e-03

 ----------------------------------------------------------------
  Structure opt. step    3 of 1000    (T = 8.000000e+02 K)
 ----------------------------------------------------------------

 Structure at this step :
  Lattice vectors [Bohr]:
   a1 :     6.15517406     0.00000000    -0.00000000
   a2 :    -3.07758703     5.33053710    -0.00000000
   a3 :    -0.00000000    -0.00000000     9.90776703
  Atomic positions (fractional):
   Zn   :     0.33333333     0.66666667     0.00040283
   Zn   :     0.66666667     0.33333333     0.50040283
   O    :     0.33333333     0.66666667     0.38092608
   O    :     0.66666667     0.33333333     0.88092608
  Stress tensor [GPa]:
      4.865789e-02  -8.464508e-15   5.220623e-17
     -8.087941e-15   4.865789e-02   5.352631e-17
      1.320469e-16   2.287963e-16   2.786650e-02
  Pressure :  -4.172742e-02 [GPa]
  Space group :  P6_3mc (#186)

 du0 =   3.155516e-04 [Bohr] du_tensor =   1.260867e-04
 |residual force| =   8.708427e-07 |residual stress| =   1.630573e-03

 ----------------------------------------------------------------
  Structure opt. step    4 of 1000    (T = 8.000000e+02 K)
 ----------------------------------------------------------------

 Structure at this step :
  Lattice vectors [Bohr]:
   a1 :     6.15464060     0.00000000    -0.00000000
   a2 :    -3.07732030     5.33007511    -0.00000000
   a3 :    -0.00000000    -0.00000000     9.90751023
  Atomic positions (fractional):
   Zn   :     0.33333333     0.66666667     0.00040818
   Zn   :     0.66666667     0.33333333     0.50040818
   O    :     0.33333333     0.66666667     0.38090423
   O    :     0.66666667     0.33333333     0.88090423
  Stress tensor [GPa]:
      2.336704e-02  -3.551682e-14  -1.958089e-16
     -3.518466e-14   2.336704e-02  -2.334377e-16
     -9.385638e-17  -4.824016e-17   4.240594e-03
  Pressure :  -1.699156e-02 [GPa]
  Space group :  P6_3mc (#186)

 du0 =   2.803063e-04 [Bohr] du_tensor =   6.608644e-05
 |residual force| =   7.746082e-07 |residual stress| =   7.313840e-04

 ----------------------------------------------------------------
  Structure opt. step    5 of 1000    (T = 8.000000e+02 K)
 ----------------------------------------------------------------

 Structure at this step :
  Lattice vectors [Bohr]:
   a1 :     6.15435864     0.00000000    -0.00000000
   a2 :    -3.07717932     5.32983093    -0.00000000
   a3 :    -0.00000000    -0.00000000     9.90761620
  Atomic positions (fractional):
   Zn   :     0.33333333     0.66666667     0.00041294
   Zn   :     0.66666667     0.33333333     0.50041294
   O    :     0.33333333     0.66666667     0.38088479
   O    :     0.66666667     0.33333333     0.88088479
  Stress tensor [GPa]:
      1.274791e-02  -3.170934e-14  -1.968649e-16
     -3.140372e-14   1.274791e-02   2.218418e-16
     -1.213120e-16   3.896637e-16  -4.123152e-03
  Pressure :  -7.124220e-03 [GPa]
  Space group :  P6_3mc (#186)

 du0 =   2.472219e-04 [Bohr] du_tensor =   4.555183e-05
 |residual force| =   6.837090e-07 |residual stress| =   4.060061e-04

 ----------------------------------------------------------------
  Structure opt. step    6 of 1000    (T = 8.000000e+02 K)
 ----------------------------------------------------------------

 Structure at this step :
  Lattice vectors [Bohr]:
   a1 :     6.15418666     0.00000000    -0.00000000
   a2 :    -3.07709333     5.32968199    -0.00000000
   a3 :    -0.00000000    -0.00000000     9.90783542
  Atomic positions (fractional):
   Zn   :     0.33333333     0.66666667     0.00041714
   Zn   :     0.66666667     0.33333333     0.50041714
   O    :     0.33333333     0.66666667     0.38086762
   O    :     0.66666667     0.33333333     0.88086762
  Stress tensor [GPa]:
      8.072993e-03  -1.844086e-14  -1.751579e-16
     -1.811486e-14   8.072993e-03  -3.555631e-17
     -7.346181e-17   1.408249e-16  -6.660344e-03
  Pressure :  -3.161881e-03 [GPa]
  Space group :  P6_3mc (#186)

 du0 =   2.164359e-04 [Bohr] du_tensor =   3.697506e-05
 |residual force| =   5.988822e-07 |residual stress| =   2.903471e-04

 ----------------------------------------------------------------
  Structure opt. step    7 of 1000    (T = 8.000000e+02 K)
 ----------------------------------------------------------------

 Structure at this step :
  Lattice vectors [Bohr]:
   a1 :     6.15406633     0.00000000    -0.00000000
   a2 :    -3.07703316     5.32957777    -0.00000000
   a3 :    -0.00000000    -0.00000000     9.90807577
  Atomic positions (fractional):
   Zn   :     0.33333333     0.66666667     0.00042082
   Zn   :     0.66666667     0.33333333     0.50042082
   O    :     0.33333333     0.66666667     0.38085259
   O    :     0.66666667     0.33333333     0.88085259
  Stress tensor [GPa]:
      5.822421e-03  -3.889586e-15   1.539049e-16
     -3.563591e-15   5.822421e-03  -1.866537e-16
      2.630271e-16   8.779786e-18  -7.007298e-03
  Pressure :  -1.545848e-03 [GPa]
  Space group :  P6_3mc (#186)

 du0 =   1.887338e-04 [Bohr] du_tensor =   3.160296e-05
 |residual force| =   5.224384e-07 |residual stress| =   2.376187e-04

 ----------------------------------------------------------------
  Structure opt. step    8 of 1000    (T = 8.000000e+02 K)
 ----------------------------------------------------------------

 Structure at this step :
  Lattice vectors [Bohr]:
   a1 :     6.15397332     0.00000000    -0.00000000
   a2 :    -3.07698666     5.32949723    -0.00000000
   a3 :    -0.00000000    -0.00000000     9.90830436
  Atomic positions (fractional):
   Zn   :     0.33333333     0.66666667     0.00042403
   Zn   :     0.66666667     0.33333333     0.50042403
   O    :     0.33333333     0.66666667     0.38083947
   O    :     0.66666667     0.33333333     0.88083947
  Stress tensor [GPa]:
      4.585954e-03   9.231439e-15  -1.195290e-16
      9.598180e-15   4.585954e-03   4.055055e-17
     -2.961225e-17   2.288704e-16  -6.575750e-03
  Pressure :  -8.653863e-04 [GPa]
  Space group :  P6_3mc (#186)

 du0 =   1.642801e-04 [Bohr] du_tensor =   2.735817e-05
 |residual force| =   4.548949e-07 |residual stress| =   2.030257e-04

 ----------------------------------------------------------------
  Structure opt. step    9 of 1000    (T = 8.000000e+02 K)
 ----------------------------------------------------------------

 Structure at this step :
  Lattice vectors [Bohr]:
   a1 :     6.15389708     0.00000000    -0.00000000
   a2 :    -3.07694854     5.32943120    -0.00000000
   a3 :    -0.00000000    -0.00000000     9.90851090
  Atomic positions (fractional):
   Zn   :     0.33333333     0.66666667     0.00042682
   Zn   :     0.66666667     0.33333333     0.50042682
   O    :     0.33333333     0.66666667     0.38082806
   O    :     0.66666667     0.33333333     0.88082806
  Stress tensor [GPa]:
      3.796959e-03   2.107078e-14  -1.348441e-16
      2.138133e-14   3.796959e-03  -1.484633e-17
     -4.937676e-17   1.695869e-16  -5.910679e-03
  Pressure :  -5.610799e-04 [GPa]
  Space group :  P6_3mc (#186)

 du0 =   1.428889e-04 [Bohr] du_tensor =   2.375839e-05
 |residual force| =   3.957701e-07 |residual stress| =   1.755595e-04

 ----------------------------------------------------------------
  Structure opt. step   10 of 1000    (T = 8.000000e+02 K)
 ----------------------------------------------------------------

 Structure at this step :
  Lattice vectors [Bohr]:
   a1 :     6.15383265     0.00000000    -0.00000000
   a2 :    -3.07691632     5.32937540    -0.00000000
   a3 :    -0.00000000    -0.00000000     9.90869359
  Atomic positions (fractional):
   Zn   :     0.33333333     0.66666667     0.00042925
   Zn   :     0.66666667     0.33333333     0.50042925
   O    :     0.33333333     0.66666667     0.38081813
   O    :     0.66666667     0.33333333     0.88081813
  Stress tensor [GPa]:
      3.224806e-03   2.971653e-14  -1.844077e-16
      3.008141e-14   3.224806e-03  -1.518601e-16
     -9.228912e-17   2.440127e-17  -5.217620e-03
  Pressure :  -4.106641e-04 [GPa]
  Space group :  P6_3mc (#186)

 du0 =   1.242516e-04 [Bohr] du_tensor =   2.065090e-05
 |residual force| =   3.442291e-07 |residual stress| =   1.523552e-04

 ----------------------------------------------------------------
  Structure opt. step   11 of 1000    (T = 8.000000e+02 K)
 ----------------------------------------------------------------

 Structure at this step :
  Lattice vectors [Bohr]:
   a1 :     6.15377736     0.00000000    -0.00000000
   a2 :    -3.07688868     5.32932752    -0.00000000
   a3 :    -0.00000000    -0.00000000     9.90885370
  Atomic positions (fractional):
   Zn   :     0.33333333     0.66666667     0.00043136
   Zn   :     0.66666667     0.33333333     0.50043136
   O    :     0.33333333     0.66666667     0.38080950
   O    :     0.66666667     0.33333333     0.88080950
  Stress tensor [GPa]:
      2.772851e-03   3.643033e-14  -1.274557e-16
      3.678472e-14   2.772851e-03   1.969003e-16
     -3.086176e-17   3.826334e-16  -4.569425e-03
  Pressure :  -3.254254e-04 [GPa]
  Space group :  P6_3mc (#186)

 du0 =   1.080405e-04 [Bohr] du_tensor =   1.795592e-05
 |residual force| =   2.993779e-07 |residual stress| =   1.323853e-04

 ----------------------------------------------------------------
  Structure opt. step   12 of 1000    (T = 8.000000e+02 K)
 ----------------------------------------------------------------

 Structure at this step :
  Lattice vectors [Bohr]:
   a1 :     6.15372959     0.00000000    -0.00000000
   a2 :    -3.07686480     5.32928615    -0.00000000
   a3 :    -0.00000000    -0.00000000     9.90899346
  Atomic positions (fractional):
   Zn   :     0.33333333     0.66666667     0.00043320
   Zn   :     0.66666667     0.33333333     0.50043320
   O    :     0.33333333     0.66666667     0.38080199
   O    :     0.66666667     0.33333333     0.88080199
  Stress tensor [GPa]:
      2.398229e-03   4.127071e-14  -1.382316e-16
      4.165781e-14   2.398229e-03  -8.847663e-17
     -3.858075e-17   9.696638e-17  -3.987614e-03
  Pressure :  -2.696147e-04 [GPa]
  Space group :  P6_3mc (#186)

 du0 =   9.394857e-05 [Bohr] du_tensor =   1.561535e-05
 |residual force| =   2.603748e-07 |residual stress| =   1.150942e-04

 ----------------------------------------------------------------
  Structure opt. step   13 of 1000    (T = 8.000000e+02 K)
 ----------------------------------------------------------------

 Structure at this step :
  Lattice vectors [Bohr]:
   a1 :     6.15368817     0.00000000    -0.00000000
   a2 :    -3.07684409     5.32925029    -0.00000000
   a3 :    -0.00000000    -0.00000000     9.90911522
  Atomic positions (fractional):
   Zn   :     0.33333333     0.66666667     0.00043479
   Zn   :     0.66666667     0.33333333     0.50043479
   O    :     0.33333333     0.66666667     0.38079547
   O    :     0.66666667     0.33333333     0.88079547
  Stress tensor [GPa]:
      2.079995e-03   4.403512e-14  -7.512089e-17
      4.442037e-14   2.079995e-03   3.567432e-17
      2.778706e-17   2.272618e-16  -3.474363e-03
  Pressure :  -2.285426e-04 [GPa]
  Space group :  P6_3mc (#186)

 du0 =   8.170072e-05 [Bohr] du_tensor =   1.358141e-05
 |residual force| =   2.264646e-07 |residual stress| =   1.000881e-04

 ----------------------------------------------------------------
  Structure opt. step   14 of 1000    (T = 8.000000e+02 K)
 ----------------------------------------------------------------

 Structure at this step :
  Lattice vectors [Bohr]:
   a1 :     6.15365221     0.00000000    -0.00000000
   a2 :    -3.07682610     5.32921914    -0.00000000
   a3 :    -0.00000000    -0.00000000     9.90922122
  Atomic positions (fractional):
   Zn   :     0.33333333     0.66666667     0.00043618
   Zn   :     0.66666667     0.33333333     0.50043618
   O    :     0.33333333     0.66666667     0.38078979
   O    :     0.66666667     0.33333333     0.88078979
  Stress tensor [GPa]:
      1.806422e-03   4.621083e-14   6.095455e-17
      4.653187e-14   1.806422e-03  -2.271988e-16
      1.399966e-16  -1.645957e-17  -3.025025e-03
  Pressure :  -1.959401e-04 [GPa]
  Space group :  P6_3mc (#186)

 du0 =   7.105532e-05 [Bohr] du_tensor =   1.181340e-05
 |residual force| =   1.969827e-07 |residual stress| =   8.705191e-05

 ----------------------------------------------------------------
  Structure opt. step   15 of 1000    (T = 8.000000e+02 K)
 ----------------------------------------------------------------

 Structure at this step :
  Lattice vectors [Bohr]:
   a1 :     6.15362095     0.00000000    -0.00000000
   a2 :    -3.07681048     5.32919207    -0.00000000
   a3 :    -0.00000000    -0.00000000     9.90931347
  Atomic positions (fractional):
   Zn   :     0.33333333     0.66666667     0.00043739
   Zn   :     0.66666667     0.33333333     0.50043739
   O    :     0.33333333     0.66666667     0.38078485
   O    :     0.66666667     0.33333333     0.88078485
  Stress tensor [GPa]:
      1.569899e-03   4.657601e-14  -8.743822e-17
      4.689890e-14   1.569899e-03   2.230239e-16
      1.858396e-18   4.035041e-16  -2.632972e-03
  Pressure :  -1.689419e-04 [GPa]
  Space group :  P6_3mc (#186)

 du0 =   6.180177e-05 [Bohr] du_tensor =   1.027627e-05
 |residual force| =   1.713492e-07 |residual stress| =   7.572131e-05

 ----------------------------------------------------------------
  Structure opt. step   16 of 1000    (T = 8.000000e+02 K)
 ----------------------------------------------------------------

 Structure at this step :
  Lattice vectors [Bohr]:
   a1 :     6.15359378     0.00000000    -0.00000000
   a2 :    -3.07679689     5.32916853    -0.00000000
   a3 :    -0.00000000    -0.00000000     9.90939374
  Atomic positions (fractional):
   Zn   :     0.33333333     0.66666667     0.00043844
   Zn   :     0.66666667     0.33333333     0.50043844
   O    :     0.33333333     0.66666667     0.38078056
   O    :     0.66666667     0.33333333     0.88078056
  Stress tensor [GPa]:
      1.364846e-03   4.676115e-14   6.834405e-17
      4.713096e-14   1.364846e-03  -3.327497e-17
      1.481768e-16   1.485220e-16  -2.291421e-03
  Pressure :  -1.460901e-04 [GPa]
  Space group :  P6_3mc (#186)

 du0 =   5.375712e-05 [Bohr] du_tensor =   8.939668e-06
 |residual force| =   1.490597e-07 |residual stress| =   6.587038e-05

 ----------------------------------------------------------------
  Structure opt. step   17 of 1000    (T = 8.000000e+02 K)
 ----------------------------------------------------------------

 Structure at this step :
  Lattice vectors [Bohr]:
   a1 :     6.15357014     0.00000000    -0.00000000
   a2 :    -3.07678507     5.32914807    -0.00000000
   a3 :    -0.00000000    -0.00000000     9.90946359
  Atomic positions (fractional):
   Zn   :     0.33333333     0.66666667     0.00043936
   Zn   :     0.66666667     0.33333333     0.50043936
   O    :     0.33333333     0.66666667     0.38077683
   O    :     0.66666667     0.33333333     0.88077683
  Stress tensor [GPa]:
      1.186833e-03   4.572469e-14  -4.150168e-16
      4.604264e-14   1.186833e-03   4.061781e-17
     -3.197954e-16   2.093274e-16  -1.994066e-03
  Pressure :  -1.265331e-04 [GPa]
  Space group :  P6_3mc (#186)

 du0 =   4.676257e-05 [Bohr] du_tensor =   7.777299e-06
 |residual force| =   1.296761e-07 |residual stress| =   5.730435e-05

 ----------------------------------------------------------------
  Structure opt. step   18 of 1000    (T = 8.000000e+02 K)
 ----------------------------------------------------------------

 Structure at this step :
  Lattice vectors [Bohr]:
   a1 :     6.15354959     0.00000000    -0.00000000
   a2 :    -3.07677479     5.32913027    -0.00000000
   a3 :    -0.00000000    -0.00000000     9.90952436
  Atomic positions (fractional):
   Zn   :     0.33333333     0.66666667     0.00044015
   Zn   :     0.66666667     0.33333333     0.50044015
   O    :     0.33333333     0.66666667     0.38077358
   O    :     0.66666667     0.33333333     0.88077358
  Stress tensor [GPa]:
      1.032184e-03   4.467917e-14  -1.693448e-17
      4.498477e-14   1.032184e-03  -3.267801e-19
      8.365681e-17   1.741321e-16  -1.735265e-03
  Pressure :  -1.097010e-04 [GPa]
  Space group :  P6_3mc (#186)

 du0 =   4.068037e-05 [Bohr] du_tensor =   6.766356e-06
 |residual force| =   1.128182e-07 |residual stress| =   4.985466e-05

 ----------------------------------------------------------------
  Structure opt. step   19 of 1000    (T = 8.000000e+02 K)
 ----------------------------------------------------------------

 Structure at this step :
  Lattice vectors [Bohr]:
   a1 :     6.15353171     0.00000000    -0.00000000
   a2 :    -3.07676585     5.32911478    -0.00000000
   a3 :    -0.00000000    -0.00000000     9.90957724
  Atomic positions (fractional):
   Zn   :     0.33333333     0.66666667     0.00044084
   Zn   :     0.66666667     0.33333333     0.50044084
   O    :     0.33333333     0.66666667     0.38077075
   O    :     0.66666667     0.33333333     0.88077075
  Stress tensor [GPa]:
      8.977785e-04   4.316458e-14   5.941861e-17
      4.350167e-14   8.977785e-04   7.510553e-17
      1.540379e-16   2.622578e-16  -1.510047e-03
  Pressure :  -9.516997e-05 [GPa]
  Space group :  P6_3mc (#186)

 du0 =   3.539098e-05 [Bohr] du_tensor =   5.887041e-06
 |residual force| =   9.815562e-08 |residual stress| =   4.337521e-05

 ----------------------------------------------------------------
  Structure opt. step   20 of 1000    (T = 8.000000e+02 K)
 ----------------------------------------------------------------

 Structure at this step :
  Lattice vectors [Bohr]:
   a1 :     6.15351616     0.00000000    -0.00000000
   a2 :    -3.07675808     5.32910131    -0.00000000
   a3 :    -0.00000000    -0.00000000     9.90962325
  Atomic positions (fractional):
   Zn   :     0.33333333     0.66666667     0.00044144
   Zn   :     0.66666667     0.33333333     0.50044144
   O    :     0.33333333     0.66666667     0.38076829
   O    :     0.66666667     0.33333333     0.88076829
  Stress tensor [GPa]:
      7.809364e-04   4.087348e-14  -3.417473e-16
      4.123588e-14   7.809364e-04  -1.668848e-16
     -2.278073e-16  -1.209998e-18  -1.314063e-03
  Pressure :  -8.260322e-05 [GPa]
  Space group :  P6_3mc (#186)

 du0 =   3.079063e-05 [Bohr] du_tensor =   5.122161e-06
 |residual force| =   8.540157e-08 |residual stress| =   3.773917e-05

 ----------------------------------------------------------------
  Structure opt. step   21 of 1000    (T = 8.000000e+02 K)
 ----------------------------------------------------------------

 Structure at this step :
  Lattice vectors [Bohr]:
   a1 :     6.15350263     0.00000000    -0.00000000
   a2 :    -3.07675131     5.32908960    -0.00000000
   a3 :    -0.00000000    -0.00000000     9.90966329
  Atomic positions (fractional):
   Zn   :     0.33333333     0.66666667     0.00044197
   Zn   :     0.66666667     0.33333333     0.50044197
   O    :     0.33333333     0.66666667     0.38076615
   O    :     0.66666667     0.33333333     0.88076615
  Stress tensor [GPa]:
      6.793445e-04   3.965055e-14   1.804167e-16
      3.997899e-14   6.793445e-04   1.385339e-16
      2.568286e-16   2.843205e-16  -1.143521e-03
  Pressure :  -7.172280e-05 [GPa]
  Space group :  P6_3mc (#186)

 du0 =   2.678926e-05 [Bohr] du_tensor =   4.456784e-06
 |residual force| =   7.430694e-08 |residual stress| =   3.283644e-05

 ----------------------------------------------------------------
  Structure opt. step   22 of 1000    (T = 8.000000e+02 K)
 ----------------------------------------------------------------

 Structure at this step :
  Lattice vectors [Bohr]:
   a1 :     6.15349085     0.00000000    -0.00000000
   a2 :    -3.07674543     5.32907940    -0.00000000
   a3 :    -0.00000000    -0.00000000     9.90969813
  Atomic positions (fractional):
   Zn   :     0.33333333     0.66666667     0.00044242
   Zn   :     0.66666667     0.33333333     0.50044242
   O    :     0.33333333     0.66666667     0.38076429
   O    :     0.66666667     0.33333333     0.88076429
  Stress tensor [GPa]:
      5.910008e-04   3.678426e-14  -3.836215e-16
      3.713801e-14   5.910008e-04  -1.554909e-16
     -2.994223e-16   1.699629e-17  -9.951172e-04
  Pressure :  -6.229478e-05 [GPa]
  Space group :  P6_3mc (#186)

 du0 =   2.330863e-05 [Bohr] du_tensor =   3.877935e-06
 |residual force| =   6.465529e-08 |residual stress| =   2.857137e-05

 ----------------------------------------------------------------
  Structure opt. step   23 of 1000    (T = 8.000000e+02 K)
 ----------------------------------------------------------------

 Structure at this step :
  Lattice vectors [Bohr]:
   a1 :     6.15348061     0.00000000    -0.00000000
   a2 :    -3.07674031     5.32907053    -0.00000000
   a3 :    -0.00000000    -0.00000000     9.90972845
  Atomic positions (fractional):
   Zn   :     0.33333333     0.66666667     0.00044282
   Zn   :     0.66666667     0.33333333     0.50044282
   O    :     0.33333333     0.66666667     0.38076267
   O    :     0.66666667     0.33333333     0.88076267
  Stress tensor [GPa]:
      5.141692e-04   3.496820e-14   1.754871e-17
      3.534665e-14   5.141692e-04   7.911662e-17
      9.908898e-17   2.503592e-16  -8.659778e-04
  Pressure :  -5.412019e-05 [GPa]
  Space group :  P6_3mc (#186)

 du0 =   2.028079e-05 [Bohr] du_tensor =   3.374339e-06
 |residual force| =   5.625855e-08 |residual stress| =   2.486084e-05

 ----------------------------------------------------------------
  Structure opt. step   24 of 1000    (T = 8.000000e+02 K)
 ----------------------------------------------------------------

 Structure at this step :
  Lattice vectors [Bohr]:
   a1 :     6.15347170     0.00000000    -0.00000000
   a2 :    -3.07673585     5.32906282    -0.00000000
   a3 :    -0.00000000    -0.00000000     9.90975483
  Atomic positions (fractional):
   Zn   :     0.33333333     0.66666667     0.00044316
   Zn   :     0.66666667     0.33333333     0.50044316
   O    :     0.33333333     0.66666667     0.38076127
   O    :     0.66666667     0.33333333     0.88076127
  Stress tensor [GPa]:
      4.473437e-04   3.277068e-14  -2.395914e-16
      3.308122e-14   4.473437e-04  -1.278525e-17
     -1.314214e-16   1.714883e-16  -7.536009e-04
  Pressure :  -4.702882e-05 [GPa]
  Space group :  P6_3mc (#186)

 du0 =   1.764671e-05 [Bohr] du_tensor =   2.936194e-06
 |residual force| =   4.895324e-08 |residual stress| =   2.163261e-05

 ----------------------------------------------------------------
  Structure opt. step   25 of 1000    (T = 8.000000e+02 K)
 ----------------------------------------------------------------

 Structure at this step :
  Lattice vectors [Bohr]:
   a1 :     6.15346395     0.00000000    -0.00000000
   a2 :    -3.07673197     5.32905610    -0.00000000
   a3 :    -0.00000000    -0.00000000     9.90977778
  Atomic positions (fractional):
   Zn   :     0.33333333     0.66666667     0.00044346
   Zn   :     0.66666667     0.33333333     0.50044346
   O    :     0.33333333     0.66666667     0.38076004
   O    :     0.66666667     0.33333333     0.88076004
  Stress tensor [GPa]:
      3.892167e-04   3.068187e-14   2.770918e-17
      3.106093e-14   3.892167e-04   7.265353e-17
      1.321177e-16   2.341492e-16  -6.558099e-04
  Pressure :  -4.087452e-05 [GPa]
  Space group :  P6_3mc (#186)

 du0 =   1.535507e-05 [Bohr] du_tensor =   2.554982e-06
 |residual force| =   4.259727e-08 |residual stress| =   1.882389e-05

 ----------------------------------------------------------------
  Structure opt. step   26 of 1000    (T = 8.000000e+02 K)
 ----------------------------------------------------------------

 Structure at this step :
  Lattice vectors [Bohr]:
   a1 :     6.15345720     0.00000000    -0.00000000
   a2 :    -3.07672860     5.32905026    -0.00000000
   a3 :    -0.00000000    -0.00000000     9.90979776
  Atomic positions (fractional):
   Zn   :     0.33333333     0.66666667     0.00044373
   Zn   :     0.66666667     0.33333333     0.50044373
   O    :     0.33333333     0.66666667     0.38075897
   O    :     0.66666667     0.33333333     0.88075897
  Stress tensor [GPa]:
      3.386528e-04   2.838752e-14  -2.955748e-17
      2.870052e-14   3.386528e-04   4.278966e-17
      7.038104e-17   2.247329e-16  -5.707110e-04
  Pressure :  -3.553154e-05 [GPa]
  Space group :  P6_3mc (#186)

 du0 =   1.336127e-05 [Bohr] du_tensor =   2.223295e-06
 |residual force| =   3.706709e-08 |residual stress| =   1.638009e-05

 ----------------------------------------------------------------
  Structure opt. step   27 of 1000    (T = 8.000000e+02 K)
 ----------------------------------------------------------------

 Structure at this step :
  Lattice vectors [Bohr]:
   a1 :     6.15345133     0.00000000    -0.00000000
   a2 :    -3.07672567     5.32904518    -0.00000000
   a3 :    -0.00000000    -0.00000000     9.90981514
  Atomic positions (fractional):
   Zn   :     0.33333333     0.66666667     0.00044395
   Zn   :     0.66666667     0.33333333     0.50044395
   O    :     0.33333333     0.66666667     0.38075805
   O    :     0.66666667     0.33333333     0.88075805
  Stress tensor [GPa]:
      2.946654e-04   2.617655e-14  -1.835001e-16
      2.653092e-14   2.946654e-04  -1.835050e-16
     -7.037892e-17  -4.003547e-18  -4.966564e-04
  Pressure :  -3.089147e-05 [GPa]
  Space group :  P6_3mc (#186)

 du0 =   1.162655e-05 [Bohr] du_tensor =   1.934691e-06
 |residual force| =   3.225528e-08 |residual stress| =   1.425374e-05

 ----------------------------------------------------------------
  Structure opt. step   28 of 1000    (T = 8.000000e+02 K)
 ----------------------------------------------------------------

 Structure at this step :
  Lattice vectors [Bohr]:
   a1 :     6.15344623     0.00000000    -0.00000000
   a2 :    -3.07672311     5.32904075    -0.00000000
   a3 :    -0.00000000    -0.00000000     9.90983027
  Atomic positions (fractional):
   Zn   :     0.33333333     0.66666667     0.00044415
   Zn   :     0.66666667     0.33333333     0.50044415
   O    :     0.33333333     0.66666667     0.38075724
   O    :     0.66666667     0.33333333     0.88075724
  Stress tensor [GPa]:
      2.563972e-04   2.471016e-14  -3.509939e-17
      2.509725e-14   2.563972e-04  -1.727283e-16
      6.976333e-17   1.358973e-17  -4.322122e-04
  Pressure :  -2.686076e-05 [GPa]
  Space group :  P6_3mc (#186)

 du0 =   1.011719e-05 [Bohr] du_tensor =   1.683568e-06
 |residual force| =   2.806842e-08 |residual stress| =   1.240356e-05

 ----------------------------------------------------------------
  Structure opt. step   29 of 1000    (T = 8.000000e+02 K)
 ----------------------------------------------------------------

 Structure at this step :
  Lattice vectors [Bohr]:
   a1 :     6.15344178     0.00000000    -0.00000000
   a2 :    -3.07672089     5.32903690    -0.00000000
   a3 :    -0.00000000    -0.00000000     9.90984344
  Atomic positions (fractional):
   Zn   :     0.33333333     0.66666667     0.00044432
   Zn   :     0.66666667     0.33333333     0.50044432
   O    :     0.33333333     0.66666667     0.38075653
   O    :     0.66666667     0.33333333     0.88075653
  Stress tensor [GPa]:
      2.231034e-04   2.258506e-14  -2.025894e-16
      2.293388e-14   2.231034e-04   2.709027e-17
     -1.172990e-16   2.123807e-16  -3.761311e-04
  Pressure :  -2.335854e-05 [GPa]
  Space group :  P6_3mc (#186)

 du0 =   8.803883e-06 [Bohr] du_tensor =   1.465054e-06
 |residual force| =   2.442527e-08 |residual stress| =   1.079364e-05


 du0 is smaller than COORD_CONV_TOL =    1.000000e-05
 du_tensor is smaller than CELL_CONV_TOL =    1.000000e-05
 Structural optimization converged in 29-th loop.

 break structural loop.


 Optimization history at 8.000000e+02 K :
 -------------------------------------------------------------------------
   step    du0 [Bohr]    du_tensor      |force|       |stress|    space group
 -------------------------------------------------------------------------
      1     5.799e-04    7.205e-04    1.584e-06     9.863e-03    P6_3mc (#186)
      2     3.685e-04    2.913e-04    1.014e-06     3.964e-03    P6_3mc (#186)
      3     3.156e-04    1.261e-04    8.708e-07     1.631e-03    P6_3mc (#186)
      4     2.803e-04    6.609e-05    7.746e-07     7.314e-04    P6_3mc (#186)
      5     2.472e-04    4.555e-05    6.837e-07     4.060e-04    P6_3mc (#186)
      6     2.164e-04    3.698e-05    5.989e-07     2.903e-04    P6_3mc (#186)
      7     1.887e-04    3.160e-05    5.224e-07     2.376e-04    P6_3mc (#186)
      8     1.643e-04    2.736e-05    4.549e-07     2.030e-04    P6_3mc (#186)
      9     1.429e-04    2.376e-05    3.958e-07     1.756e-04    P6_3mc (#186)
     10     1.243e-04    2.065e-05    3.442e-07     1.524e-04    P6_3mc (#186)
     11     1.080e-04    1.796e-05    2.994e-07     1.324e-04    P6_3mc (#186)
     12     9.395e-05    1.562e-05    2.604e-07     1.151e-04    P6_3mc (#186)
     13     8.170e-05    1.358e-05    2.265e-07     1.001e-04    P6_3mc (#186)
     14     7.106e-05    1.181e-05    1.970e-07     8.705e-05    P6_3mc (#186)
     15     6.180e-05    1.028e-05    1.713e-07     7.572e-05    P6_3mc (#186)
     16     5.376e-05    8.940e-06    1.491e-07     6.587e-05    P6_3mc (#186)
     17     4.676e-05    7.777e-06    1.297e-07     5.730e-05    P6_3mc (#186)
     18     4.068e-05    6.766e-06    1.128e-07     4.985e-05    P6_3mc (#186)
     19     3.539e-05    5.887e-06    9.816e-08     4.338e-05    P6_3mc (#186)
     20     3.079e-05    5.122e-06    8.540e-08     3.774e-05    P6_3mc (#186)
     21     2.679e-05    4.457e-06    7.431e-08     3.284e-05    P6_3mc (#186)
     22     2.331e-05    3.878e-06    6.466e-08     2.857e-05    P6_3mc (#186)
     23     2.028e-05    3.374e-06    5.626e-08     2.486e-05    P6_3mc (#186)
     24     1.765e-05    2.936e-06    4.895e-08     2.163e-05    P6_3mc (#186)
     25     1.536e-05    2.555e-06    4.260e-08     1.882e-05    P6_3mc (#186)
     26     1.336e-05    2.223e-06    3.707e-08     1.638e-05    P6_3mc (#186)
     27     1.163e-05    1.935e-06    3.226e-08     1.425e-05    P6_3mc (#186)
     28     1.012e-05    1.684e-06    2.807e-08     1.240e-05    P6_3mc (#186)
     29     8.804e-06    1.465e-06    2.443e-08     1.079e-05    P6_3mc (#186)
 -------------------------------------------------------------------------
 ----------------------------------------------------------------
 Final atomic displacements [Bohr] at 8.000e+02 K
    u_{0,x}   u_{0,y}   u_{0,z} :  -6.794825e-13   3.929718e-13  -2.858888e-03
    u_{1,x}   u_{1,y}   u_{1,z} :   6.794844e-13  -3.929567e-13  -2.858888e-03
    u_{2,x}   u_{2,y}   u_{2,z} :   6.989059e-13  -4.040863e-13   1.168257e-02
    u_{3,x}   u_{3,y}   u_{3,z} :  -6.989126e-13   4.040274e-13   1.168257e-02

 Final strain (displacement gradient tensor u_{mu nu}) : 
    6.304287e-03   2.257495e-15  -1.435402e-18
    2.257495e-15   6.304287e-03  -1.681324e-17
   -1.435402e-18  -1.681324e-17   3.704960e-03

 Final structure at 8.000000e+02 K :
  Lattice vectors [Bohr]:
   a1 :     6.15343791     0.00000000    -0.00000000
   a2 :    -3.07671896     5.32903355    -0.00000000
   a3 :    -0.00000000    -0.00000000     9.90985489
  Atomic positions (fractional):
   Zn   :     0.33333333     0.66666667     0.00044447
   Zn   :     0.66666667     0.33333333     0.50044447
   O    :     0.33333333     0.66666667     0.38075592
   O    :     0.66666667     0.33333333     0.88075592
  Space group :  P6_3mc (#186)


 ================================================================
  Temperature = 7.00000000e+02 K    (   4 of   11)
 ================================================================

 SET_INIT_STR = 2: start from structure from the previous temperature.

 Initial atomic displacements [Bohr] : 
    u_{0,x}   u_{0,y}   u_{0,z} :  -6.794825e-13   3.929718e-13  -2.858888e-03
    u_{1,x}   u_{1,y}   u_{1,z} :   6.794844e-13  -3.929567e-13  -2.858888e-03
    u_{2,x}   u_{2,y}   u_{2,z} :   6.989059e-13  -4.040863e-13   1.168257e-02
    u_{3,x}   u_{3,y}   u_{3,z} :  -6.989126e-13   4.040274e-13   1.168257e-02

 Initial strain (displacement gradient tensor u_{mu nu}) : 
    6.304287e-03   2.257495e-15  -1.435402e-18
    2.257495e-15   6.304287e-03  -1.681324e-17
   -1.435402e-18  -1.681324e-17   3.704960e-03

 Start structural optimization at 7.000000e+02 K.

 ----------------------------------------------------------------
  Structure opt. step    1 of 1000    (T = 7.000000e+02 K)
 ----------------------------------------------------------------

 Structure at this step :
  Lattice vectors [Bohr]:
   a1 :     6.15343791     0.00000000    -0.00000000
   a2 :    -3.07671896     5.32903355    -0.00000000
   a3 :    -0.00000000    -0.00000000     9.90985489
  Atomic positions (fractional):
   Zn   :     0.33333333     0.66666667     0.00044447
   Zn   :     0.66666667     0.33333333     0.50044447
   O    :     0.33333333     0.66666667     0.38075592
   O    :     0.66666667     0.33333333     0.88075592
  Stress tensor [GPa]:
      2.482120e-01   4.113388e-13  -3.606886e-17
      4.116685e-13   2.482120e-01   5.435130e-17
      4.778413e-17   2.089604e-16   2.590878e-01
  Pressure :  -2.518372e-01 [GPa]
  Space group :  P6_3mc (#186)

 du0 =   5.407600e-04 [Bohr] du_tensor =   7.001819e-04
 |residual force| =   1.500292e-06 |residual stress| =   9.586145e-03

 ----------------------------------------------------------------
  Structure opt. step    2 of 1000    (T = 7.000000e+02 K)
 ----------------------------------------------------------------

 Structure at this step :
  Lattice vectors [Bohr]:
   a1 :     6.15104654     0.00000000    -0.00000000
   a2 :    -3.07552327     5.32696256    -0.00000000
   a3 :    -0.00000000    -0.00000000     9.90561540
  Atomic positions (fractional):
   Zn   :     0.33333333     0.66666667     0.00045352
   Zn   :     0.66666667     0.33333333     0.50045352
   O    :     0.33333333     0.66666667     0.38071893
   O    :     0.66666667     0.33333333     0.88071893
  Stress tensor [GPa]:
      1.035574e-01   3.361125e-14  -2.232620e-16
      3.390103e-14   1.035574e-01  -1.758600e-16
     -1.617238e-16  -7.046981e-18   8.677440e-02
  Pressure :  -9.796308e-02 [GPa]
  Space group :  P6_3mc (#186)

 du0 =   3.298236e-04 [Bohr] du_tensor =   2.745233e-04
 |residual force| =   9.214200e-07 |residual stress| =   3.736403e-03

 ----------------------------------------------------------------
  Structure opt. step    3 of 1000    (T = 7.000000e+02 K)
 ----------------------------------------------------------------

 Structure at this step :
  Lattice vectors [Bohr]:
   a1 :     6.14998955     0.00000000    -0.00000000
   a2 :    -3.07499477     5.32604718    -0.00000000
   a3 :    -0.00000000    -0.00000000     9.90438202
  Atomic positions (fractional):
   Zn   :     0.33333333     0.66666667     0.00045909
   Zn   :     0.66666667     0.33333333     0.50045909
   O    :     0.33333333     0.66666667     0.38069620
   O    :     0.66666667     0.33333333     0.88069620
  Stress tensor [GPa]:
      4.442048e-02  -2.906056e-14  -1.569218e-16
     -2.871878e-14   4.442048e-02   2.140745e-18
     -7.912944e-17   1.544123e-16   2.559461e-02
  Pressure :  -3.814519e-02 [GPa]
  Space group :  P6_3mc (#186)

 du0 =   2.798475e-04 [Bohr] du_tensor =   1.149544e-04
 |residual force| =   7.838216e-07 |residual stress| =   1.487990e-03

 ----------------------------------------------------------------
  Structure opt. step    4 of 1000    (T = 7.000000e+02 K)
 ----------------------------------------------------------------

 Structure at this step :
  Lattice vectors [Bohr]:
   a1 :     6.14950352     0.00000000    -0.00000000
   a2 :    -3.07475176     5.32562627    -0.00000000
   a3 :    -0.00000000    -0.00000000     9.90414430
  Atomic positions (fractional):
   Zn   :     0.33333333     0.66666667     0.00046383
   Zn   :     0.66666667     0.33333333     0.50046383
   O    :     0.33333333     0.66666667     0.38067682
   O    :     0.66666667     0.33333333     0.88067682
  Stress tensor [GPa]:
      2.071410e-02  -5.071149e-14   2.342885e-16
     -5.042901e-14   2.071410e-02   1.300709e-16
      3.096765e-16   2.750044e-16   3.630837e-03
  Pressure :  -1.501968e-02 [GPa]
  Space group :  P6_3mc (#186)

 du0 =   2.464214e-04 [Bohr] du_tensor =   5.865277e-05
 |residual force| =   6.910222e-07 |residual stress| =   6.472272e-04

 ----------------------------------------------------------------
  Structure opt. step    5 of 1000    (T = 7.000000e+02 K)
 ----------------------------------------------------------------

 Structure at this step :
  Lattice vectors [Bohr]:
   a1 :     6.14925351     0.00000000    -0.00000000
   a2 :    -3.07462675     5.32540975    -0.00000000
   a3 :    -0.00000000    -0.00000000     9.90424139
  Atomic positions (fractional):
   Zn   :     0.33333333     0.66666667     0.00046801
   Zn   :     0.66666667     0.33333333     0.50046801
   O    :     0.33333333     0.66666667     0.38065972
   O    :     0.66666667     0.33333333     0.88065972
  Stress tensor [GPa]:
      1.105718e-02  -4.635050e-14  -2.035055e-16
     -4.605750e-14   1.105718e-02  -1.734538e-16
     -1.390725e-16  -1.724219e-17  -3.891909e-03
  Pressure :  -6.074152e-03 [GPa]
  Space group :  P6_3mc (#186)

 du0 =   2.154970e-04 [Bohr] du_tensor =   4.003503e-05
 |residual force| =   6.047088e-07 |residual stress| =   3.533527e-04

 ----------------------------------------------------------------
  Structure opt. step    6 of 1000    (T = 7.000000e+02 K)
 ----------------------------------------------------------------

 Structure at this step :
  Lattice vectors [Bohr]:
   a1 :     6.14910362     0.00000000    -0.00000000
   a2 :    -3.07455181     5.32527995    -0.00000000
   a3 :    -0.00000000    -0.00000000     9.90443916
  Atomic positions (fractional):
   Zn   :     0.33333333     0.66666667     0.00047168
   Zn   :     0.66666667     0.33333333     0.50047168
   O    :     0.33333333     0.66666667     0.38064476
   O    :     0.66666667     0.33333333     0.88064476
  Stress tensor [GPa]:
      6.915856e-03  -3.449636e-14   1.140697e-16
     -3.423241e-14   6.915856e-03   5.862617e-17
      1.873043e-16   1.938825e-16  -6.053241e-03
  Pressure :  -2.592824e-03 [GPa]
  Space group :  P6_3mc (#186)

 du0 =   1.872231e-04 [Bohr] du_tensor =   3.238691e-05
 |residual force| =   5.256041e-07 |residual stress| =   2.523513e-04

 ----------------------------------------------------------------
  Structure opt. step    7 of 1000    (T = 7.000000e+02 K)
 ----------------------------------------------------------------

 Structure at this step :
  Lattice vectors [Bohr]:
   a1 :     6.14899969     0.00000000    -0.00000000
   a2 :    -3.07449984     5.32518994    -0.00000000
   a3 :    -0.00000000    -0.00000000     9.90465345
  Atomic positions (fractional):
   Zn   :     0.33333333     0.66666667     0.00047486
   Zn   :     0.66666667     0.33333333     0.50047486
   O    :     0.33333333     0.66666667     0.38063175
   O    :     0.66666667     0.33333333     0.88063175
  Stress tensor [GPa]:
      4.958662e-03  -2.053317e-14  -3.558261e-16
     -2.024265e-14   4.958662e-03   3.229485e-17
     -2.775282e-16   1.802882e-16  -6.263488e-03
  Pressure :  -1.217945e-03 [GPa]
  Space group :  P6_3mc (#186)

 du0 =   1.621209e-04 [Bohr] du_tensor =   2.755948e-05
 |residual force| =   4.552858e-07 |residual stress| =   2.063679e-04

 ----------------------------------------------------------------
  Structure opt. step    8 of 1000    (T = 7.000000e+02 K)
 ----------------------------------------------------------------

 Structure at this step :
  Lattice vectors [Bohr]:
   a1 :     6.14891974     0.00000000    -0.00000000
   a2 :    -3.07445987     5.32512070    -0.00000000
   a3 :    -0.00000000    -0.00000000     9.90485524
  Atomic positions (fractional):
   Zn   :     0.33333333     0.66666667     0.00047761
   Zn   :     0.66666667     0.33333333     0.50047761
   O    :     0.33333333     0.66666667     0.38062049
   O    :     0.66666667     0.33333333     0.88062049
  Stress tensor [GPa]:
      3.891770e-03  -8.394422e-15   1.375163e-16
     -8.102664e-15   3.891770e-03  -3.274742e-17
      2.132600e-16   1.093500e-16  -5.810021e-03
  Pressure :  -6.578394e-04 [GPa]
  Space group :  P6_3mc (#186)

 du0 =   1.401830e-04 [Bohr] du_tensor =   2.372656e-05
 |residual force| =   3.937838e-07 |residual stress| =   1.756837e-04

 ----------------------------------------------------------------
  Structure opt. step    9 of 1000    (T = 7.000000e+02 K)
 ----------------------------------------------------------------

 Structure at this step :
  Lattice vectors [Bohr]:
   a1 :     6.14885448     0.00000000    -0.00000000
   a2 :    -3.07442724     5.32506419    -0.00000000
   a3 :    -0.00000000    -0.00000000     9.90503599
  Atomic positions (fractional):
   Zn   :     0.33333333     0.66666667     0.00048000
   Zn   :     0.66666667     0.33333333     0.50048000
   O    :     0.33333333     0.66666667     0.38061075
   O    :     0.66666667     0.33333333     0.88061075
  Stress tensor [GPa]:
      3.210401e-03   1.443038e-15  -9.867717e-17
      1.695234e-15   3.210401e-03  -1.824411e-17
     -1.482439e-17   1.193823e-16  -5.174417e-03
  Pressure :  -4.154613e-04 [GPa]
  Space group :  P6_3mc (#186)

 du0 =   1.211465e-04 [Bohr] du_tensor =   2.048135e-05
 |residual force| =   3.403860e-07 |residual stress| =   1.511289e-04

 ----------------------------------------------------------------
  Structure opt. step   10 of 1000    (T = 7.000000e+02 K)
 ----------------------------------------------------------------

 Structure at this step :
  Lattice vectors [Bohr]:
   a1 :     6.14879957     0.00000000    -0.00000000
   a2 :    -3.07439979     5.32501663    -0.00000000
   a3 :    -0.00000000    -0.00000000     9.90519465
  Atomic positions (fractional):
   Zn   :     0.33333333     0.66666667     0.00048206
   Zn   :     0.66666667     0.33333333     0.50048206
   O    :     0.33333333     0.66666667     0.38060233
   O    :     0.66666667     0.33333333     0.88060233
  Stress tensor [GPa]:
      2.714519e-03   9.442764e-15  -1.510973e-16
      9.750590e-15   2.714519e-03  -1.361087e-17
     -6.303968e-17   1.227702e-16  -4.531528e-03
  Pressure :  -2.991699e-04 [GPa]
  Space group :  P6_3mc (#186)

 du0 =   1.046774e-04 [Bohr] du_tensor =   1.769257e-05
 |residual force| =   2.941692e-07 |residual stress| =   1.303895e-04

 ----------------------------------------------------------------
  Structure opt. step   11 of 1000    (T = 7.000000e+02 K)
 ----------------------------------------------------------------

 Structure at this step :
  Lattice vectors [Bohr]:
   a1 :     6.14875270     0.00000000    -0.00000000
   a2 :    -3.07437635     5.32497604    -0.00000000
   a3 :    -0.00000000    -0.00000000     9.90533271
  Atomic positions (fractional):
   Zn   :     0.33333333     0.66666667     0.00048384
   Zn   :     0.66666667     0.33333333     0.50048384
   O    :     0.33333333     0.66666667     0.38059506
   O    :     0.66666667     0.33333333     0.88059506
  Stress tensor [GPa]:
      2.322071e-03   1.619571e-14  -2.405540e-17
      1.649488e-14   2.322071e-03  -2.008007e-17
      3.585716e-17   1.110153e-16  -3.939944e-03
  Pressure :  -2.347324e-04 [GPa]
  Space group :  P6_3mc (#186)

 du0 =   9.044623e-05 [Bohr] du_tensor =   1.528743e-05
 |residual force| =   2.542181e-07 |residual stress| =   1.126082e-04

 ----------------------------------------------------------------
  Structure opt. step   12 of 1000    (T = 7.000000e+02 K)
 ----------------------------------------------------------------

 Structure at this step :
  Lattice vectors [Bohr]:
   a1 :     6.14871243     0.00000000    -0.00000000
   a2 :    -3.07435622     5.32494117    -0.00000000
   a3 :    -0.00000000    -0.00000000     9.90545240
  Atomic positions (fractional):
   Zn   :     0.33333333     0.66666667     0.00048538
   Zn   :     0.66666667     0.33333333     0.50048538
   O    :     0.33333333     0.66666667     0.38058877
   O    :     0.66666667     0.33333333     0.88058877
  Stress tensor [GPa]:
      1.997063e-03   2.031855e-14  -1.332150e-16
      2.065419e-14   1.997063e-03  -6.663723e-17
     -5.284280e-17   7.700952e-17  -3.414805e-03
  Pressure :  -1.931068e-04 [GPa]
  Space group :  P6_3mc (#186)

 du0 =   7.815388e-05 [Bohr] du_tensor =   1.321102e-05
 |residual force| =   2.196991e-07 |residual stress| =   9.729178e-05

 ----------------------------------------------------------------
  Structure opt. step   13 of 1000    (T = 7.000000e+02 K)
 ----------------------------------------------------------------

 Structure at this step :
  Lattice vectors [Bohr]:
   a1 :     6.14867772     0.00000000    -0.00000000
   a2 :    -3.07433886     5.32491111    -0.00000000
   a3 :    -0.00000000    -0.00000000     9.90555599
  Atomic positions (fractional):
   Zn   :     0.33333333     0.66666667     0.00048670
   Zn   :     0.66666667     0.33333333     0.50048670
   O    :     0.33333333     0.66666667     0.38058334
   O    :     0.66666667     0.33333333     0.88058334
  Stress tensor [GPa]:
      1.721826e-03   2.352663e-14  -4.209410e-17
      2.383445e-14   1.721826e-03  -3.147951e-17
      3.206898e-17   1.103788e-16  -2.955574e-03
  Pressure :  -1.626930e-04 [GPa]
  Space group :  P6_3mc (#186)

 du0 =   6.753694e-05 [Bohr] du_tensor =   1.141768e-05
 |residual force| =   1.898770e-07 |residual stress| =   8.407593e-05

 ----------------------------------------------------------------
  Structure opt. step   14 of 1000    (T = 7.000000e+02 K)
 ----------------------------------------------------------------

 Structure at this step :
  Lattice vectors [Bohr]:
   a1 :     6.14864777     0.00000000    -0.00000000
   a2 :    -3.07432388     5.32488516    -0.00000000
   a3 :    -0.00000000    -0.00000000     9.90564560
  Atomic positions (fractional):
   Zn   :     0.33333333     0.66666667     0.00048785
   Zn   :     0.66666667     0.33333333     0.50048785
   O    :     0.33333333     0.66666667     0.38057865
   O    :     0.66666667     0.33333333     0.88057865
  Stress tensor [GPa]:
      1.486274e-03   2.547072e-14   4.378553e-17
      2.579708e-14   1.486274e-03   1.038969e-16
      1.217721e-16   2.494466e-16  -2.556560e-03
  Pressure :  -1.386624e-04 [GPa]
  Space group :  P6_3mc (#186)

 du0 =   5.836653e-05 [Bohr] du_tensor =   9.868478e-06
 |residual force| =   1.641122e-07 |residual stress| =   7.266407e-05

 ----------------------------------------------------------------
  Structure opt. step   15 of 1000    (T = 7.000000e+02 K)
 ----------------------------------------------------------------

 Structure at this step :
  Lattice vectors [Bohr]:
   a1 :     6.14862189     0.00000000    -0.00000000
   a2 :    -3.07431095     5.32486276    -0.00000000
   a3 :    -0.00000000    -0.00000000     9.90572307
  Atomic positions (fractional):
   Zn   :     0.33333333     0.66666667     0.00048884
   Zn   :     0.66666667     0.33333333     0.50048884
   O    :     0.33333333     0.66666667     0.38057460
   O    :     0.66666667     0.33333333     0.88057460
  Stress tensor [GPa]:
      1.283693e-03   2.680294e-14  -4.058165e-16
      2.708665e-14   1.283693e-03  -4.627563e-17
     -3.251197e-16   9.306040e-17  -2.210842e-03
  Pressure :  -1.188482e-04 [GPa]
  Space group :  P6_3mc (#186)

 du0 =   5.044474e-05 [Bohr] du_tensor =   8.529977e-06
 |residual force| =   1.418510e-07 |residual stress| =   6.280629e-05

 ----------------------------------------------------------------
  Structure opt. step   16 of 1000    (T = 7.000000e+02 K)
 ----------------------------------------------------------------

 Structure at this step :
  Lattice vectors [Bohr]:
   a1 :     6.14859954     0.00000000    -0.00000000
   a2 :    -3.07429977     5.32484340    -0.00000000
   a3 :    -0.00000000    -0.00000000     9.90579006
  Atomic positions (fractional):
   Zn   :     0.33333333     0.66666667     0.00048970
   Zn   :     0.66666667     0.33333333     0.50048970
   O    :     0.33333333     0.66666667     0.38057109
   O    :     0.66666667     0.33333333     0.88057109
  Stress tensor [GPa]:
      1.109068e-03   2.700718e-14  -1.005294e-16
      2.727359e-14   1.109068e-03  -3.486402e-18
     -1.607002e-17   1.228785e-16  -1.911669e-03
  Pressure :  -1.021557e-04 [GPa]
  Space group :  P6_3mc (#186)

 du0 =   4.360079e-05 [Bohr] du_tensor =   7.373386e-06
 |residual force| =   1.226155e-07 |residual stress| =   5.428913e-05

 ----------------------------------------------------------------
  Structure opt. step   17 of 1000    (T = 7.000000e+02 K)
 ----------------------------------------------------------------

 Structure at this step :
  Lattice vectors [Bohr]:
   a1 :     6.14858022     0.00000000    -0.00000000
   a2 :    -3.07429011     5.32482667    -0.00000000
   a3 :    -0.00000000    -0.00000000     9.90584797
  Atomic positions (fractional):
   Zn   :     0.33333333     0.66666667     0.00049044
   Zn   :     0.66666667     0.33333333     0.50049044
   O    :     0.33333333     0.66666667     0.38056806
   O    :     0.66666667     0.33333333     0.88056806
  Stress tensor [GPa]:
      9.583702e-04   2.686411e-14   4.348031e-17
      2.717934e-14   9.583702e-04  -1.227028e-17
      1.298025e-16   1.488912e-16  -1.652910e-03
  Pressure :  -8.794333e-05 [GPa]
  Space group :  P6_3mc (#186)

 du0 =   3.768741e-05 [Bohr] du_tensor =   6.373888e-06
 |residual force| =   1.059929e-07 |residual stress| =   4.692924e-05

 ----------------------------------------------------------------
  Structure opt. step   18 of 1000    (T = 7.000000e+02 K)
 ----------------------------------------------------------------

 Structure at this step :
  Lattice vectors [Bohr]:
   a1 :     6.14856352     0.00000000    -0.00000000
   a2 :    -3.07428176     5.32481221    -0.00000000
   a3 :    -0.00000000    -0.00000000     9.90589804
  Atomic positions (fractional):
   Zn   :     0.33333333     0.66666667     0.00049108
   Zn   :     0.66666667     0.33333333     0.50049108
   O    :     0.33333333     0.66666667     0.38056545
   O    :     0.66666667     0.33333333     0.88056545
  Stress tensor [GPa]:
      8.282465e-04   2.690219e-14  -8.202858e-17
      2.716427e-14   8.282465e-04   1.818132e-17
     -8.033762e-18   1.576385e-16  -1.429158e-03
  Pressure :  -7.577825e-05 [GPa]
  Space group :  P6_3mc (#186)

 du0 =   3.257755e-05 [Bohr] du_tensor =   5.510077e-06
 |residual force| =   9.162723e-08 |residual stress| =   4.056874e-05

 ----------------------------------------------------------------
  Structure opt. step   19 of 1000    (T = 7.000000e+02 K)
 ----------------------------------------------------------------

 Structure at this step :
  Lattice vectors [Bohr]:
   a1 :     6.14854909     0.00000000    -0.00000000
   a2 :    -3.07427454     5.32479971    -0.00000000
   a3 :    -0.00000000    -0.00000000     9.90594132
  Atomic positions (fractional):
   Zn   :     0.33333333     0.66666667     0.00049164
   Zn   :     0.66666667     0.33333333     0.50049164
   O    :     0.33333333     0.66666667     0.38056318
   O    :     0.66666667     0.33333333     0.88056318
  Stress tensor [GPa]:
      7.158509e-04   2.630924e-14   5.303994e-17
      2.656143e-14   7.158509e-04   7.060700e-17
      1.312515e-16   2.345891e-16  -1.235693e-03
  Pressure :  -6.533614e-05 [GPa]
  Space group :  P6_3mc (#186)

 du0 =   2.816167e-05 [Bohr] du_tensor =   4.763481e-06
 |residual force| =   7.921120e-08 |residual stress| =   3.507147e-05

 ----------------------------------------------------------------
  Structure opt. step   20 of 1000    (T = 7.000000e+02 K)
 ----------------------------------------------------------------

 Structure at this step :
  Lattice vectors [Bohr]:
   a1 :     6.14853661     0.00000000    -0.00000000
   a2 :    -3.07426831     5.32478890    -0.00000000
   a3 :    -0.00000000    -0.00000000     9.90597875
  Atomic positions (fractional):
   Zn   :     0.33333333     0.66666667     0.00049212
   Zn   :     0.66666667     0.33333333     0.50049212
   O    :     0.33333333     0.66666667     0.38056123
   O    :     0.66666667     0.33333333     0.88056123
  Stress tensor [GPa]:
      6.187483e-04   2.441522e-14  -2.026051e-16
      2.470882e-14   6.187483e-04   9.404520e-17
     -1.313445e-16   2.361318e-16  -1.068422e-03
  Pressure :  -5.635831e-05 [GPa]
  Space group :  P6_3mc (#186)

 du0 =   2.434521e-05 [Bohr] du_tensor =   4.118158e-06
 |residual force| =   6.847956e-08 |residual stress| =   3.031998e-05

 ----------------------------------------------------------------
  Structure opt. step   21 of 1000    (T = 7.000000e+02 K)
 ----------------------------------------------------------------

 Structure at this step :
  Lattice vectors [Bohr]:
   a1 :     6.14852583     0.00000000    -0.00000000
   a2 :    -3.07426292     5.32477957    -0.00000000
   a3 :    -0.00000000    -0.00000000     9.90601110
  Atomic positions (fractional):
   Zn   :     0.33333333     0.66666667     0.00049253
   Zn   :     0.66666667     0.33333333     0.50049253
   O    :     0.33333333     0.66666667     0.38055954
   O    :     0.66666667     0.33333333     0.88055954
  Stress tensor [GPa]:
      5.348457e-04   2.402199e-14  -4.379030e-17
      2.428592e-14   5.348457e-04  -1.501892e-16
      3.214219e-17   5.269204e-18  -9.237975e-04
  Pressure :  -4.863132e-05 [GPa]
  Space group :  P6_3mc (#186)

 du0 =   2.104661e-05 [Bohr] du_tensor =   3.560341e-06
 |residual force| =   5.920331e-08 |residual stress| =   2.621286e-05

 ----------------------------------------------------------------
  Structure opt. step   22 of 1000    (T = 7.000000e+02 K)
 ----------------------------------------------------------------

 Structure at this step :
  Lattice vectors [Bohr]:
   a1 :     6.14851651     0.00000000    -0.00000000
   a2 :    -3.07425825     5.32477149    -0.00000000
   a3 :    -0.00000000    -0.00000000     9.90603908
  Atomic positions (fractional):
   Zn   :     0.33333333     0.66666667     0.00049289
   Zn   :     0.66666667     0.33333333     0.50049289
   O    :     0.33333333     0.66666667     0.38055807
   O    :     0.66666667     0.33333333     0.88055807
  Stress tensor [GPa]:
      4.623410e-04   2.188698e-14  -1.603579e-16
      2.215895e-14   4.623410e-04   7.315578e-17
     -7.849763e-17   2.336541e-16  -7.987542e-04
  Pressure :  -4.197591e-05 [GPa]
  Space group :  P6_3mc (#186)

 du0 =   1.819542e-05 [Bohr] du_tensor =   3.078145e-06
 |residual force| =   5.118471e-08 |residual stress| =   2.266257e-05

 ----------------------------------------------------------------
  Structure opt. step   23 of 1000    (T = 7.000000e+02 K)
 ----------------------------------------------------------------

 Structure at this step :
  Lattice vectors [Bohr]:
   a1 :     6.14850845     0.00000000    -0.00000000
   a2 :    -3.07425423     5.32476451    -0.00000000
   a3 :    -0.00000000    -0.00000000     9.90606327
  Atomic positions (fractional):
   Zn   :     0.33333333     0.66666667     0.00049320
   Zn   :     0.66666667     0.33333333     0.50049320
   O    :     0.33333333     0.66666667     0.38055681
   O    :     0.66666667     0.33333333     0.88055681
  Stress tensor [GPa]:
      3.996802e-04   2.155314e-14   8.449587e-17
      2.181769e-14   3.996802e-04  -6.044895e-17
      1.656510e-16   9.179881e-17  -6.906399e-04
  Pressure :  -3.624015e-05 [GPa]
  Space group :  P6_3mc (#186)

 du0 =   1.573084e-05 [Bohr] du_tensor =   2.661301e-06
 |residual force| =   4.425297e-08 |residual stress| =   1.959350e-05

 ----------------------------------------------------------------
  Structure opt. step   24 of 1000    (T = 7.000000e+02 K)
 ----------------------------------------------------------------

 Structure at this step :
  Lattice vectors [Bohr]:
   a1 :     6.14850148     0.00000000    -0.00000000
   a2 :    -3.07425074     5.32475848    -0.00000000
   a3 :    -0.00000000    -0.00000000     9.90608418
  Atomic positions (fractional):
   Zn   :     0.33333333     0.66666667     0.00049346
   Zn   :     0.66666667     0.33333333     0.50049346
   O    :     0.33333333     0.66666667     0.38055572
   O    :     0.66666667     0.33333333     0.88055572
  Stress tensor [GPa]:
      3.455230e-04   2.008139e-14  -8.727241e-17
      2.037870e-14   3.455230e-04  -2.519526e-16
     -6.798002e-18  -1.016677e-16  -5.971619e-04
  Pressure :  -3.129467e-05 [GPa]
  Space group :  P6_3mc (#186)

 du0 =   1.360036e-05 [Bohr] du_tensor =   2.300941e-06
 |residual force| =   3.826058e-08 |residual stress| =   1.694032e-05

 ----------------------------------------------------------------
  Structure opt. step   25 of 1000    (T = 7.000000e+02 K)
 ----------------------------------------------------------------

 Structure at this step :
  Lattice vectors [Bohr]:
   a1 :     6.14849546    -0.00000000    -0.00000000
   a2 :    -3.07424773     5.32475326    -0.00000000
   a3 :    -0.00000000    -0.00000000     9.90610226
  Atomic positions (fractional):
   Zn   :     0.33333333     0.66666667     0.00049370
   Zn   :     0.66666667     0.33333333     0.50049370
   O    :     0.33333333     0.66666667     0.38055477
   O    :     0.66666667     0.33333333     0.88055477
  Stress tensor [GPa]:
      2.987124e-04   1.832348e-14  -1.218112e-16
      1.859359e-14   2.987124e-04   1.854872e-16
     -3.337636e-17   3.325438e-16  -5.163382e-04
  Pressure :  -2.702890e-05 [GPa]
  Space group :  P6_3mc (#186)

 du0 =   1.175862e-05 [Bohr] du_tensor =   1.989402e-06
 |residual force| =   3.308009e-08 |residual stress| =   1.464661e-05

 ----------------------------------------------------------------
  Structure opt. step   26 of 1000    (T = 7.000000e+02 K)
 ----------------------------------------------------------------

 Structure at this step :
  Lattice vectors [Bohr]:
   a1 :     6.14849025    -0.00000000    -0.00000000
   a2 :    -3.07424513     5.32474875    -0.00000000
   a3 :    -0.00000000    -0.00000000     9.90611789
  Atomic positions (fractional):
   Zn   :     0.33333333     0.66666667     0.00049390
   Zn   :     0.66666667     0.33333333     0.50049390
   O    :     0.33333333     0.66666667     0.38055395
   O    :     0.66666667     0.33333333     0.88055395
  Stress tensor [GPa]:
      2.582499e-04   1.726342e-14  -1.538830e-16
      1.754713e-14   2.582499e-04  -8.638649e-18
     -7.339835e-17   1.359882e-16  -4.464552e-04
  Pressure :  -2.334819e-05 [GPa]
  Space group :  P6_3mc (#186)

 du0 =   1.016643e-05 [Bohr] du_tensor =   1.720064e-06
 |residual force| =   2.860138e-08 |residual stress| =   1.266361e-05

 ----------------------------------------------------------------
  Structure opt. step   27 of 1000    (T = 7.000000e+02 K)
 ----------------------------------------------------------------

 Structure at this step :
  Lattice vectors [Bohr]:
   a1 :     6.14848575    -0.00000000    -0.00000000
   a2 :    -3.07424288     5.32474486    -0.00000000
   a3 :    -0.00000000    -0.00000000     9.90613141
  Atomic positions (fractional):
   Zn   :     0.33333333     0.66666667     0.00049407
   Zn   :     0.66666667     0.33333333     0.50049407
   O    :     0.33333333     0.66666667     0.38055325
   O    :     0.66666667     0.33333333     0.88055325
  Stress tensor [GPa]:
      2.232729e-04   1.633563e-14  -2.652114e-17
      1.662799e-14   2.232729e-04   5.458029e-17
      4.419434e-17   2.098498e-16  -3.860316e-04
  Pressure :  -2.017140e-05 [GPa]
  Space group :  P6_3mc (#186)

 du0 =   8.789950e-06 [Bohr] du_tensor =   1.487205e-06
 |residual force| =   2.472930e-08 |residual stress| =   1.094921e-05


 du0 is smaller than COORD_CONV_TOL =    1.000000e-05
 du_tensor is smaller than CELL_CONV_TOL =    1.000000e-05
 Structural optimization converged in 27-th loop.

 break structural loop.


 Optimization history at 7.000000e+02 K :
 -------------------------------------------------------------------------
   step    du0 [Bohr]    du_tensor      |force|       |stress|    space group
 -------------------------------------------------------------------------
      1     5.408e-04    7.002e-04    1.500e-06     9.586e-03    P6_3mc (#186)
      2     3.298e-04    2.745e-04    9.214e-07     3.736e-03    P6_3mc (#186)
      3     2.798e-04    1.150e-04    7.838e-07     1.488e-03    P6_3mc (#186)
      4     2.464e-04    5.865e-05    6.910e-07     6.472e-04    P6_3mc (#186)
      5     2.155e-04    4.004e-05    6.047e-07     3.534e-04    P6_3mc (#186)
      6     1.872e-04    3.239e-05    5.256e-07     2.524e-04    P6_3mc (#186)
      7     1.621e-04    2.756e-05    4.553e-07     2.064e-04    P6_3mc (#186)
      8     1.402e-04    2.373e-05    3.938e-07     1.757e-04    P6_3mc (#186)
      9     1.211e-04    2.048e-05    3.404e-07     1.511e-04    P6_3mc (#186)
     10     1.047e-04    1.769e-05    2.942e-07     1.304e-04    P6_3mc (#186)
     11     9.045e-05    1.529e-05    2.542e-07     1.126e-04    P6_3mc (#186)
     12     7.815e-05    1.321e-05    2.197e-07     9.729e-05    P6_3mc (#186)
     13     6.754e-05    1.142e-05    1.899e-07     8.408e-05    P6_3mc (#186)
     14     5.837e-05    9.868e-06    1.641e-07     7.266e-05    P6_3mc (#186)
     15     5.044e-05    8.530e-06    1.419e-07     6.281e-05    P6_3mc (#186)
     16     4.360e-05    7.373e-06    1.226e-07     5.429e-05    P6_3mc (#186)
     17     3.769e-05    6.374e-06    1.060e-07     4.693e-05    P6_3mc (#186)
     18     3.258e-05    5.510e-06    9.163e-08     4.057e-05    P6_3mc (#186)
     19     2.816e-05    4.763e-06    7.921e-08     3.507e-05    P6_3mc (#186)
     20     2.435e-05    4.118e-06    6.848e-08     3.032e-05    P6_3mc (#186)
     21     2.105e-05    3.560e-06    5.920e-08     2.621e-05    P6_3mc (#186)
     22     1.820e-05    3.078e-06    5.118e-08     2.266e-05    P6_3mc (#186)
     23     1.573e-05    2.661e-06    4.425e-08     1.959e-05    P6_3mc (#186)
     24     1.360e-05    2.301e-06    3.826e-08     1.694e-05    P6_3mc (#186)
     25     1.176e-05    1.989e-06    3.308e-08     1.465e-05    P6_3mc (#186)
     26     1.017e-05    1.720e-06    2.860e-08     1.266e-05    P6_3mc (#186)
     27     8.790e-06    1.487e-06    2.473e-08     1.095e-05    P6_3mc (#186)
 -------------------------------------------------------------------------
 ----------------------------------------------------------------
 Final atomic displacements [Bohr] at 7.000e+02 K
    u_{0,x}   u_{0,y}   u_{0,z} :  -5.238010e-13   3.029974e-13  -2.365019e-03
    u_{1,x}   u_{1,y}   u_{1,z} :   5.238029e-13  -3.029821e-13  -2.365019e-03
    u_{2,x}   u_{2,y}   u_{2,z} :   5.472236e-13  -3.164699e-13   9.664421e-03
    u_{3,x}   u_{3,y}   u_{3,z} :  -5.472308e-13   3.164103e-13   9.664421e-03

 Final strain (displacement gradient tensor u_{mu nu}) : 
    5.493797e-03  -2.698805e-16  -1.375028e-18
   -2.698805e-16   5.493797e-03  -1.567720e-17
   -1.375028e-18  -1.567720e-17   3.329016e-03

 Final structure at 7.000000e+02 K :
  Lattice vectors [Bohr]:
   a1 :     6.14848186    -0.00000000    -0.00000000
   a2 :    -3.07424093     5.32474148    -0.00000000
   a3 :    -0.00000000    -0.00000000     9.90614310
  Atomic positions (fractional):
   Zn   :     0.33333333     0.66666667     0.00049422
   Zn   :     0.66666667     0.33333333     0.50049422
   O    :     0.33333333     0.66666667     0.38055264
   O    :     0.66666667     0.33333333     0.88055264
  Space group :  P6_3mc (#186)


 ================================================================
  Temperature = 6.00000000e+02 K    (   5 of   11)
 ================================================================

 SET_INIT_STR = 2: start from structure from the previous temperature.

 Initial atomic displacements [Bohr] : 
    u_{0,x}   u_{0,y}   u_{0,z} :  -5.238010e-13   3.029974e-13  -2.365019e-03
    u_{1,x}   u_{1,y}   u_{1,z} :   5.238029e-13  -3.029821e-13  -2.365019e-03
    u_{2,x}   u_{2,y}   u_{2,z} :   5.472236e-13  -3.164699e-13   9.664421e-03
    u_{3,x}   u_{3,y}   u_{3,z} :  -5.472308e-13   3.164103e-13   9.664421e-03

 Initial strain (displacement gradient tensor u_{mu nu}) : 
    5.493797e-03  -2.698805e-16  -1.375028e-18
   -2.698805e-16   5.493797e-03  -1.567720e-17
   -1.375028e-18  -1.567720e-17   3.329016e-03

 Start structural optimization at 6.000000e+02 K.

 ----------------------------------------------------------------
  Structure opt. step    1 of 1000    (T = 6.000000e+02 K)
 ----------------------------------------------------------------

 Structure at this step :
  Lattice vectors [Bohr]:
   a1 :     6.14848186    -0.00000000    -0.00000000
   a2 :    -3.07424093     5.32474148    -0.00000000
   a3 :    -0.00000000    -0.00000000     9.90614310
  Atomic positions (fractional):
   Zn   :     0.33333333     0.66666667     0.00049422
   Zn   :     0.66666667     0.33333333     0.50049422
   O    :     0.33333333     0.66666667     0.38055264
   O    :     0.66666667     0.33333333     0.88055264
  Stress tensor [GPa]:
      2.396304e-01   3.393850e-13  -9.901021e-17
      3.396217e-13   2.396304e-01   8.978089e-17
     -3.433793e-17   2.132772e-16   2.500099e-01
  Pressure :  -2.430902e-01 [GPa]
  Space group :  P6_3mc (#186)

 du0 =   5.065536e-04 [Bohr] du_tensor =   6.749396e-04
 |residual force| =   1.425137e-06 |residual stress| =   9.240819e-03

 ----------------------------------------------------------------
  Structure opt. step    2 of 1000    (T = 6.000000e+02 K)
 ----------------------------------------------------------------

 Structure at this step :
  Lattice vectors [Bohr]:
   a1 :     6.14617524    -0.00000000    -0.00000000
   a2 :    -3.07308762     5.32274390    -0.00000000
   a3 :    -0.00000000    -0.00000000     9.90206072
  Atomic positions (fractional):
   Zn   :     0.33333333     0.66666667     0.00050272
   Zn   :     0.66666667     0.33333333     0.50050272
   O    :     0.33333333     0.66666667     0.38051790
   O    :     0.66666667     0.33333333     0.88051790
  Stress tensor [GPa]:
      9.687913e-02   1.213171e-14  -5.041607e-17
      1.241440e-14   9.687913e-02  -2.228444e-16
      1.413351e-17  -9.626794e-17   8.110071e-02
  Pressure :  -9.161966e-02 [GPa]
  Space group :  P6_3mc (#186)

 du0 =   2.954102e-04 [Bohr] du_tensor =   2.564596e-04
 |residual force| =   8.366068e-07 |residual stress| =   3.490160e-03

 ----------------------------------------------------------------
  Structure opt. step    3 of 1000    (T = 6.000000e+02 K)
 ----------------------------------------------------------------

 Structure at this step :
  Lattice vectors [Bohr]:
   a1 :     6.14518724    -0.00000000    -0.00000000
   a2 :    -3.07259362     5.32188826    -0.00000000
   a3 :    -0.00000000    -0.00000000     9.90091103
  Atomic positions (fractional):
   Zn   :     0.33333333     0.66666667     0.00050771
   Zn   :     0.66666667     0.33333333     0.50050771
   O    :     0.33333333     0.66666667     0.38049752
   O    :     0.66666667     0.33333333     0.88049752
  Stress tensor [GPa]:
      4.022892e-02  -4.170222e-14  -1.368102e-16
     -4.144729e-14   4.022892e-02  -4.628499e-17
     -6.623561e-17   6.586345e-17   2.314615e-02
  Pressure :  -3.453467e-02 [GPa]
  Space group :  P6_3mc (#186)

 du0 =   2.488397e-04 [Bohr] du_tensor =   1.039941e-04
 |residual force| =   7.063820e-07 |residual stress| =   1.345699e-03

 ----------------------------------------------------------------
  Structure opt. step    4 of 1000    (T = 6.000000e+02 K)
 ----------------------------------------------------------------

 Structure at this step :
  Lattice vectors [Bohr]:
   a1 :     6.14474745    -0.00000000    -0.00000000
   a2 :    -3.07237372     5.32150739    -0.00000000
   a3 :    -0.00000000    -0.00000000     9.90069707
  Atomic positions (fractional):
   Zn   :     0.33333333     0.66666667     0.00051193
   Zn   :     0.66666667     0.33333333     0.50051193
   O    :     0.33333333     0.66666667     0.38048028
   O    :     0.66666667     0.33333333     0.88048028
  Stress tensor [GPa]:
      1.824403e-02  -5.846745e-14   1.451010e-16
     -5.819888e-14   1.824403e-02  -1.950910e-16
      2.184383e-16  -7.863207e-17   2.950302e-03
  Pressure :  -1.314612e-02 [GPa]
  Space group :  P6_3mc (#186)

 du0 =   2.173069e-04 [Bohr] du_tensor =   5.186949e-05
 |residual force| =   6.175241e-07 |residual stress| =   5.687612e-04

 ----------------------------------------------------------------
  Structure opt. step    5 of 1000    (T = 6.000000e+02 K)
 ----------------------------------------------------------------

 Structure at this step :
  Lattice vectors [Bohr]:
   a1 :     6.14452679    -0.00000000    -0.00000000
   a2 :    -3.07226340     5.32131630    -0.00000000
   a3 :    -0.00000000    -0.00000000     9.90078870
  Atomic positions (fractional):
   Zn   :     0.33333333     0.66666667     0.00051562
   Zn   :     0.66666667     0.33333333     0.50051562
   O    :     0.33333333     0.66666667     0.38046519
   O    :     0.66666667     0.33333333     0.88046519
  Stress tensor [GPa]:
      9.556397e-03  -5.329923e-14  -1.130345e-16
     -5.303623e-14   9.556397e-03   1.681580e-16
     -5.073577e-17   2.859485e-16  -3.723774e-03
  Pressure :  -5.129673e-03 [GPa]
  Space group :  P6_3mc (#186)

 du0 =   1.884898e-04 [Bohr] du_tensor =   3.522521e-05
 |residual force| =   5.359461e-07 |residual stress| =   3.070518e-04

 ----------------------------------------------------------------
  Structure opt. step    6 of 1000    (T = 6.000000e+02 K)
 ----------------------------------------------------------------

 Structure at this step :
  Lattice vectors [Bohr]:
   a1 :     6.14439639    -0.00000000    -0.00000000
   a2 :    -3.07219820     5.32120337    -0.00000000
   a3 :    -0.00000000    -0.00000000     9.90096841
  Atomic positions (fractional):
   Zn   :     0.33333333     0.66666667     0.00051882
   Zn   :     0.66666667     0.33333333     0.50051882
   O    :     0.33333333     0.66666667     0.38045210
   O    :     0.66666667     0.33333333     0.88045210
  Stress tensor [GPa]:
      5.923920e-03  -4.150741e-14  -2.595517e-16
     -4.127597e-14   5.923920e-03   5.271862e-17
     -2.010709e-16   1.685561e-16  -5.523311e-03
  Pressure :  -2.108177e-03 [GPa]
  Space group :  P6_3mc (#186)

 du0 =   1.625650e-04 [Bohr] du_tensor =   2.844740e-05
 |residual force| =   4.624089e-07 |residual stress| =   2.198936e-04

 ----------------------------------------------------------------
  Structure opt. step    7 of 1000    (T = 6.000000e+02 K)
 ----------------------------------------------------------------

 Structure at this step :
  Lattice vectors [Bohr]:
   a1 :     6.14430651    -0.00000000    -0.00000000
   a2 :    -3.07215326     5.32112553    -0.00000000
   a3 :    -0.00000000    -0.00000000     9.90116016
  Atomic positions (fractional):
   Zn   :     0.33333333     0.66666667     0.00052158
   Zn   :     0.66666667     0.33333333     0.50052158
   O    :     0.33333333     0.66666667     0.38044081
   O    :     0.66666667     0.33333333     0.88044081
  Stress tensor [GPa]:
      4.234551e-03  -2.956202e-14   2.099591e-17
     -2.928974e-14   4.234551e-03  -1.374019e-16
      8.385466e-17  -2.250470e-17  -5.609593e-03
  Pressure :  -9.531694e-04 [GPa]
  Space group :  P6_3mc (#186)

 du0 =   1.398286e-04 [Bohr] du_tensor =   2.410901e-05
 |residual force| =   3.978488e-07 |residual stress| =   1.798698e-04

 ----------------------------------------------------------------
  Structure opt. step    8 of 1000    (T = 6.000000e+02 K)
 ----------------------------------------------------------------

 Structure at this step :
  Lattice vectors [Bohr]:
   a1 :     6.14423759    -0.00000000    -0.00000000
   a2 :    -3.07211880     5.32106584    -0.00000000
   a3 :    -0.00000000    -0.00000000     9.90133875
  Atomic positions (fractional):
   Zn   :     0.33333333     0.66666667     0.00052396
   Zn   :     0.66666667     0.33333333     0.50052396
   O    :     0.33333333     0.66666667     0.38043109
   O    :     0.66666667     0.33333333     0.88043109
  Stress tensor [GPa]:
      3.317372e-03  -1.854805e-14  -8.739676e-17
     -1.827082e-14   3.317372e-03  -3.772055e-17
     -3.062586e-17   7.804295e-17  -5.140994e-03
  Pressure :  -4.979165e-04 [GPa]
  Space group :  P6_3mc (#186)

 du0 =   1.201395e-04 [Bohr] du_tensor =   2.064453e-05
 |residual force| =   3.419058e-07 |residual stress| =   1.525867e-04

 ----------------------------------------------------------------
  Structure opt. step    9 of 1000    (T = 6.000000e+02 K)
 ----------------------------------------------------------------

 Structure at this step :
  Lattice vectors [Bohr]:
   a1 :     6.14418150    -0.00000000    -0.00000000
   a2 :    -3.07209075     5.32101727    -0.00000000
   a3 :    -0.00000000    -0.00000000     9.90149731
  Atomic positions (fractional):
   Zn   :     0.33333333     0.66666667     0.00052600
   Zn   :     0.66666667     0.33333333     0.50052600
   O    :     0.33333333     0.66666667     0.38042275
   O    :     0.66666667     0.33333333     0.88042275
  Stress tensor [GPa]:
      2.728973e-03  -1.009545e-14   6.160592e-17
     -9.836161e-15   2.728973e-03  -5.006505e-17
      1.285640e-16   7.958002e-17  -4.536528e-03
  Pressure :  -3.071391e-04 [GPa]
  Space group :  P6_3mc (#186)

 du0 =   1.031818e-04 [Bohr] du_tensor =   1.771677e-05
 |residual force| =   2.937013e-07 |residual stress| =   1.305873e-04

 ----------------------------------------------------------------
  Structure opt. step   10 of 1000    (T = 6.000000e+02 K)
 ----------------------------------------------------------------

 Structure at this step :
  Lattice vectors [Bohr]:
   a1 :     6.14413450    -0.00000000    -0.00000000
   a2 :    -3.07206725     5.32097656    -0.00000000
   a3 :    -0.00000000    -0.00000000     9.90163543
  Atomic positions (fractional):
   Zn   :     0.33333333     0.66666667     0.00052776
   Zn   :     0.66666667     0.33333333     0.50052776
   O    :     0.33333333     0.66666667     0.38041558
   O    :     0.66666667     0.33333333     0.88041558
  Stress tensor [GPa]:
      2.298245e-03  -2.343714e-15  -6.423848e-17
     -2.089381e-15   2.298245e-03   1.247325e-16
      2.482207e-18   2.488162e-16  -3.942128e-03
  Pressure :  -2.181208e-04 [GPa]
  Space group :  P6_3mc (#186)

 du0 =   8.860871e-05 [Bohr] du_tensor =   1.521250e-05
 |residual force| =   2.522600e-07 |residual stress| =   1.120230e-04

 ----------------------------------------------------------------
  Structure opt. step   11 of 1000    (T = 6.000000e+02 K)
 ----------------------------------------------------------------

 Structure at this step :
  Lattice vectors [Bohr]:
   a1 :     6.14409457    -0.00000000    -0.00000000
   a2 :    -3.07204728     5.32094198    -0.00000000
   a3 :    -0.00000000    -0.00000000     9.90175479
  Atomic positions (fractional):
   Zn   :     0.33333333     0.66666667     0.00052927
   Zn   :     0.66666667     0.33333333     0.50052927
   O    :     0.33333333     0.66666667     0.38040942
   O    :     0.66666667     0.33333333     0.88040942
  Stress tensor [GPa]:
      1.956388e-03   3.043916e-15  -9.412706e-17
      3.313099e-15   1.956388e-03  -1.322969e-17
     -3.681326e-17   1.038536e-16  -3.403547e-03
  Pressure :  -1.697430e-04 [GPa]
  Space group :  P6_3mc (#186)

 du0 =   7.609497e-05 [Bohr] du_tensor =   1.306472e-05
 |residual force| =   2.166642e-07 |residual stress| =   9.617151e-05

 ----------------------------------------------------------------
  Structure opt. step   12 of 1000    (T = 6.000000e+02 K)
 ----------------------------------------------------------------

 Structure at this step :
  Lattice vectors [Bohr]:
   a1 :     6.14406044    -0.00000000    -0.00000000
   a2 :    -3.07203022     5.32091243    -0.00000000
   a3 :    -0.00000000    -0.00000000     9.90185759
  Atomic positions (fractional):
   Zn   :     0.33333333     0.66666667     0.00053056
   Zn   :     0.66666667     0.33333333     0.50053056
   O    :     0.33333333     0.66666667     0.38040413
   O    :     0.66666667     0.33333333     0.88040413
  Stress tensor [GPa]:
      1.673440e-03   7.201222e-15  -1.544160e-16
      7.471641e-15   1.673440e-03   4.668668e-17
     -8.817574e-17   1.677769e-16  -2.930462e-03
  Pressure :  -1.388058e-04 [GPa]
  Space group :  P6_3mc (#186)

 du0 =   6.535214e-05 [Bohr] du_tensor =   1.122134e-05
 |residual force| =   1.860980e-07 |residual stress| =   8.258898e-05

 ----------------------------------------------------------------
  Structure opt. step   13 of 1000    (T = 6.000000e+02 K)
 ----------------------------------------------------------------

 Structure at this step :
  Lattice vectors [Bohr]:
   a1 :     6.14403120    -0.00000000    -0.00000000
   a2 :    -3.07201560     5.32088710    -0.00000000
   a3 :    -0.00000000    -0.00000000     9.90194599
  Atomic positions (fractional):
   Zn   :     0.33333333     0.66666667     0.00053167
   Zn   :     0.66666667     0.33333333     0.50053167
   O    :     0.33333333     0.66666667     0.38039959
   O    :     0.66666667     0.33333333     0.88039959
  Stress tensor [GPa]:
      1.434538e-03   1.017158e-14   4.694071e-17
      1.040796e-14   1.434538e-03  -5.715397e-17
      1.194321e-16   7.398337e-17  -2.520166e-03
  Pressure :  -1.163036e-04 [GPa]
  Space group :  P6_3mc (#186)

 du0 =   5.612969e-05 [Bohr] du_tensor =   9.638772e-06
 |residual force| =   1.598519e-07 |residual stress| =   7.093598e-05

 ----------------------------------------------------------------
  Structure opt. step   14 of 1000    (T = 6.000000e+02 K)
 ----------------------------------------------------------------

 Structure at this step :
  Lattice vectors [Bohr]:
   a1 :     6.14400611    -0.00000000    -0.00000000
   a2 :    -3.07200305     5.32086537    -0.00000000
   a3 :    -0.00000000    -0.00000000     9.90202198
  Atomic positions (fractional):
   Zn   :     0.33333333     0.66666667     0.00053263
   Zn   :     0.66666667     0.33333333     0.50053263
   O    :     0.33333333     0.66666667     0.38039569
   O    :     0.66666667     0.33333333     0.88039569
  Stress tensor [GPa]:
      1.230983e-03   1.278113e-14  -8.153387e-17
      1.301442e-14   1.230983e-03  -1.303444e-16
     -1.051590e-17  -8.633082e-18  -2.166232e-03
  Pressure :  -9.857809e-05 [GPa]
  Space group :  P6_3mc (#186)

 du0 =   4.821186e-05 [Bohr] du_tensor =   8.279887e-06
 |residual force| =   1.373145e-07 |residual stress| =   6.093299e-05

 ----------------------------------------------------------------
  Structure opt. step   15 of 1000    (T = 6.000000e+02 K)
 ----------------------------------------------------------------

 Structure at this step :
  Lattice vectors [Bohr]:
   a1 :     6.14398457    -0.00000000    -0.00000000
   a2 :    -3.07199228     5.32084672    -0.00000000
   a3 :    -0.00000000    -0.00000000     9.90208728
  Atomic positions (fractional):
   Zn   :     0.33333333     0.66666667     0.00053344
   Zn   :     0.66666667     0.33333333     0.50053344
   O    :     0.33333333     0.66666667     0.38039234
   O    :     0.66666667     0.33333333     0.88039234
  Stress tensor [GPa]:
      1.056828e-03   1.366791e-14  -2.223626e-16
      1.391172e-14   1.056828e-03  -1.485632e-16
     -1.517581e-16  -2.921400e-17  -1.861617e-03
  Pressure :  -8.401325e-05 [GPa]
  Space group :  P6_3mc (#186)

 du0 =   4.141341e-05 [Bohr] du_tensor =   7.112932e-06
 |residual force| =   1.179602e-07 |residual stress| =   5.234401e-05

 ----------------------------------------------------------------
  Structure opt. step   16 of 1000    (T = 6.000000e+02 K)
 ----------------------------------------------------------------

 Structure at this step :
  Lattice vectors [Bohr]:
   a1 :     6.14396607    -0.00000000    -0.00000000
   a2 :    -3.07198303     5.32083070    -0.00000000
   a3 :    -0.00000000    -0.00000000     9.90214338
  Atomic positions (fractional):
   Zn   :     0.33333333     0.66666667     0.00053415
   Zn   :     0.66666667     0.33333333     0.50053415
   O    :     0.33333333     0.66666667     0.38038947
   O    :     0.66666667     0.33333333     0.88038947
  Stress tensor [GPa]:
      9.075441e-04   1.466235e-14   1.556529e-16
      1.488759e-14   9.075441e-04   1.377300e-16
      2.227694e-16   2.634738e-16  -1.599702e-03
  Pressure :  -7.179529e-05 [GPa]
  Space group :  P6_3mc (#186)

 du0 =   3.557549e-05 [Bohr] du_tensor =   6.110703e-06
 |residual force| =   1.013381e-07 |residual stress| =   4.496795e-05

 ----------------------------------------------------------------
  Structure opt. step   17 of 1000    (T = 6.000000e+02 K)
 ----------------------------------------------------------------

 Structure at this step :
  Lattice vectors [Bohr]:
   a1 :     6.14395018    -0.00000000    -0.00000000
   a2 :    -3.07197509     5.32081694    -0.00000000
   a3 :    -0.00000000    -0.00000000     9.90219159
  Atomic positions (fractional):
   Zn   :     0.33333333     0.66666667     0.00053475
   Zn   :     0.66666667     0.33333333     0.50053475
   O    :     0.33333333     0.66666667     0.38038699
   O    :     0.66666667     0.33333333     0.88038699
  Stress tensor [GPa]:
      7.794630e-04   1.486101e-14  -1.673918e-16
      1.510235e-14   7.794630e-04   4.353600e-17
     -9.652976e-17   1.704971e-16  -1.374595e-03
  Pressure :  -6.144363e-05 [GPa]
  Space group :  P6_3mc (#186)

 du0 =   3.056193e-05 [Bohr] du_tensor =   5.249879e-06
 |residual force| =   8.706154e-08 |residual stress| =   3.863283e-05

 ----------------------------------------------------------------
  Structure opt. step   18 of 1000    (T = 6.000000e+02 K)
 ----------------------------------------------------------------

 Structure at this step :
  Lattice vectors [Bohr]:
   a1 :     6.14393653    -0.00000000    -0.00000000
   a2 :    -3.07196827     5.32080512    -0.00000000
   a3 :    -0.00000000    -0.00000000     9.90223301
  Atomic positions (fractional):
   Zn   :     0.33333333     0.66666667     0.00053527
   Zn   :     0.66666667     0.33333333     0.50053527
   O    :     0.33333333     0.66666667     0.38038487
   O    :     0.66666667     0.33333333     0.88038487
  Stress tensor [GPa]:
      6.695227e-04   1.513393e-14  -1.673919e-16
      1.540311e-14   6.695227e-04   9.109870e-17
     -1.014811e-16   1.989593e-16  -1.181155e-03
  Pressure :  -5.263012e-05 [GPa]
  Space group :  P6_3mc (#186)

 du0 =   2.625596e-05 [Bohr] du_tensor =   4.510459e-06
 |residual force| =   7.479863e-08 |residual stress| =   3.319131e-05

 ----------------------------------------------------------------
  Structure opt. step   19 of 1000    (T = 6.000000e+02 K)
 ----------------------------------------------------------------

 Structure at this step :
  Lattice vectors [Bohr]:
   a1 :     6.14392481    -0.00000000    -0.00000000
   a2 :    -3.07196240     5.32079496    -0.00000000
   a3 :    -0.00000000    -0.00000000     9.90226859
  Atomic positions (fractional):
   Zn   :     0.33333333     0.66666667     0.00053572
   Zn   :     0.66666667     0.33333333     0.50053572
   O    :     0.33333333     0.66666667     0.38038305
   O    :     0.66666667     0.33333333     0.88038305
  Stress tensor [GPa]:
      5.751290e-04   1.486726e-14  -8.539490e-17
      1.516366e-14   5.751290e-04  -9.698389e-17
     -1.252974e-17   2.445658e-17  -1.014937e-03
  Pressure :  -4.510687e-05 [GPa]
  Space group :  P6_3mc (#186)

 du0 =   2.255744e-05 [Bohr] du_tensor =   3.875285e-06
 |residual force| =   6.426477e-08 |residual stress| =   2.851704e-05

 ----------------------------------------------------------------
  Structure opt. step   20 of 1000    (T = 6.000000e+02 K)
 ----------------------------------------------------------------

 Structure at this step :
  Lattice vectors [Bohr]:
   a1 :     6.14391474    -0.00000000    -0.00000000
   a2 :    -3.07195737     5.32078624    -0.00000000
   a3 :    -0.00000000    -0.00000000     9.90229917
  Atomic positions (fractional):
   Zn   :     0.33333333     0.66666667     0.00053610
   Zn   :     0.66666667     0.33333333     0.50053610
   O    :     0.33333333     0.66666667     0.38038148
   O    :     0.66666667     0.33333333     0.88038148
  Stress tensor [GPa]:
      4.940702e-04   1.448240e-14   8.060724e-17
      1.475158e-14   4.940702e-04  -9.330742e-19
      1.519151e-16   1.050522e-16  -8.721142e-04
  Pressure :  -3.867543e-05 [GPa]
  Space group :  P6_3mc (#186)

 du0 =   1.938048e-05 [Bohr] du_tensor =   3.329633e-06
 |residual force| =   5.521570e-08 |residual stress| =   2.450161e-05

 ----------------------------------------------------------------
  Structure opt. step   21 of 1000    (T = 6.000000e+02 K)
 ----------------------------------------------------------------

 Structure at this step :
  Lattice vectors [Bohr]:
   a1 :     6.14390608    -0.00000000    -0.00000000
   a2 :    -3.07195304     5.32077875    -0.00000000
   a3 :    -0.00000000    -0.00000000     9.90232544
  Atomic positions (fractional):
   Zn   :     0.33333333     0.66666667     0.00053643
   Zn   :     0.66666667     0.33333333     0.50053643
   O    :     0.33333333     0.66666667     0.38038013
   O    :     0.66666667     0.33333333     0.88038013
  Stress tensor [GPa]:
      4.244545e-04   1.393727e-14  -1.853062e-16
      1.418850e-14   4.244545e-04  -9.520629e-17
     -1.160228e-16   2.638610e-17  -7.493929e-04
  Pressure :  -3.317204e-05 [GPa]
  Space group :  P6_3mc (#186)

 du0 =   1.665137e-05 [Bohr] du_tensor =   2.860866e-06
 |residual force| =   4.744179e-08 |residual stress| =   2.105202e-05

 ----------------------------------------------------------------
  Structure opt. step   22 of 1000    (T = 6.000000e+02 K)
 ----------------------------------------------------------------

 Structure at this step :
  Lattice vectors [Bohr]:
   a1 :     6.14389865    -0.00000000    -0.00000000
   a2 :    -3.07194932     5.32077231    -0.00000000
   a3 :    -0.00000000    -0.00000000     9.90234802
  Atomic positions (fractional):
   Zn   :     0.33333333     0.66666667     0.00053672
   Zn   :     0.66666667     0.33333333     0.50053672
   O    :     0.33333333     0.66666667     0.38037898
   O    :     0.66666667     0.33333333     0.88037898
  Stress tensor [GPa]:
      3.646612e-04   1.333336e-14  -5.065065e-17
      1.357098e-14   3.646612e-04   6.454360e-17
      1.361414e-17   1.856465e-16  -6.439438e-04
  Pressure :  -2.845954e-05 [GPa]
  Space group :  P6_3mc (#186)

 du0 =   1.430689e-05 [Bohr] du_tensor =   2.458136e-06
 |residual force| =   4.076310e-08 |residual stress| =   1.808842e-05

 ----------------------------------------------------------------
  Structure opt. step   23 of 1000    (T = 6.000000e+02 K)
 ----------------------------------------------------------------

 Structure at this step :
  Lattice vectors [Bohr]:
   a1 :     6.14389226    -0.00000000    -0.00000000
   a2 :    -3.07194613     5.32076678    -0.00000000
   a3 :    -0.00000000    -0.00000000     9.90236742
  Atomic positions (fractional):
   Zn   :     0.33333333     0.66666667     0.00053696
   Zn   :     0.66666667     0.33333333     0.50053696
   O    :     0.33333333     0.66666667     0.38037798
   O    :     0.66666667     0.33333333     0.88037798
  Stress tensor [GPa]:
      3.133007e-04   1.226721e-14  -3.088472e-17
      1.248812e-14   3.133007e-04  -1.102613e-16
      1.547047e-17   1.377541e-17  -5.533351e-04
  Pressure :  -2.442210e-05 [GPa]
  Space group :  P6_3mc (#186)

 du0 =   1.229273e-05 [Bohr] du_tensor =   2.112130e-06
 |residual force| =   3.502514e-08 |residual stress| =   1.554224e-05

 ----------------------------------------------------------------
  Structure opt. step   24 of 1000    (T = 6.000000e+02 K)
 ----------------------------------------------------------------

 Structure at this step :
  Lattice vectors [Bohr]:
   a1 :     6.14388677    -0.00000000    -0.00000000
   a2 :    -3.07194339     5.32076202    -0.00000000
   a3 :    -0.00000000    -0.00000000     9.90238409
  Atomic positions (fractional):
   Zn   :     0.33333333     0.66666667     0.00053717
   Zn   :     0.66666667     0.33333333     0.50053717
   O    :     0.33333333     0.66666667     0.38037713
   O    :     0.66666667     0.33333333     0.88037713
  Stress tensor [GPa]:
      2.691811e-04   1.188730e-14  -1.936457e-16
      1.212863e-14   2.691811e-04   2.232911e-16
     -1.240675e-16   3.585967e-16  -4.754777e-04
  Pressure :  -2.096152e-05 [GPa]
  Space group :  P6_3mc (#186)

 du0 =   1.056230e-05 [Bohr] du_tensor =   1.814850e-06
 |residual force| =   3.009527e-08 |residual stress| =   1.335465e-05

 ----------------------------------------------------------------
  Structure opt. step   25 of 1000    (T = 6.000000e+02 K)
 ----------------------------------------------------------------

 Structure at this step :
  Lattice vectors [Bohr]:
   a1 :     6.14388206    -0.00000000    -0.00000000
   a2 :    -3.07194103     5.32075794    -0.00000000
   a3 :    -0.00000000    -0.00000000     9.90239841
  Atomic positions (fractional):
   Zn   :     0.33333333     0.66666667     0.00053735
   Zn   :     0.66666667     0.33333333     0.50053735
   O    :     0.33333333     0.66666667     0.38037639
   O    :     0.66666667     0.33333333     0.88037639
  Stress tensor [GPa]:
      2.312798e-04   1.082115e-14  -1.185965e-16
      1.109899e-14   2.312798e-04  -1.416085e-16
     -4.517172e-17  -1.933165e-17  -4.085768e-04
  Pressure :  -1.799428e-05 [GPa]
  Space group :  P6_3mc (#186)

 du0 =   9.075587e-06 [Bohr] du_tensor =   1.559428e-06
 |residual force| =   2.585958e-08 |residual stress| =   1.147509e-05


 du0 is smaller than COORD_CONV_TOL =    1.000000e-05
 du_tensor is smaller than CELL_CONV_TOL =    1.000000e-05
 Structural optimization converged in 25-th loop.

 break structural loop.


 Optimization history at 6.000000e+02 K :
 -------------------------------------------------------------------------
   step    du0 [Bohr]    du_tensor      |force|       |stress|    space group
 -------------------------------------------------------------------------
      1     5.066e-04    6.749e-04    1.425e-06     9.241e-03    P6_3mc (#186)
      2     2.954e-04    2.565e-04    8.366e-07     3.490e-03    P6_3mc (#186)
      3     2.488e-04    1.040e-04    7.064e-07     1.346e-03    P6_3mc (#186)
      4     2.173e-04    5.187e-05    6.175e-07     5.688e-04    P6_3mc (#186)
      5     1.885e-04    3.523e-05    5.359e-07     3.071e-04    P6_3mc (#186)
      6     1.626e-04    2.845e-05    4.624e-07     2.199e-04    P6_3mc (#186)
      7     1.398e-04    2.411e-05    3.978e-07     1.799e-04    P6_3mc (#186)
      8     1.201e-04    2.064e-05    3.419e-07     1.526e-04    P6_3mc (#186)
      9     1.032e-04    1.772e-05    2.937e-07     1.306e-04    P6_3mc (#186)
     10     8.861e-05    1.521e-05    2.523e-07     1.120e-04    P6_3mc (#186)
     11     7.609e-05    1.306e-05    2.167e-07     9.617e-05    P6_3mc (#186)
     12     6.535e-05    1.122e-05    1.861e-07     8.259e-05    P6_3mc (#186)
     13     5.613e-05    9.639e-06    1.599e-07     7.094e-05    P6_3mc (#186)
     14     4.821e-05    8.280e-06    1.373e-07     6.093e-05    P6_3mc (#186)
     15     4.141e-05    7.113e-06    1.180e-07     5.234e-05    P6_3mc (#186)
     16     3.558e-05    6.111e-06    1.013e-07     4.497e-05    P6_3mc (#186)
     17     3.056e-05    5.250e-06    8.706e-08     3.863e-05    P6_3mc (#186)
     18     2.626e-05    4.510e-06    7.480e-08     3.319e-05    P6_3mc (#186)
     19     2.256e-05    3.875e-06    6.426e-08     2.852e-05    P6_3mc (#186)
     20     1.938e-05    3.330e-06    5.522e-08     2.450e-05    P6_3mc (#186)
     21     1.665e-05    2.861e-06    4.744e-08     2.105e-05    P6_3mc (#186)
     22     1.431e-05    2.458e-06    4.076e-08     1.809e-05    P6_3mc (#186)
     23     1.229e-05    2.112e-06    3.503e-08     1.554e-05    P6_3mc (#186)
     24     1.056e-05    1.815e-06    3.010e-08     1.335e-05    P6_3mc (#186)
     25     9.076e-06    1.559e-06    2.586e-08     1.148e-05    P6_3mc (#186)
 -------------------------------------------------------------------------
 ----------------------------------------------------------------
 Final atomic displacements [Bohr] at 6.000e+02 K
    u_{0,x}   u_{0,y}   u_{0,z} :  -3.924502e-13   2.270878e-13  -1.935518e-03
    u_{1,x}   u_{1,y}   u_{1,z} :   3.924520e-13  -2.270769e-13  -1.935518e-03
    u_{2,x}   u_{2,y}   u_{2,z} :   4.148242e-13  -2.399487e-13   7.909307e-03
    u_{3,x}   u_{3,y}   u_{3,z} :  -4.148309e-13   2.399060e-13   7.909307e-03

 Final strain (displacement gradient tensor u_{mu nu}) : 
    4.740905e-03  -1.357863e-15  -1.498115e-19
   -1.357863e-15   4.740905e-03  -1.294106e-17
   -1.498115e-19  -1.294106e-17   2.950987e-03

 Final structure at 6.000000e+02 K :
  Lattice vectors [Bohr]:
   a1 :     6.14387801    -0.00000000    -0.00000000
   a2 :    -3.07193900     5.32075443    -0.00000000
   a3 :    -0.00000000    -0.00000000     9.90241072
  Atomic positions (fractional):
   Zn   :     0.33333333     0.66666667     0.00053750
   Zn   :     0.66666667     0.33333333     0.50053750
   O    :     0.33333333     0.66666667     0.38037576
   O    :     0.66666667     0.33333333     0.88037576
  Space group :  P6_3mc (#186)


 ================================================================
  Temperature = 5.00000000e+02 K    (   6 of   11)
 ================================================================

 SET_INIT_STR = 2: start from structure from the previous temperature.

 Initial atomic displacements [Bohr] : 
    u_{0,x}   u_{0,y}   u_{0,z} :  -3.924502e-13   2.270878e-13  -1.935518e-03
    u_{1,x}   u_{1,y}   u_{1,z} :   3.924520e-13  -2.270769e-13  -1.935518e-03
    u_{2,x}   u_{2,y}   u_{2,z} :   4.148242e-13  -2.399487e-13   7.909307e-03
    u_{3,x}   u_{3,y}   u_{3,z} :  -4.148309e-13   2.399060e-13   7.909307e-03

 Initial strain (displacement gradient tensor u_{mu nu}) : 
    4.740905e-03  -1.357863e-15  -1.498115e-19
   -1.357863e-15   4.740905e-03  -1.294106e-17
   -1.498115e-19  -1.294106e-17   2.950987e-03

 Start structural optimization at 5.000000e+02 K.

 ----------------------------------------------------------------
  Structure opt. step    1 of 1000    (T = 5.000000e+02 K)
 ----------------------------------------------------------------

 Structure at this step :
  Lattice vectors [Bohr]:
   a1 :     6.14387801    -0.00000000    -0.00000000
   a2 :    -3.07193900     5.32075443    -0.00000000
   a3 :    -0.00000000    -0.00000000     9.90241072
  Atomic positions (fractional):
   Zn   :     0.33333333     0.66666667     0.00053750
   Zn   :     0.66666667     0.33333333     0.50053750
   O    :     0.33333333     0.66666667     0.38037576
   O    :     0.66666667     0.33333333     0.88037576
  Stress tensor [GPa]:
      2.277709e-01   2.767678e-13   1.355491e-16
      2.769361e-13   2.277709e-01  -4.215703e-17
      1.967406e-16   5.324057e-17   2.378961e-01
  Pressure :  -2.311460e-01 [GPa]
  Space group :  P6_3mc (#186)

 du0 =   4.761564e-04 [Bohr] du_tensor =   6.409918e-04
 |residual force| =   1.356758e-06 |residual stress| =   8.775830e-03

 ----------------------------------------------------------------
  Structure opt. step    2 of 1000    (T = 5.000000e+02 K)
 ----------------------------------------------------------------

 Structure at this step :
  Lattice vectors [Bohr]:
   a1 :     6.14168849    -0.00000000    -0.00000000
   a2 :    -3.07084425     5.31885826    -0.00000000
   a3 :    -0.00000000    -0.00000000     9.89853048
  Atomic positions (fractional):
   Zn   :     0.33333333     0.66666667     0.00054551
   Zn   :     0.66666667     0.33333333     0.50054551
   O    :     0.33333333     0.66666667     0.38034304
   O    :     0.66666667     0.33333333     0.88034304
  Stress tensor [GPa]:
      8.928545e-02  -3.925191e-15  -1.195003e-16
     -3.693589e-15   8.928545e-02  -1.803864e-16
     -7.094723e-17  -7.664646e-17   7.442972e-02
  Pressure :  -8.433354e-02 [GPa]
  Space group :  P6_3mc (#186)

 du0 =   2.639034e-04 [Bohr] du_tensor =   2.359077e-04
 |residual force| =   7.566665e-07 |residual stress| =   3.209277e-03

 ----------------------------------------------------------------
  Structure opt. step    3 of 1000    (T = 5.000000e+02 K)
 ----------------------------------------------------------------

 Structure at this step :
  Lattice vectors [Bohr]:
   a1 :     6.14077796    -0.00000000    -0.00000000
   a2 :    -3.07038898     5.31806971    -0.00000000
   a3 :    -0.00000000    -0.00000000     9.89748059
  Atomic positions (fractional):
   Zn   :     0.33333333     0.66666667     0.00054997
   Zn   :     0.66666667     0.33333333     0.50054997
   O    :     0.33333333     0.66666667     0.38032481
   O    :     0.66666667     0.33333333     0.88032481
  Stress tensor [GPa]:
      3.591405e-02  -4.667762e-14  -2.291129e-17
     -4.642799e-14   3.591405e-02   1.999974e-16
      3.404856e-17   2.989410e-16   2.042866e-02
  Pressure :  -3.075226e-02 [GPa]
  Space group :  P6_3mc (#186)

 du0 =   2.211680e-04 [Bohr] du_tensor =   9.276963e-05
 |residual force| =   6.354867e-07 |residual stress| =   1.198087e-03

 ----------------------------------------------------------------
  Structure opt. step    4 of 1000    (T = 5.000000e+02 K)
 ----------------------------------------------------------------

 Structure at this step :
  Lattice vectors [Bohr]:
   a1 :     6.14038508    -0.00000000    -0.00000000
   a2 :    -3.07019254     5.31772947    -0.00000000
   a3 :    -0.00000000    -0.00000000     9.89729584
  Atomic positions (fractional):
   Zn   :     0.33333333     0.66666667     0.00055372
   Zn   :     0.66666667     0.33333333     0.50055372
   O    :     0.33333333     0.66666667     0.38030947
   O    :     0.66666667     0.33333333     0.88030947
  Stress tensor [GPa]:
      1.587486e-02  -5.858226e-14  -4.361499e-17
     -5.838775e-14   1.587486e-02  -2.633291e-16
      2.105928e-17  -1.651154e-16   2.191958e-03
  Pressure :  -1.131389e-02 [GPa]
  Space group :  P6_3mc (#186)

 du0 =   1.916302e-04 [Bohr] du_tensor =   4.550552e-05
 |residual force| =   5.511288e-07 |residual stress| =   4.935100e-04

 ----------------------------------------------------------------
  Structure opt. step    5 of 1000    (T = 5.000000e+02 K)
 ----------------------------------------------------------------

 Structure at this step :
  Lattice vectors [Bohr]:
   a1 :     6.14019222    -0.00000000    -0.00000000
   a2 :    -3.07009611     5.31756245    -0.00000000
   a3 :    -0.00000000    -0.00000000     9.89738488
  Atomic positions (fractional):
   Zn   :     0.33333333     0.66666667     0.00055698
   Zn   :     0.66666667     0.33333333     0.50055698
   O    :     0.33333333     0.66666667     0.38029617
   O    :     0.66666667     0.33333333     0.88029617
  Stress tensor [GPa]:
      8.192019e-03  -5.264980e-14  -8.349885e-17
     -5.244785e-14   8.192019e-03   5.649539e-17
     -2.384530e-17   1.573877e-16  -3.602131e-03
  Pressure :  -4.260636e-03 [GPa]
  Space group :  P6_3mc (#186)

 du0 =   1.649293e-04 [Bohr] du_tensor =   3.093490e-05
 |residual force| =   4.745752e-07 |residual stress| =   2.654626e-04

 ----------------------------------------------------------------
  Structure opt. step    6 of 1000    (T = 5.000000e+02 K)
 ----------------------------------------------------------------

 Structure at this step :
  Lattice vectors [Bohr]:
   a1 :     6.14007940    -0.00000000    -0.00000000
   a2 :    -3.07003970     5.31746475    -0.00000000
   a3 :    -0.00000000    -0.00000000     9.89754897
  Atomic positions (fractional):
   Zn   :     0.33333333     0.66666667     0.00055978
   Zn   :     0.66666667     0.33333333     0.50055978
   O    :     0.33333333     0.66666667     0.38028471
   O    :     0.66666667     0.33333333     0.88028471
  Stress tensor [GPa]:
      5.055416e-03  -4.255807e-14  -7.885873e-17
     -4.238090e-14   5.055416e-03   2.684475e-17
     -1.857866e-17   1.155910e-16  -5.047925e-03
  Pressure :  -1.687635e-03 [GPa]
  Space group :  P6_3mc (#186)

 du0 =   1.412657e-04 [Bohr] du_tensor =   2.498778e-05
 |residual force| =   4.066164e-07 |residual stress| =   1.915736e-04

 ----------------------------------------------------------------
  Structure opt. step    7 of 1000    (T = 5.000000e+02 K)
 ----------------------------------------------------------------

 Structure at this step :
  Lattice vectors [Bohr]:
   a1 :     6.14000185    -0.00000000    -0.00000000
   a2 :    -3.07000093     5.31739758    -0.00000000
   a3 :    -0.00000000    -0.00000000     9.89772074
  Atomic positions (fractional):
   Zn   :     0.33333333     0.66666667     0.00056219
   Zn   :     0.66666667     0.33333333     0.50056219
   O    :     0.33333333     0.66666667     0.38027489
   O    :     0.66666667     0.33333333     0.88027489
  Stress tensor [GPa]:
      3.614933e-03  -3.177083e-14  -1.020513e-16
     -3.154967e-14   3.614933e-03   3.050240e-18
     -5.388937e-17   7.873215e-17  -5.021850e-03
  Pressure :  -7.360051e-04 [GPa]
  Space group :  P6_3mc (#186)

 du0 =   1.207415e-04 [Bohr] du_tensor =   2.109970e-05
 |residual force| =   3.476232e-07 |residual stress| =   1.569030e-04

 ----------------------------------------------------------------
  Structure opt. step    8 of 1000    (T = 5.000000e+02 K)
 ----------------------------------------------------------------

 Structure at this step :
  Lattice vectors [Bohr]:
   a1 :     6.13994243    -0.00000000    -0.00000000
   a2 :    -3.06997121     5.31734612    -0.00000000
   a3 :    -0.00000000    -0.00000000     9.89787882
  Atomic positions (fractional):
   Zn   :     0.33333333     0.66666667     0.00056424
   Zn   :     0.66666667     0.33333333     0.50056424
   O    :     0.33333333     0.66666667     0.38026650
   O    :     0.66666667     0.33333333     0.88026650
  Stress tensor [GPa]:
      2.832182e-03  -2.267885e-14  -1.153489e-16
     -2.246389e-14   2.832182e-03  -5.028475e-17
     -6.318314e-17   4.527465e-17  -4.545179e-03
  Pressure :  -3.730616e-04 [GPa]
  Space group :  P6_3mc (#186)

 du0 =   1.031154e-04 [Bohr] du_tensor =   1.797444e-05
 |residual force| =   2.969331e-07 |residual stress| =   1.326567e-04

 ----------------------------------------------------------------
  Structure opt. step    9 of 1000    (T = 5.000000e+02 K)
 ----------------------------------------------------------------

 Structure at this step :
  Lattice vectors [Bohr]:
   a1 :     6.13989416    -0.00000000    -0.00000000
   a2 :    -3.06994708     5.31730432    -0.00000000
   a3 :    -0.00000000    -0.00000000     9.89801790
  Atomic positions (fractional):
   Zn   :     0.33333333     0.66666667     0.00056599
   Zn   :     0.66666667     0.33333333     0.50056599
   O    :     0.33333333     0.66666667     0.38025934
   O    :     0.66666667     0.33333333     0.88025934
  Stress tensor [GPa]:
      2.325579e-03  -1.477084e-14   1.308104e-16
     -1.454845e-14   2.325579e-03  -6.110251e-17
      1.898684e-16   3.953635e-17  -3.974299e-03
  Pressure :  -2.256199e-04 [GPa]
  Space group :  P6_3mc (#186)

 du0 =   8.803895e-05 [Bohr] du_tensor =   1.533872e-05
 |residual force| =   2.535586e-07 |residual stress| =   1.129650e-04

 ----------------------------------------------------------------
  Structure opt. step   10 of 1000    (T = 5.000000e+02 K)
 ----------------------------------------------------------------

 Structure at this step :
  Lattice vectors [Bohr]:
   a1 :     6.13985384    -0.00000000    -0.00000000
   a2 :    -3.06992692     5.31726940    -0.00000000
   a3 :    -0.00000000    -0.00000000     9.89813815
  Atomic positions (fractional):
   Zn   :     0.33333333     0.66666667     0.00056749
   Zn   :     0.66666667     0.33333333     0.50056749
   O    :     0.33333333     0.66666667     0.38025322
   O    :     0.66666667     0.33333333     0.88025322
  Stress tensor [GPa]:
      1.951672e-03  -8.569880e-15  -1.221567e-16
     -8.367934e-15   1.951672e-03   2.115057e-16
     -6.101231e-17   3.020272e-16  -3.427721e-03
  Pressure :  -1.585407e-04 [GPa]
  Space group :  P6_3mc (#186)

 du0 =   7.516306e-05 [Bohr] du_tensor =   1.309478e-05
 |residual force| =   2.165039e-07 |residual stress| =   9.637158e-05

 ----------------------------------------------------------------
  Structure opt. step   11 of 1000    (T = 5.000000e+02 K)
 ----------------------------------------------------------------

 Structure at this step :
  Lattice vectors [Bohr]:
   a1 :     6.13981975    -0.00000000    -0.00000000
   a2 :    -3.06990987     5.31723987    -0.00000000
   a3 :    -0.00000000    -0.00000000     9.89824137
  Atomic positions (fractional):
   Zn   :     0.33333333     0.66666667     0.00056877
   Zn   :     0.66666667     0.33333333     0.50056877
   O    :     0.33333333     0.66666667     0.38024800
   O    :     0.66666667     0.33333333     0.88024800
  Stress tensor [GPa]:
      1.653789e-03  -4.070838e-15  -3.278269e-17
     -3.854027e-15   1.653789e-03   5.023338e-17
      2.292333e-17   1.454550e-16  -2.939656e-03
  Pressure :  -1.226405e-04 [GPa]
  Space group :  P6_3mc (#186)

 du0 =   6.417232e-05 [Bohr] du_tensor =   1.118071e-05
 |residual force| =   1.848664e-07 |residual stress| =   8.226295e-05

 ----------------------------------------------------------------
  Structure opt. step   12 of 1000    (T = 5.000000e+02 K)
 ----------------------------------------------------------------

 Structure at this step :
  Lattice vectors [Bohr]:
   a1 :     6.13979076    -0.00000000    -0.00000000
   a2 :    -3.06989538     5.31721477    -0.00000000
   a3 :    -0.00000000    -0.00000000     9.89832972
  Atomic positions (fractional):
   Zn   :     0.33333333     0.66666667     0.00056986
   Zn   :     0.66666667     0.33333333     0.50056986
   O    :     0.33333333     0.66666667     0.38024354
   O    :     0.66666667     0.33333333     0.88024354
  Stress tensor [GPa]:
      1.407307e-03   1.115173e-17  -7.422330e-17
      2.261043e-16   1.407307e-03  -1.985604e-16
     -3.251854e-17  -1.133294e-16  -2.515166e-03
  Pressure :  -9.981585e-05 [GPa]
  Space group :  P6_3mc (#186)

 du0 =   5.479186e-05 [Bohr] du_tensor =   9.547197e-06
 |residual force| =   1.578585e-07 |residual stress| =   7.023636e-05

 ----------------------------------------------------------------
  Structure opt. step   13 of 1000    (T = 5.000000e+02 K)
 ----------------------------------------------------------------

 Structure at this step :
  Lattice vectors [Bohr]:
   a1 :     6.13976605    -0.00000000    -0.00000000
   a2 :    -3.06988302     5.31719337    -0.00000000
   a3 :    -0.00000000    -0.00000000     9.89840523
  Atomic positions (fractional):
   Zn   :     0.33333333     0.66666667     0.00057079
   Zn   :     0.66666667     0.33333333     0.50057079
   O    :     0.33333333     0.66666667     0.38023973
   O    :     0.66666667     0.33333333     0.88023973
  Stress tensor [GPa]:
      1.199790e-03   2.356073e-15   1.855431e-17
      2.575361e-15   1.199790e-03  -1.161085e-17
      7.898308e-17   9.789880e-17  -2.149868e-03
  Pressure :  -8.323744e-05 [GPa]
  Space group :  P6_3mc (#186)

 du0 =   4.678549e-05 [Bohr] du_tensor =   8.152839e-06
 |residual force| =   1.348027e-07 |residual stress| =   5.997531e-05

 ----------------------------------------------------------------
  Structure opt. step   14 of 1000    (T = 5.000000e+02 K)
 ----------------------------------------------------------------

 Structure at this step :
  Lattice vectors [Bohr]:
   a1 :     6.13974497    -0.00000000    -0.00000000
   a2 :    -3.06987249     5.31717512    -0.00000000
   a3 :    -0.00000000    -0.00000000     9.89846975
  Atomic positions (fractional):
   Zn   :     0.33333333     0.66666667     0.00057159
   Zn   :     0.66666667     0.33333333     0.50057159
   O    :     0.33333333     0.66666667     0.38023648
   O    :     0.66666667     0.33333333     0.88023648
  Stress tensor [GPa]:
      1.023733e-03   4.705885e-15  -2.603994e-16
      4.937561e-15   1.023733e-03   8.441673e-17
     -2.062760e-16   1.864770e-16  -1.836883e-03
  Pressure :  -7.019461e-05 [GPa]
  Space group :  P6_3mc (#186)

 du0 =   3.995136e-05 [Bohr] du_tensor =   6.962474e-06
 |residual force| =   1.151196e-07 |residual stress| =   5.121719e-05

 ----------------------------------------------------------------
  Structure opt. step   15 of 1000    (T = 5.000000e+02 K)
 ----------------------------------------------------------------

 Structure at this step :
  Lattice vectors [Bohr]:
   a1 :     6.13972698    -0.00000000    -0.00000000
   a2 :    -3.06986349     5.31715953    -0.00000000
   a3 :    -0.00000000    -0.00000000     9.89852486
  Atomic positions (fractional):
   Zn   :     0.33333333     0.66666667     0.00057227
   Zn   :     0.66666667     0.33333333     0.50057227
   O    :     0.33333333     0.66666667     0.38023371
   O    :     0.66666667     0.33333333     0.88023371
  Stress tensor [GPa]:
      8.738610e-04   5.749216e-15   3.061683e-17
      5.980892e-15   8.738610e-04  -1.039227e-16
      8.765314e-17  -1.531291e-17  -1.569207e-03
  Pressure :  -5.950481e-05 [GPa]
  Space group :  P6_3mc (#186)

 du0 =   3.411729e-05 [Bohr] du_tensor =   5.946161e-06
 |residual force| =   9.831465e-08 |residual stress| =   4.374035e-05

 ----------------------------------------------------------------
  Structure opt. step   16 of 1000    (T = 5.000000e+02 K)
 ----------------------------------------------------------------

 Structure at this step :
  Lattice vectors [Bohr]:
   a1 :     6.13971161    -0.00000000    -0.00000000
   a2 :    -3.06985581     5.31714623    -0.00000000
   a3 :    -0.00000000    -0.00000000     9.89857194
  Atomic positions (fractional):
   Zn   :     0.33333333     0.66666667     0.00057285
   Zn   :     0.66666667     0.33333333     0.50057285
   O    :     0.33333333     0.66666667     0.38023134
   O    :     0.66666667     0.33333333     0.88023134
  Stress tensor [GPa]:
      7.460842e-04   7.156756e-15  -1.268043e-17
      7.408873e-15   7.460842e-04   1.215326e-16
      3.933630e-17   2.230180e-16  -1.340454e-03
  Pressure :  -5.057135e-05 [GPa]
  Space group :  P6_3mc (#186)

 du0 =   2.913648e-05 [Bohr] du_tensor =   5.078381e-06
 |residual force| =   8.396589e-08 |residual stress| =   3.735653e-05

 ----------------------------------------------------------------
  Structure opt. step   17 of 1000    (T = 5.000000e+02 K)
 ----------------------------------------------------------------

 Structure at this step :
  Lattice vectors [Bohr]:
   a1 :     6.13969850    -0.00000000    -0.00000000
   a2 :    -3.06984925     5.31713487    -0.00000000
   a3 :    -0.00000000    -0.00000000     9.89861215
  Atomic positions (fractional):
   Zn   :     0.33333333     0.66666667     0.00057334
   Zn   :     0.66666667     0.33333333     0.50057334
   O    :     0.33333333     0.66666667     0.38022931
   O    :     0.66666667     0.33333333     0.88022931
  Stress tensor [GPa]:
      6.370678e-04   7.630754e-15  -1.026769e-16
      7.851898e-15   6.370678e-04  -1.659287e-16
     -4.800632e-17  -7.137811e-17  -1.145024e-03
  Pressure :  -4.303717e-05 [GPa]
  Space group :  P6_3mc (#186)

 du0 =   2.488379e-05 [Bohr] du_tensor =   4.337378e-06
 |residual force| =   7.171357e-08 |residual stress| =   3.190549e-05

 ----------------------------------------------------------------
  Structure opt. step   18 of 1000    (T = 5.000000e+02 K)
 ----------------------------------------------------------------

 Structure at this step :
  Lattice vectors [Bohr]:
   a1 :     6.13968729    -0.00000000    -0.00000000
   a2 :    -3.06984365     5.31712517    -0.00000000
   a3 :    -0.00000000    -0.00000000     9.89864649
  Atomic positions (fractional):
   Zn   :     0.33333333     0.66666667     0.00057376
   Zn   :     0.66666667     0.33333333     0.50057376
   O    :     0.33333333     0.66666667     0.38022758
   O    :     0.66666667     0.33333333     0.88022758
  Stress tensor [GPa]:
      5.440234e-04   7.918280e-15   1.150469e-16
      8.109071e-15   5.440234e-04  -9.247675e-17
      1.638454e-16   6.360042e-18  -9.780820e-04
  Pressure :  -3.665491e-05 [GPa]
  Space group :  P6_3mc (#186)

 du0 =   2.125253e-05 [Bohr] du_tensor =   3.704593e-06
 |residual force| =   6.125076e-08 |residual stress| =   2.725061e-05

 ----------------------------------------------------------------
  Structure opt. step   19 of 1000    (T = 5.000000e+02 K)
 ----------------------------------------------------------------

 Structure at this step :
  Lattice vectors [Bohr]:
   a1 :     6.13967773    -0.00000000    -0.00000000
   a2 :    -3.06983886     5.31711688    -0.00000000
   a3 :    -0.00000000    -0.00000000     9.89867583
  Atomic positions (fractional):
   Zn   :     0.33333333     0.66666667     0.00057413
   Zn   :     0.66666667     0.33333333     0.50057413
   O    :     0.33333333     0.66666667     0.38022611
   O    :     0.66666667     0.33333333     0.88022611
  Stress tensor [GPa]:
      4.645947e-04   8.015003e-15  -1.614387e-16
      8.220040e-15   4.645947e-04   5.829221e-17
     -1.059244e-16   1.519287e-16  -8.354815e-04
  Pressure :  -3.123596e-05 [GPa]
  Space group :  P6_3mc (#186)

 du0 =   1.815169e-05 [Bohr] du_tensor =   3.164196e-06
 |residual force| =   5.231567e-08 |residual stress| =   2.327540e-05

 ----------------------------------------------------------------
  Structure opt. step   20 of 1000    (T = 5.000000e+02 K)
 ----------------------------------------------------------------

 Structure at this step :
  Lattice vectors [Bohr]:
   a1 :     6.13966956    -0.00000000    -0.00000000
   a2 :    -3.06983478     5.31710981    -0.00000000
   a3 :    -0.00000000    -0.00000000     9.89870089
  Atomic positions (fractional):
   Zn   :     0.33333333     0.66666667     0.00057443
   Zn   :     0.66666667     0.33333333     0.50057443
   O    :     0.33333333     0.66666667     0.38022485
   O    :     0.66666667     0.33333333     0.88022485
  Stress tensor [GPa]:
      3.967804e-04   7.840395e-15   2.782986e-18
      8.035521e-15   3.967804e-04   5.875682e-17
      5.760953e-17   1.564185e-16  -7.136746e-04
  Pressure :  -2.662873e-05 [GPa]
  Space group :  P6_3mc (#186)

 du0 =   1.550366e-05 [Bohr] du_tensor =   2.702680e-06
 |residual force| =   4.468489e-08 |residual stress| =   1.988047e-05

 ----------------------------------------------------------------
  Structure opt. step   21 of 1000    (T = 5.000000e+02 K)
 ----------------------------------------------------------------

 Structure at this step :
  Lattice vectors [Bohr]:
   a1 :     6.13966258    -0.00000000    -0.00000000
   a2 :    -3.06983129     5.31710376    -0.00000000
   a3 :    -0.00000000    -0.00000000     9.89872229
  Atomic positions (fractional):
   Zn   :     0.33333333     0.66666667     0.00057470
   Zn   :     0.66666667     0.33333333     0.50057470
   O    :     0.33333333     0.66666667     0.38022377
   O    :     0.66666667     0.33333333     0.88022377
  Stress tensor [GPa]:
      3.388768e-04   7.907983e-15  -7.175100e-17
      8.087623e-15   3.388768e-04   8.721024e-17
     -2.353815e-17   1.815051e-16  -6.096291e-04
  Pressure :  -2.270819e-05 [GPa]
  Space group :  P6_3mc (#186)

 du0 =   1.324221e-05 [Bohr] du_tensor =   2.308516e-06
 |residual force| =   3.816779e-08 |residual stress| =   1.698101e-05

 ----------------------------------------------------------------
  Structure opt. step   22 of 1000    (T = 5.000000e+02 K)
 ----------------------------------------------------------------

 Structure at this step :
  Lattice vectors [Bohr]:
   a1 :     6.13965662    -0.00000000    -0.00000000
   a2 :    -3.06982831     5.31709860    -0.00000000
   a3 :    -0.00000000    -0.00000000     9.89874057
  Atomic positions (fractional):
   Zn   :     0.33333333     0.66666667     0.00057492
   Zn   :     0.66666667     0.33333333     0.50057492
   O    :     0.33333333     0.66666667     0.38022285
   O    :     0.66666667     0.33333333     0.88022285
  Stress tensor [GPa]:
      2.894320e-04   7.422395e-15  -1.094820e-16
      7.662121e-15   2.894320e-04   2.040847e-17
     -5.017459e-17   1.071705e-16  -5.207545e-04
  Pressure :  -1.936986e-05 [GPa]
  Space group :  P6_3mc (#186)

 du0 =   1.131083e-05 [Bohr] du_tensor =   1.971865e-06
 |residual force| =   3.260165e-08 |residual stress| =   1.450463e-05

 ----------------------------------------------------------------
  Structure opt. step   23 of 1000    (T = 5.000000e+02 K)
 ----------------------------------------------------------------

 Structure at this step :
  Lattice vectors [Bohr]:
   a1 :     6.13965153    -0.00000000    -0.00000000
   a2 :    -3.06982576     5.31709419    -0.00000000
   a3 :    -0.00000000    -0.00000000     9.89875619
  Atomic positions (fractional):
   Zn   :     0.33333333     0.66666667     0.00057511
   Zn   :     0.66666667     0.33333333     0.50057511
   O    :     0.33333333     0.66666667     0.38022206
   O    :     0.66666667     0.33333333     0.88022206
  Stress tensor [GPa]:
      2.472079e-04   6.881051e-15  -1.131933e-16
      7.120157e-15   2.472079e-04  -7.964007e-17
     -5.915678e-17   1.177472e-17  -4.448382e-04
  Pressure :  -1.652586e-05 [GPa]
  Space group :  P6_3mc (#186)

 du0 =   9.661293e-06 [Bohr] du_tensor =   1.684328e-06
 |residual force| =   2.784759e-08 |residual stress| =   1.238954e-05


 du0 is smaller than COORD_CONV_TOL =    1.000000e-05
 du_tensor is smaller than CELL_CONV_TOL =    1.000000e-05
 Structural optimization converged in 23-th loop.

 break structural loop.


 Optimization history at 5.000000e+02 K :
 -------------------------------------------------------------------------
   step    du0 [Bohr]    du_tensor      |force|       |stress|    space group
 -------------------------------------------------------------------------
      1     4.762e-04    6.410e-04    1.357e-06     8.776e-03    P6_3mc (#186)
      2     2.639e-04    2.359e-04    7.567e-07     3.209e-03    P6_3mc (#186)
      3     2.212e-04    9.277e-05    6.355e-07     1.198e-03    P6_3mc (#186)
      4     1.916e-04    4.551e-05    5.511e-07     4.935e-04    P6_3mc (#186)
      5     1.649e-04    3.093e-05    4.746e-07     2.655e-04    P6_3mc (#186)
      6     1.413e-04    2.499e-05    4.066e-07     1.916e-04    P6_3mc (#186)
      7     1.207e-04    2.110e-05    3.476e-07     1.569e-04    P6_3mc (#186)
      8     1.031e-04    1.797e-05    2.969e-07     1.327e-04    P6_3mc (#186)
      9     8.804e-05    1.534e-05    2.536e-07     1.130e-04    P6_3mc (#186)
     10     7.516e-05    1.309e-05    2.165e-07     9.637e-05    P6_3mc (#186)
     11     6.417e-05    1.118e-05    1.849e-07     8.226e-05    P6_3mc (#186)
     12     5.479e-05    9.547e-06    1.579e-07     7.024e-05    P6_3mc (#186)
     13     4.679e-05    8.153e-06    1.348e-07     5.998e-05    P6_3mc (#186)
     14     3.995e-05    6.962e-06    1.151e-07     5.122e-05    P6_3mc (#186)
     15     3.412e-05    5.946e-06    9.831e-08     4.374e-05    P6_3mc (#186)
     16     2.914e-05    5.078e-06    8.397e-08     3.736e-05    P6_3mc (#186)
     17     2.488e-05    4.337e-06    7.171e-08     3.191e-05    P6_3mc (#186)
     18     2.125e-05    3.705e-06    6.125e-08     2.725e-05    P6_3mc (#186)
     19     1.815e-05    3.164e-06    5.232e-08     2.328e-05    P6_3mc (#186)
     20     1.550e-05    2.703e-06    4.468e-08     1.988e-05    P6_3mc (#186)
     21     1.324e-05    2.309e-06    3.817e-08     1.698e-05    P6_3mc (#186)
     22     1.131e-05    1.972e-06    3.260e-08     1.450e-05    P6_3mc (#186)
     23     9.661e-06    1.684e-06    2.785e-08     1.239e-05    P6_3mc (#186)
 -------------------------------------------------------------------------
 ----------------------------------------------------------------
 Final atomic displacements [Bohr] at 5.000e+02 K
    u_{0,x}   u_{0,y}   u_{0,z} :  -2.837661e-13   1.642507e-13  -1.560857e-03
    u_{1,x}   u_{1,y}   u_{1,z} :   2.837669e-13  -1.642419e-13  -1.560857e-03
    u_{2,x}   u_{2,y}   u_{2,z} :   3.025743e-13  -1.750759e-13   6.378291e-03
    u_{3,x}   u_{3,y}   u_{3,z} :  -3.025770e-13   1.750416e-13   6.378291e-03

 Final strain (displacement gradient tensor u_{mu nu}) : 
    4.049015e-03  -1.610721e-15  -6.224936e-19
   -1.610721e-15   4.049015e-03  -1.127099e-17
   -6.224936e-19  -1.127099e-17   2.582195e-03

 Final structure at 5.000000e+02 K :
  Lattice vectors [Bohr]:
   a1 :     6.13964718    -0.00000000    -0.00000000
   a2 :    -3.06982359     5.31709043    -0.00000000
   a3 :    -0.00000000    -0.00000000     9.89876953
  Atomic positions (fractional):
   Zn   :     0.33333333     0.66666667     0.00057528
   Zn   :     0.66666667     0.33333333     0.50057528
   O    :     0.33333333     0.66666667     0.38022139
   O    :     0.66666667     0.33333333     0.88022139
  Space group :  P6_3mc (#186)


 ================================================================
  Temperature = 4.00000000e+02 K    (   7 of   11)
 ================================================================

 SET_INIT_STR = 2: start from structure from the previous temperature.

 Initial atomic displacements [Bohr] : 
    u_{0,x}   u_{0,y}   u_{0,z} :  -2.837661e-13   1.642507e-13  -1.560857e-03
    u_{1,x}   u_{1,y}   u_{1,z} :   2.837669e-13  -1.642419e-13  -1.560857e-03
    u_{2,x}   u_{2,y}   u_{2,z} :   3.025743e-13  -1.750759e-13   6.378291e-03
    u_{3,x}   u_{3,y}   u_{3,z} :  -3.025770e-13   1.750416e-13   6.378291e-03

 Initial strain (displacement gradient tensor u_{mu nu}) : 
    4.049015e-03  -1.610721e-15  -6.224936e-19
   -1.610721e-15   4.049015e-03  -1.127099e-17
   -6.224936e-19  -1.127099e-17   2.582195e-03

 Start structural optimization at 4.000000e+02 K.

 ----------------------------------------------------------------
  Structure opt. step    1 of 1000    (T = 4.000000e+02 K)
 ----------------------------------------------------------------

 Structure at this step :
  Lattice vectors [Bohr]:
   a1 :     6.13964718    -0.00000000    -0.00000000
   a2 :    -3.06982359     5.31709043    -0.00000000
   a3 :    -0.00000000    -0.00000000     9.89876953
  Atomic positions (fractional):
   Zn   :     0.33333333     0.66666667     0.00057528
   Zn   :     0.66666667     0.33333333     0.50057528
   O    :     0.33333333     0.66666667     0.38022139
   O    :     0.66666667     0.33333333     0.88022139
  Stress tensor [GPa]:
      2.098323e-01   2.203971e-13  -3.291282e-17
      2.205972e-13   2.098323e-01  -1.641042e-16
      1.039397e-17  -8.640894e-17   2.200574e-01
  Pressure :  -2.132406e-01 [GPa]
  Space group :  P6_3mc (#186)

 du0 =   4.478677e-04 [Bohr] du_tensor =   5.907459e-04
 |residual force| =   1.290947e-06 |residual stress| =   8.086921e-03

 ----------------------------------------------------------------
  Structure opt. step    2 of 1000    (T = 4.000000e+02 K)
 ----------------------------------------------------------------

 Structure at this step :
  Lattice vectors [Bohr]:
   a1 :     6.13763456    -0.00000000    -0.00000000
   a2 :    -3.06881728     5.31534744    -0.00000000
   a3 :    -0.00000000    -0.00000000     9.89517802
  Atomic positions (fractional):
   Zn   :     0.33333333     0.66666667     0.00058283
   Zn   :     0.66666667     0.33333333     0.50058283
   O    :     0.33333333     0.66666667     0.38019054
   O    :     0.66666667     0.33333333     0.88019054
  Stress tensor [GPa]:
      7.988315e-02  -1.647743e-14  -7.185274e-17
     -1.629891e-14   7.988315e-02  -1.215109e-16
     -2.422045e-17  -4.360137e-17   6.597360e-02
  Pressure :  -7.524663e-02 [GPa]
  Space group :  P6_3mc (#186)

 du0 =   2.332712e-04 [Bohr] du_tensor =   2.105031e-04
 |residual force| =   6.762805e-07 |residual stress| =   2.861357e-03

 ----------------------------------------------------------------
  Structure opt. step    3 of 1000    (T = 4.000000e+02 K)
 ----------------------------------------------------------------

 Structure at this step :
  Lattice vectors [Bohr]:
   a1 :     6.13681893    -0.00000000    -0.00000000
   a2 :    -3.06840946     5.31464109    -0.00000000
   a3 :    -0.00000000    -0.00000000     9.89425559
  Atomic positions (fractional):
   Zn   :     0.33333333     0.66666667     0.00058678
   Zn   :     0.66666667     0.33333333     0.50058678
   O    :     0.33333333     0.66666667     0.38017440
   O    :     0.66666667     0.33333333     0.88017440
  Stress tensor [GPa]:
      3.116760e-02  -4.645554e-14   7.474113e-17
     -4.624721e-14   3.116760e-02   6.920043e-17
      1.170186e-16   1.540653e-16   1.724995e-02
  Pressure :  -2.652838e-02 [GPa]
  Space group :  P6_3mc (#186)

 du0 =   1.950141e-04 [Bohr] du_tensor =   8.050198e-05
 |residual force| =   5.664272e-07 |residual stress| =   1.034820e-03

 ----------------------------------------------------------------
  Structure opt. step    4 of 1000    (T = 4.000000e+02 K)
 ----------------------------------------------------------------

 Structure at this step :
  Lattice vectors [Bohr]:
   a1 :     6.13647694    -0.00000000    -0.00000000
   a2 :    -3.06823847     5.31434492    -0.00000000
   a3 :    -0.00000000    -0.00000000     9.89410749
  Atomic positions (fractional):
   Zn   :     0.33333333     0.66666667     0.00059009
   Zn   :     0.66666667     0.33333333     0.50059009
   O    :     0.33333333     0.66666667     0.38016087
   O    :     0.66666667     0.33333333     0.88016087
  Stress tensor [GPa]:
      1.347892e-02  -5.377040e-14  -9.846689e-17
     -5.359802e-14   1.347892e-02   8.748074e-17
     -6.634800e-17   1.608921e-16   1.334076e-03
  Pressure :  -9.430638e-03 [GPa]
  Space group :  P6_3mc (#186)

 du0 =   1.677215e-04 [Bohr] du_tensor =   3.921964e-05
 |residual force| =   4.875454e-07 |residual stress| =   4.176585e-04

 ----------------------------------------------------------------
  Structure opt. step    5 of 1000    (T = 4.000000e+02 K)
 ----------------------------------------------------------------

 Structure at this step :
  Lattice vectors [Bohr]:
   a1 :     6.13631187    -0.00000000    -0.00000000
   a2 :    -3.06815593     5.31420196    -0.00000000
   a3 :    -0.00000000    -0.00000000     9.89419617
  Atomic positions (fractional):
   Zn   :     0.33333333     0.66666667     0.00059294
   Zn   :     0.66666667     0.33333333     0.50059294
   O    :     0.33333333     0.66666667     0.38014922
   O    :     0.66666667     0.33333333     0.88014922
  Stress tensor [GPa]:
      6.894333e-03  -4.767802e-14  -5.790244e-17
     -4.750502e-14   6.894333e-03  -1.208189e-16
     -1.549877e-17  -4.507347e-17  -3.502035e-03
  Pressure :  -3.428877e-03 [GPa]
  Space group :  P6_3mc (#186)

 du0 =   1.433066e-04 [Bohr] du_tensor =   2.691664e-05
 |residual force| =   4.167515e-07 |residual stress| =   2.264667e-04

 ----------------------------------------------------------------
  Structure opt. step    6 of 1000    (T = 4.000000e+02 K)
 ----------------------------------------------------------------

 Structure at this step :
  Lattice vectors [Bohr]:
   a1 :     6.13621570    -0.00000000    -0.00000000
   a2 :    -3.06810785     5.31411868    -0.00000000
   a3 :    -0.00000000    -0.00000000     9.89434584
  Atomic positions (fractional):
   Zn   :     0.33333333     0.66666667     0.00059538
   Zn   :     0.66666667     0.33333333     0.50059538
   O    :     0.33333333     0.66666667     0.38013927
   O    :     0.66666667     0.33333333     0.88013927
  Stress tensor [GPa]:
      4.262316e-03  -3.903935e-14  -2.136679e-17
     -3.891100e-14   4.262316e-03  -1.522181e-16
      2.201597e-17  -6.645800e-17  -4.591585e-03
  Pressure :  -1.311016e-03 [GPa]
  Space group :  P6_3mc (#186)

 du0 =   1.219671e-04 [Bohr] du_tensor =   2.179565e-05
 |residual force| =   3.547905e-07 |residual stress| =   1.656976e-04

 ----------------------------------------------------------------
  Structure opt. step    7 of 1000    (T = 4.000000e+02 K)
 ----------------------------------------------------------------

 Structure at this step :
  Lattice vectors [Bohr]:
   a1 :     6.13614943    -0.00000000    -0.00000000
   a2 :    -3.06807472     5.31406129    -0.00000000
   a3 :    -0.00000000    -0.00000000     9.89449886
  Atomic positions (fractional):
   Zn   :     0.33333333     0.66666667     0.00059745
   Zn   :     0.66666667     0.33333333     0.50059745
   O    :     0.33333333     0.66666667     0.38013079
   O    :     0.66666667     0.33333333     0.88013079
  Stress tensor [GPa]:
      3.062133e-03  -3.022040e-14  -7.740865e-17
     -3.003438e-14   3.062133e-03   1.418776e-16
     -3.859522e-17   2.115790e-16  -4.464303e-03
  Pressure :  -5.533209e-04 [GPa]
  Space group :  P6_3mc (#186)

 du0 =   1.036410e-04 [Bohr] du_tensor =   1.834664e-05
 |residual force| =   3.015422e-07 |residual stress| =   1.360315e-04

 ----------------------------------------------------------------
  Structure opt. step    8 of 1000    (T = 4.000000e+02 K)
 ----------------------------------------------------------------

 Structure at this step :
  Lattice vectors [Bohr]:
   a1 :     6.13609856    -0.00000000    -0.00000000
   a2 :    -3.06804928     5.31401723    -0.00000000
   a3 :    -0.00000000    -0.00000000     9.89463785
  Atomic positions (fractional):
   Zn   :     0.33333333     0.66666667     0.00059921
   Zn   :     0.66666667     0.33333333     0.50059921
   O    :     0.33333333     0.66666667     0.38012359
   O    :     0.66666667     0.33333333     0.88012359
  Stress tensor [GPa]:
      2.404774e-03  -2.247610e-14   2.136282e-17
     -2.229381e-14   2.404774e-03   3.481009e-17
      6.045884e-17   1.150603e-16  -3.988855e-03
  Pressure :  -2.735646e-04 [GPa]
  Space group :  P6_3mc (#186)

 du0 =   8.801875e-05 [Bohr] du_tensor =   1.555384e-05
 |residual force| =   2.561302e-07 |residual stress| =   1.146554e-04

 ----------------------------------------------------------------
  Structure opt. step    9 of 1000    (T = 4.000000e+02 K)
 ----------------------------------------------------------------

 Structure at this step :
  Lattice vectors [Bohr]:
   a1 :     6.13605725    -0.00000000    -0.00000000
   a2 :    -3.06802863     5.31398146    -0.00000000
   a3 :    -0.00000000    -0.00000000     9.89475904
  Atomic positions (fractional):
   Zn   :     0.33333333     0.66666667     0.00060071
   Zn   :     0.66666667     0.33333333     0.50060071
   O    :     0.33333333     0.66666667     0.38011747
   O    :     0.66666667     0.33333333     0.88011747
  Stress tensor [GPa]:
      1.973202e-03  -1.624415e-14  -7.771991e-17
     -1.610277e-14   1.973202e-03  -7.278318e-17
     -3.037941e-17  -1.206045e-18  -3.456861e-03
  Pressure :  -1.631815e-04 [GPa]
  Space group :  P6_3mc (#186)

 du0 =   7.473906e-05 [Bohr] du_tensor =   1.320336e-05
 |residual force| =   2.175155e-07 |residual stress| =   9.717699e-05

 ----------------------------------------------------------------
  Structure opt. step   10 of 1000    (T = 4.000000e+02 K)
 ----------------------------------------------------------------

 Structure at this step :
  Lattice vectors [Bohr]:
   a1 :     6.13602284    -0.00000000    -0.00000000
   a2 :    -3.06801142     5.31395166    -0.00000000
   a3 :    -0.00000000    -0.00000000     9.89486306
  Atomic positions (fractional):
   Zn   :     0.33333333     0.66666667     0.00060198
   Zn   :     0.66666667     0.33333333     0.50060198
   O    :     0.33333333     0.66666667     0.38011228
   O    :     0.66666667     0.33333333     0.88011228
  Stress tensor [GPa]:
      1.651165e-03  -1.114848e-14  -1.108512e-16
     -1.095006e-14   1.651165e-03  -1.009570e-16
     -6.758378e-17  -2.663464e-17  -2.960298e-03
  Pressure :  -1.140109e-04 [GPa]
  Space group :  P6_3mc (#186)

 du0 =   6.346222e-05 [Bohr] du_tensor =   1.121130e-05
 |residual force| =   1.847165e-07 |residual stress| =   8.247398e-05

 ----------------------------------------------------------------
  Structure opt. step   11 of 1000    (T = 4.000000e+02 K)
 ----------------------------------------------------------------

 Structure at this step :
  Lattice vectors [Bohr]:
   a1 :     6.13599386    -0.00000000    -0.00000000
   a2 :    -3.06799693     5.31392656    -0.00000000
   a3 :    -0.00000000    -0.00000000     9.89495178
  Atomic positions (fractional):
   Zn   :     0.33333333     0.66666667     0.00060306
   Zn   :     0.66666667     0.33333333     0.50060306
   O    :     0.33333333     0.66666667     0.38010787
   O    :     0.66666667     0.33333333     0.88010787
  Stress tensor [GPa]:
      1.393374e-03  -7.163535e-15  -3.553170e-17
     -6.989920e-15   1.393374e-03   2.048142e-16
      9.311357e-19   2.790468e-16  -2.522944e-03
  Pressure :  -8.793497e-05 [GPa]
  Space group :  P6_3mc (#186)

 du0 =   5.388912e-05 [Bohr] du_tensor =   9.520777e-06
 |residual force| =   1.568672e-07 |residual stress| =   7.002491e-05

 ----------------------------------------------------------------
  Structure opt. step   12 of 1000    (T = 4.000000e+02 K)
 ----------------------------------------------------------------

 Structure at this step :
  Lattice vectors [Bohr]:
   a1 :     6.13596933    -0.00000000    -0.00000000
   a2 :    -3.06798466     5.31390531    -0.00000000
   a3 :    -0.00000000    -0.00000000     9.89502728
  Atomic positions (fractional):
   Zn   :     0.33333333     0.66666667     0.00060398
   Zn   :     0.66666667     0.33333333     0.50060398
   O    :     0.33333333     0.66666667     0.38010413
   O    :     0.66666667     0.33333333     0.88010413
  Stress tensor [GPa]:
      1.180045e-03  -4.214835e-15   6.285680e-17
     -4.048661e-15   1.180045e-03   3.590661e-17
      1.029296e-16   1.082208e-16  -2.146032e-03
  Pressure :  -7.135315e-05 [GPa]
  Space group :  P6_3mc (#186)

 du0 =   4.576267e-05 [Bohr] du_tensor =   8.085685e-06
 |residual force| =   1.332222e-07 |residual stress| =   5.946530e-05

 ----------------------------------------------------------------
  Structure opt. step   13 of 1000    (T = 4.000000e+02 K)
 ----------------------------------------------------------------

 Structure at this step :
  Lattice vectors [Bohr]:
   a1 :     6.13594853    -0.00000000    -0.00000000
   a2 :    -3.06797426     5.31388730    -0.00000000
   a3 :    -0.00000000    -0.00000000     9.89509144
  Atomic positions (fractional):
   Zn   :     0.33333333     0.66666667     0.00060475
   Zn   :     0.66666667     0.33333333     0.50060475
   O    :     0.33333333     0.66666667     0.38010095
   O    :     0.66666667     0.33333333     0.88010095
  Stress tensor [GPa]:
      1.000912e-03  -1.411317e-15  -1.285033e-16
     -1.263745e-15   1.000912e-03  -5.915227e-17
     -8.742521e-17   7.769379e-18  -1.823993e-03
  Pressure :  -5.927688e-05 [GPa]
  Space group :  P6_3mc (#186)

 du0 =   3.886386e-05 [Bohr] du_tensor =   6.867257e-06
 |residual force| =   1.131462e-07 |residual stress| =   5.050274e-05

 ----------------------------------------------------------------
  Structure opt. step   14 of 1000    (T = 4.000000e+02 K)
 ----------------------------------------------------------------

 Structure at this step :
  Lattice vectors [Bohr]:
   a1 :     6.13593088    -0.00000000    -0.00000000
   a2 :    -3.06796544     5.31387201    -0.00000000
   a3 :    -0.00000000    -0.00000000     9.89514596
  Atomic positions (fractional):
   Zn   :     0.33333333     0.66666667     0.00060541
   Zn   :     0.66666667     0.33333333     0.50060541
   O    :     0.33333333     0.66666667     0.38009825
   O    :     0.66666667     0.33333333     0.88009825
  Stress tensor [GPa]:
      8.495470e-04   1.092514e-16   1.442945e-16
      2.896857e-16   8.495470e-04  -1.487140e-17
      1.810551e-16   5.581977e-17  -1.549793e-03
  Pressure :  -4.976711e-05 [GPa]
  Space group :  P6_3mc (#186)

 du0 =   3.300674e-05 [Bohr] du_tensor =   5.832680e-06
 |residual force| =   9.609960e-08 |residual stress| =   4.289356e-05

 ----------------------------------------------------------------
  Structure opt. step   15 of 1000    (T = 4.000000e+02 K)
 ----------------------------------------------------------------

 Structure at this step :
  Lattice vectors [Bohr]:
   a1 :     6.13591589    -0.00000000    -0.00000000
   a2 :    -3.06795794     5.31385904    -0.00000000
   a3 :    -0.00000000    -0.00000000     9.89519228
  Atomic positions (fractional):
   Zn   :     0.33333333     0.66666667     0.00060598
   Zn   :     0.66666667     0.33333333     0.50060598
   O    :     0.33333333     0.66666667     0.38009595
   O    :     0.66666667     0.33333333     0.88009595
  Stress tensor [GPa]:
      7.213020e-04   1.648998e-15  -1.028041e-16
      1.808970e-15   7.213020e-04  -3.608097e-17
     -6.231262e-17   4.326125e-17  -1.316651e-03
  Pressure :  -4.198416e-05 [GPa]
  Space group :  P6_3mc (#186)

 du0 =   2.803360e-05 [Bohr] du_tensor =   4.954143e-06
 |residual force| =   8.162416e-08 |residual stress| =   3.643243e-05

 ----------------------------------------------------------------
  Structure opt. step   16 of 1000    (T = 4.000000e+02 K)
 ----------------------------------------------------------------

 Structure at this step :
  Lattice vectors [Bohr]:
   a1 :     6.13590316    -0.00000000    -0.00000000
   a2 :    -3.06795158     5.31384801    -0.00000000
   a3 :    -0.00000000    -0.00000000     9.89523162
  Atomic positions (fractional):
   Zn   :     0.33333333     0.66666667     0.00060645
   Zn   :     0.66666667     0.33333333     0.50060645
   O    :     0.33333333     0.66666667     0.38009400
   O    :     0.66666667     0.33333333     0.88009400
  Stress tensor [GPa]:
      6.125168e-04   2.357227e-15  -1.610180e-16
      2.548822e-15   6.125168e-04  -1.409487e-17
     -1.199776e-16   5.845011e-17  -1.118533e-03
  Pressure :  -3.550032e-05 [GPa]
  Space group :  P6_3mc (#186)

 du0 =   2.381068e-05 [Bohr] du_tensor =   4.208063e-06
 |residual force| =   6.933131e-08 |residual stress| =   3.094560e-05

 ----------------------------------------------------------------
  Structure opt. step   17 of 1000    (T = 4.000000e+02 K)
 ----------------------------------------------------------------

 Structure at this step :
  Lattice vectors [Bohr]:
   a1 :     6.13589235    -0.00000000    -0.00000000
   a2 :    -3.06794618     5.31383865    -0.00000000
   a3 :    -0.00000000    -0.00000000     9.89526504
  Atomic positions (fractional):
   Zn   :     0.33333333     0.66666667     0.00060686
   Zn   :     0.66666667     0.33333333     0.50060686
   O    :     0.33333333     0.66666667     0.38009235
   O    :     0.66666667     0.33333333     0.88009235
  Stress tensor [GPa]:
      5.201882e-04   2.984827e-15   7.431325e-18
      3.134878e-15   5.201882e-04  -1.223165e-16
      4.867406e-17  -4.029393e-17  -9.502125e-04
  Pressure :  -3.005459e-05 [GPa]
  Space group :  P6_3mc (#186)

 du0 =   2.022456e-05 [Bohr] du_tensor =   3.574434e-06
 |residual force| =   5.889139e-08 |residual stress| =   2.628584e-05

 ----------------------------------------------------------------
  Structure opt. step   18 of 1000    (T = 4.000000e+02 K)
 ----------------------------------------------------------------

 Structure at this step :
  Lattice vectors [Bohr]:
   a1 :     6.13588317    -0.00000000    -0.00000000
   a2 :    -3.06794159     5.31383070    -0.00000000
   a3 :    -0.00000000    -0.00000000     9.89529344
  Atomic positions (fractional):
   Zn   :     0.33333333     0.66666667     0.00060720
   Zn   :     0.66666667     0.33333333     0.50060720
   O    :     0.33333333     0.66666667     0.38009094
   O    :     0.66666667     0.33333333     0.88009094
  Stress tensor [GPa]:
      4.418047e-04   3.801521e-15  -1.052041e-16
      3.960872e-15   4.418047e-04   2.910330e-17
     -6.611160e-17   1.032445e-16  -8.072206e-04
  Pressure :  -2.546292e-05 [GPa]
  Space group :  P6_3mc (#186)

 du0 =   1.717903e-05 [Bohr] du_tensor =   3.036280e-06
 |residual force| =   5.002465e-08 |residual stress| =   2.232825e-05

 ----------------------------------------------------------------
  Structure opt. step   19 of 1000    (T = 4.000000e+02 K)
 ----------------------------------------------------------------

 Structure at this step :
  Lattice vectors [Bohr]:
   a1 :     6.13587537    -0.00000000    -0.00000000
   a2 :    -3.06793769     5.31382395    -0.00000000
   a3 :    -0.00000000    -0.00000000     9.89531755
  Atomic positions (fractional):
   Zn   :     0.33333333     0.66666667     0.00060749
   Zn   :     0.66666667     0.33333333     0.50060749
   O    :     0.33333333     0.66666667     0.38008975
   O    :     0.66666667     0.33333333     0.88008975
  Stress tensor [GPa]:
      3.752497e-04   3.789819e-15   4.954270e-18
      3.939870e-15   3.752497e-04   5.728216e-17
      4.433342e-17   1.199846e-16  -6.857488e-04
  Pressure :  -2.158351e-05 [GPa]
  Space group :  P6_3mc (#186)

 du0 =   1.459246e-05 [Bohr] du_tensor =   2.579196e-06
 |residual force| =   4.249373e-08 |residual stress| =   1.896688e-05

 ----------------------------------------------------------------
  Structure opt. step   20 of 1000    (T = 4.000000e+02 K)
 ----------------------------------------------------------------

 Structure at this step :
  Lattice vectors [Bohr]:
   a1 :     6.13586875    -0.00000000    -0.00000000
   a2 :    -3.06793438     5.31381821    -0.00000000
   a3 :    -0.00000000    -0.00000000     9.89533804
  Atomic positions (fractional):
   Zn   :     0.33333333     0.66666667     0.00060774
   Zn   :     0.66666667     0.33333333     0.50060774
   O    :     0.33333333     0.66666667     0.38008874
   O    :     0.66666667     0.33333333     0.88008874
  Stress tensor [GPa]:
      3.187323e-04   3.572872e-15   1.734030e-17
      3.739664e-15   3.187323e-04  -6.688779e-17
      5.363415e-17   9.616075e-18  -5.825587e-04
  Pressure :  -1.830195e-05 [GPa]
  Space group :  P6_3mc (#186)

 du0 =   1.239559e-05 [Bohr] du_tensor =   2.190958e-06
 |residual force| =   3.609714e-08 |residual stress| =   1.611181e-05

 ----------------------------------------------------------------
  Structure opt. step   21 of 1000    (T = 4.000000e+02 K)
 ----------------------------------------------------------------

 Structure at this step :
  Lattice vectors [Bohr]:
   a1 :     6.13586312    -0.00000000    -0.00000000
   a2 :    -3.06793156     5.31381334    -0.00000000
   a3 :    -0.00000000    -0.00000000     9.89535544
  Atomic positions (fractional):
   Zn   :     0.33333333     0.66666667     0.00060795
   Zn   :     0.66666667     0.33333333     0.50060795
   O    :     0.33333333     0.66666667     0.38008788
   O    :     0.66666667     0.33333333     0.88008788
  Stress tensor [GPa]:
      2.707351e-04   4.097488e-15  -1.517325e-17
      4.239478e-15   2.707351e-04   8.391345e-17
      3.286277e-17   1.495897e-16  -4.948986e-04
  Pressure :  -1.552390e-05 [GPa]
  Space group :  P6_3mc (#186)

 du0 =   1.052963e-05 [Bohr] du_tensor =   1.861184e-06
 |residual force| =   3.066386e-08 |residual stress| =   1.368671e-05

 ----------------------------------------------------------------
  Structure opt. step   22 of 1000    (T = 4.000000e+02 K)
 ----------------------------------------------------------------

 Structure at this step :
  Lattice vectors [Bohr]:
   a1 :     6.13585835    -0.00000000    -0.00000000
   a2 :    -3.06792917     5.31380920    -0.00000000
   a3 :    -0.00000000    -0.00000000     9.89537023
  Atomic positions (fractional):
   Zn   :     0.33333333     0.66666667     0.00060813
   Zn   :     0.66666667     0.33333333     0.50060813
   O    :     0.33333333     0.66666667     0.38008714
   O    :     0.66666667     0.33333333     0.88008714
  Stress tensor [GPa]:
      2.299714e-04   3.883003e-15  -7.214944e-17
      4.037394e-15   2.299714e-04  -3.143194e-17
     -2.503370e-17   3.162611e-17  -4.204307e-04
  Pressure :  -1.317072e-05 [GPa]
  Space group :  P6_3mc (#186)

 du0 =   8.944701e-06 [Bohr] du_tensor =   1.581065e-06
 |residual force| =   2.604870e-08 |residual stress| =   1.162676e-05


 du0 is smaller than COORD_CONV_TOL =    1.000000e-05
 du_tensor is smaller than CELL_CONV_TOL =    1.000000e-05
 Structural optimization converged in 22-th loop.

 break structural loop.


 Optimization history at 4.000000e+02 K :
 -------------------------------------------------------------------------
   step    du0 [Bohr]    du_tensor      |force|       |stress|    space group
 -------------------------------------------------------------------------
      1     4.479e-04    5.907e-04    1.291e-06     8.087e-03    P6_3mc (#186)
      2     2.333e-04    2.105e-04    6.763e-07     2.861e-03    P6_3mc (#186)
      3     1.950e-04    8.050e-05    5.664e-07     1.035e-03    P6_3mc (#186)
      4     1.677e-04    3.922e-05    4.875e-07     4.177e-04    P6_3mc (#186)
      5     1.433e-04    2.692e-05    4.168e-07     2.265e-04    P6_3mc (#186)
      6     1.220e-04    2.180e-05    3.548e-07     1.657e-04    P6_3mc (#186)
      7     1.036e-04    1.835e-05    3.015e-07     1.360e-04    P6_3mc (#186)
      8     8.802e-05    1.555e-05    2.561e-07     1.147e-04    P6_3mc (#186)
      9     7.474e-05    1.320e-05    2.175e-07     9.718e-05    P6_3mc (#186)
     10     6.346e-05    1.121e-05    1.847e-07     8.247e-05    P6_3mc (#186)
     11     5.389e-05    9.521e-06    1.569e-07     7.002e-05    P6_3mc (#186)
     12     4.576e-05    8.086e-06    1.332e-07     5.947e-05    P6_3mc (#186)
     13     3.886e-05    6.867e-06    1.131e-07     5.050e-05    P6_3mc (#186)
     14     3.301e-05    5.833e-06    9.610e-08     4.289e-05    P6_3mc (#186)
     15     2.803e-05    4.954e-06    8.162e-08     3.643e-05    P6_3mc (#186)
     16     2.381e-05    4.208e-06    6.933e-08     3.095e-05    P6_3mc (#186)
     17     2.022e-05    3.574e-06    5.889e-08     2.629e-05    P6_3mc (#186)
     18     1.718e-05    3.036e-06    5.002e-08     2.233e-05    P6_3mc (#186)
     19     1.459e-05    2.579e-06    4.249e-08     1.897e-05    P6_3mc (#186)
     20     1.240e-05    2.191e-06    3.610e-08     1.611e-05    P6_3mc (#186)
     21     1.053e-05    1.861e-06    3.066e-08     1.369e-05    P6_3mc (#186)
     22     8.945e-06    1.581e-06    2.605e-08     1.163e-05    P6_3mc (#186)
 -------------------------------------------------------------------------
 ----------------------------------------------------------------
 Final atomic displacements [Bohr] at 4.000e+02 K
    u_{0,x}   u_{0,y}   u_{0,z} :  -1.963996e-13   1.137321e-13  -1.233734e-03
    u_{1,x}   u_{1,y}   u_{1,z} :   1.964002e-13  -1.137249e-13  -1.233734e-03
    u_{2,x}   u_{2,y}   u_{2,z} :   2.107394e-13  -1.219917e-13   5.041534e-03
    u_{3,x}   u_{3,y}   u_{3,z} :  -2.107417e-13   1.219634e-13   5.041534e-03

 Final strain (displacement gradient tensor u_{mu nu}) : 
    3.428743e-03  -1.421540e-15  -1.067585e-18
   -1.421540e-15   3.428743e-03  -9.204546e-18
   -1.067585e-18  -9.204546e-18   2.239174e-03

 Final structure at 4.000000e+02 K :
  Lattice vectors [Bohr]:
   a1 :     6.13585429    -0.00000000    -0.00000000
   a2 :    -3.06792714     5.31380569    -0.00000000
   a3 :    -0.00000000    -0.00000000     9.89538279
  Atomic positions (fractional):
   Zn   :     0.33333333     0.66666667     0.00060828
   Zn   :     0.66666667     0.33333333     0.50060828
   O    :     0.33333333     0.66666667     0.38008652
   O    :     0.66666667     0.33333333     0.88008652
  Space group :  P6_3mc (#186)


 ================================================================
  Temperature = 3.00000000e+02 K    (   8 of   11)
 ================================================================

 SET_INIT_STR = 2: start from structure from the previous temperature.

 Initial atomic displacements [Bohr] : 
    u_{0,x}   u_{0,y}   u_{0,z} :  -1.963996e-13   1.137321e-13  -1.233734e-03
    u_{1,x}   u_{1,y}   u_{1,z} :   1.964002e-13  -1.137249e-13  -1.233734e-03
    u_{2,x}   u_{2,y}   u_{2,z} :   2.107394e-13  -1.219917e-13   5.041534e-03
    u_{3,x}   u_{3,y}   u_{3,z} :  -2.107417e-13   1.219634e-13   5.041534e-03

 Initial strain (displacement gradient tensor u_{mu nu}) : 
    3.428743e-03  -1.421540e-15  -1.067585e-18
   -1.421540e-15   3.428743e-03  -9.204546e-18
   -1.067585e-18  -9.204546e-18   2.239174e-03

 Start structural optimization at 3.000000e+02 K.

 ----------------------------------------------------------------
  Structure opt. step    1 of 1000    (T = 3.000000e+02 K)
 ----------------------------------------------------------------

 Structure at this step :
  Lattice vectors [Bohr]:
   a1 :     6.13585429    -0.00000000    -0.00000000
   a2 :    -3.06792714     5.31380569    -0.00000000
   a3 :    -0.00000000    -0.00000000     9.89538279
  Atomic positions (fractional):
   Zn   :     0.33333333     0.66666667     0.00060828
   Zn   :     0.66666667     0.33333333     0.50060828
   O    :     0.33333333     0.66666667     0.38008652
   O    :     0.66666667     0.33333333     0.88008652
  Stress tensor [GPa]:
      1.796260e-01   1.675952e-13  -1.324131e-16
      1.677072e-13   1.796260e-01  -1.834143e-16
     -9.909974e-17  -1.305644e-16   1.906174e-01
  Pressure :  -1.832898e-01 [GPa]
  Space group :  P6_3mc (#186)

 du0 =   4.169055e-04 [Bohr] du_tensor =   5.075280e-04
 |residual force| =   1.214125e-06 |residual stress| =   6.944760e-03

 ----------------------------------------------------------------
  Structure opt. step    2 of 1000    (T = 3.000000e+02 K)
 ----------------------------------------------------------------

 Structure at this step :
  Lattice vectors [Bohr]:
   a1 :     6.13413918    -0.00000000    -0.00000000
   a2 :    -3.06706959     5.31232036    -0.00000000
   a3 :    -0.00000000    -0.00000000     9.89225675
  Atomic positions (fractional):
   Zn   :     0.33333333     0.66666667     0.00061533
   Zn   :     0.66666667     0.33333333     0.50061533
   O    :     0.33333333     0.66666667     0.38005774
   O    :     0.66666667     0.33333333     0.88005774
  Stress tensor [GPa]:
      6.672489e-02  -2.829214e-14  -9.592501e-19
     -2.814727e-14   6.672489e-02  -2.392827e-17
      1.982901e-17   2.500165e-17   5.407640e-02
  Pressure :  -6.250873e-02 [GPa]
  Space group :  P6_3mc (#186)

 du0 =   1.988674e-04 [Bohr] du_tensor =   1.751343e-04
 |residual force| =   5.821041e-07 |residual stress| =   2.376512e-03

 ----------------------------------------------------------------
  Structure opt. step    3 of 1000    (T = 3.000000e+02 K)
 ----------------------------------------------------------------

 Structure at this step :
  Lattice vectors [Bohr]:
   a1 :     6.13345555    -0.00000000    -0.00000000
   a2 :    -3.06672778     5.31172832    -0.00000000
   a3 :    -0.00000000    -0.00000000     9.89151296
  Atomic positions (fractional):
   Zn   :     0.33333333     0.66666667     0.00061870
   Zn   :     0.66666667     0.33333333     0.50061870
   O    :     0.33333333     0.66666667     0.38004396
   O    :     0.66666667     0.33333333     0.88004396
  Stress tensor [GPa]:
      2.533361e-02  -4.356810e-14  -9.621213e-18
     -4.343592e-14   2.533361e-02  -4.559968e-17
      2.512379e-17   6.876356e-18   1.323349e-02
  Pressure :  -2.130024e-02 [GPa]
  Space group :  P6_3mc (#186)

 du0 =   1.664406e-04 [Bohr] du_tensor =   6.554385e-05
 |residual force| =   4.879383e-07 |residual stress| =   8.342683e-04

 ----------------------------------------------------------------
  Structure opt. step    4 of 1000    (T = 3.000000e+02 K)
 ----------------------------------------------------------------

 Structure at this step :
  Lattice vectors [Bohr]:
   a1 :     6.13317559    -0.00000000    -0.00000000
   a2 :    -3.06658780     5.31148587    -0.00000000
   a3 :    -0.00000000    -0.00000000     9.89141239
  Atomic positions (fractional):
   Zn   :     0.33333333     0.66666667     0.00062152
   Zn   :     0.66666667     0.33333333     0.50062152
   O    :     0.33333333     0.66666667     0.38003241
   O    :     0.66666667     0.33333333     0.88003241
  Stress tensor [GPa]:
      1.079770e-02  -4.620960e-14   1.114941e-17
     -4.608145e-14   1.079770e-02   7.244005e-17
      4.188766e-17   1.219377e-16   3.595953e-04
  Pressure :  -7.318334e-03 [GPa]
  Space group :  P6_3mc (#186)

 du0 =   1.421699e-04 [Bohr] du_tensor =   3.229150e-05
 |residual force| =   4.170577e-07 |residual stress| =   3.335818e-04

 ----------------------------------------------------------------
  Structure opt. step    5 of 1000    (T = 3.000000e+02 K)
 ----------------------------------------------------------------

 Structure at this step :
  Lattice vectors [Bohr]:
   a1 :     6.13304148    -0.00000000    -0.00000000
   a2 :    -3.06652074     5.31136972    -0.00000000
   a3 :    -0.00000000    -0.00000000     9.89150105
  Atomic positions (fractional):
   Zn   :     0.33333333     0.66666667     0.00062394
   Zn   :     0.66666667     0.33333333     0.50062394
   O    :     0.33333333     0.66666667     0.38002254
   O    :     0.66666667     0.33333333     0.88002254
  Stress tensor [GPa]:
      5.532031e-03  -4.092991e-14  -8.647805e-17
     -4.079679e-14   5.532031e-03   4.985534e-17
     -5.584797e-17   9.823220e-17  -3.347868e-03
  Pressure :  -2.572065e-03 [GPa]
  Space group :  P6_3mc (#186)

 du0 =   1.206914e-04 [Bohr] du_tensor =   2.264999e-05
 |residual force| =   3.541716e-07 |residual stress| =   1.858742e-04

 ----------------------------------------------------------------
  Structure opt. step    6 of 1000    (T = 3.000000e+02 K)
 ----------------------------------------------------------------

 Structure at this step :
  Lattice vectors [Bohr]:
   a1 :     6.13296286    -0.00000000    -0.00000000
   a2 :    -3.06648143     5.31130164    -0.00000000
   a3 :    -0.00000000    -0.00000000     9.89163442
  Atomic positions (fractional):
   Zn   :     0.33333333     0.66666667     0.00062599
   Zn   :     0.66666667     0.33333333     0.50062599
   O    :     0.33333333     0.66666667     0.38001415
   O    :     0.66666667     0.33333333     0.88001415
  Stress tensor [GPa]:
      3.459738e-03  -3.331688e-14   1.470027e-18
     -3.320021e-14   3.459738e-03  -2.129615e-16
      3.529749e-17  -1.597626e-16  -4.063000e-03
  Pressure :  -9.521590e-04 [GPa]
  Space group :  P6_3mc (#186)

 du0 =   1.021525e-04 [Bohr] du_tensor =   1.843617e-05
 |residual force| =   2.998349e-07 |residual stress| =   1.389537e-04

 ----------------------------------------------------------------
  Structure opt. step    7 of 1000    (T = 3.000000e+02 K)
 ----------------------------------------------------------------

 Structure at this step :
  Lattice vectors [Bohr]:
   a1 :     6.13290818    -0.00000000    -0.00000000
   a2 :    -3.06645409     5.31125429    -0.00000000
   a3 :    -0.00000000    -0.00000000     9.89176687
  Atomic positions (fractional):
   Zn   :     0.33333333     0.66666667     0.00062773
   Zn   :     0.66666667     0.33333333     0.50062773
   O    :     0.33333333     0.66666667     0.38000705
   O    :     0.66666667     0.33333333     0.88000705
  Stress tensor [GPa]:
      2.512378e-03  -2.647763e-14  -5.114408e-17
     -2.634390e-14   2.512378e-03   6.278613e-17
     -1.628656e-17   1.111474e-16  -3.850785e-03
  Pressure :  -3.913238e-04 [GPa]
  Space group :  P6_3mc (#186)

 du0 =   8.636546e-05 [Bohr] du_tensor =   1.548183e-05
 |residual force| =   2.535383e-07 |residual stress| =   1.144921e-04

 ----------------------------------------------------------------
  Structure opt. step    8 of 1000    (T = 3.000000e+02 K)
 ----------------------------------------------------------------

 Structure at this step :
  Lattice vectors [Bohr]:
   a1 :     6.13286595    -0.00000000    -0.00000000
   a2 :    -3.06643298     5.31121771    -0.00000000
   a3 :    -0.00000000    -0.00000000     9.89188547
  Atomic positions (fractional):
   Zn   :     0.33333333     0.66666667     0.00062920
   Zn   :     0.66666667     0.33333333     0.50062920
   O    :     0.33333333     0.66666667     0.38000105
   O    :     0.66666667     0.33333333     0.88000105
  Stress tensor [GPa]:
      1.983634e-03  -2.056759e-14  -5.331382e-17
     -2.044037e-14   1.983634e-03  -3.054535e-17
     -2.388911e-17   2.562352e-17  -3.395662e-03
  Pressure :  -1.905357e-04 [GPa]
  Space group :  P6_3mc (#186)

 du0 =   7.299147e-05 [Bohr] du_tensor =   1.306975e-05
 |residual force| =   2.143047e-07 |residual stress| =   9.625166e-05

 ----------------------------------------------------------------
  Structure opt. step    9 of 1000    (T = 3.000000e+02 K)
 ----------------------------------------------------------------

 Structure at this step :
  Lattice vectors [Bohr]:
   a1 :     6.13283161    -0.00000000    -0.00000000
   a2 :    -3.06641581     5.31118797    -0.00000000
   a3 :    -0.00000000    -0.00000000     9.89198796
  Atomic positions (fractional):
   Zn   :     0.33333333     0.66666667     0.00063044
   Zn   :     0.66666667     0.33333333     0.50063044
   O    :     0.33333333     0.66666667     0.37999598
   O    :     0.66666667     0.33333333     0.87999598
  Stress tensor [GPa]:
      1.628844e-03  -1.549477e-14  -1.036822e-16
     -1.538307e-14   1.628844e-03   6.264863e-18
     -7.151782e-17   5.726787e-17  -2.917878e-03
  Pressure :  -1.132704e-04 [GPa]
  Space group :  P6_3mc (#186)

 du0 =   6.168314e-05 [Bohr] du_tensor =   1.104338e-05
 |residual force| =   1.811224e-07 |residual stress| =   8.124039e-05

 ----------------------------------------------------------------
  Structure opt. step   10 of 1000    (T = 3.000000e+02 K)
 ----------------------------------------------------------------

 Structure at this step :
  Lattice vectors [Bohr]:
   a1 :     6.13280305    -0.00000000    -0.00000000
   a2 :    -3.06640153     5.31116324    -0.00000000
   a3 :    -0.00000000    -0.00000000     9.89207534
  Atomic positions (fractional):
   Zn   :     0.33333333     0.66666667     0.00063149
   Zn   :     0.66666667     0.33333333     0.50063149
   O    :     0.33333333     0.66666667     0.37999169
   O    :     0.66666667     0.33333333     0.87999169
  Stress tensor [GPa]:
      1.360260e-03  -1.171916e-14   5.920246e-17
     -1.160808e-14   1.360260e-03   2.385714e-17
      9.060186e-17   8.131119e-17  -2.482606e-03
  Pressure :  -7.930472e-05 [GPa]
  Space group :  P6_3mc (#186)

 du0 =   5.212748e-05 [Bohr] du_tensor =   9.332950e-06
 |residual force| =   1.530774e-07 |residual stress| =   6.863427e-05

 ----------------------------------------------------------------
  Structure opt. step   11 of 1000    (T = 3.000000e+02 K)
 ----------------------------------------------------------------

 Structure at this step :
  Lattice vectors [Bohr]:
   a1 :     6.13277907    -0.00000000    -0.00000000
   a2 :    -3.06638954     5.31114247    -0.00000000
   a3 :    -0.00000000    -0.00000000     9.89214945
  Atomic positions (fractional):
   Zn   :     0.33333333     0.66666667     0.00063238
   Zn   :     0.66666667     0.33333333     0.50063238
   O    :     0.33333333     0.66666667     0.37998807
   O    :     0.66666667     0.33333333     0.87998807
  Stress tensor [GPa]:
      1.143940e-03  -8.333077e-15  -4.610799e-17
     -8.193142e-15   1.143940e-03   5.090310e-17
     -1.745159e-17   9.969241e-17  -2.104080e-03
  Pressure :  -6.126698e-05 [GPa]
  Space group :  P6_3mc (#186)

 du0 =   4.405412e-05 [Bohr] du_tensor =   7.888024e-06
 |residual force| =   1.293789e-07 |residual stress| =   5.800111e-05

 ----------------------------------------------------------------
  Structure opt. step   12 of 1000    (T = 3.000000e+02 K)
 ----------------------------------------------------------------

 Structure at this step :
  Lattice vectors [Bohr]:
   a1 :     6.13275886    -0.00000000    -0.00000000
   a2 :    -3.06637943     5.31112497    -0.00000000
   a3 :    -0.00000000    -0.00000000     9.89221218
  Atomic positions (fractional):
   Zn   :     0.33333333     0.66666667     0.00063313
   Zn   :     0.66666667     0.33333333     0.50063313
   O    :     0.33333333     0.66666667     0.37998501
   O    :     0.66666667     0.33333333     0.87998501
  Stress tensor [GPa]:
      9.648001e-04  -5.984970e-15  -3.874636e-17
     -5.846276e-15   9.648001e-04  -6.525535e-17
     -5.273603e-18  -1.627572e-17  -1.780540e-03
  Pressure :  -4.968675e-05 [GPa]
  Space group :  P6_3mc (#186)

 du0 =   3.723307e-05 [Bohr] du_tensor =   6.667136e-06
 |residual force| =   1.093536e-07 |residual stress| =   4.902138e-05

 ----------------------------------------------------------------
  Structure opt. step   13 of 1000    (T = 3.000000e+02 K)
 ----------------------------------------------------------------

 Structure at this step :
  Lattice vectors [Bohr]:
   a1 :     6.13274180    -0.00000000    -0.00000000
   a2 :    -3.06637090     5.31111019    -0.00000000
   a3 :    -0.00000000    -0.00000000     9.89226524
  Atomic positions (fractional):
   Zn   :     0.33333333     0.66666667     0.00063376
   Zn   :     0.66666667     0.33333333     0.50063376
   O    :     0.33333333     0.66666667     0.37998242
   O    :     0.66666667     0.33333333     0.87998242
  Stress tensor [GPa]:
      8.146934e-04  -4.017014e-15  -5.486479e-17
     -3.872425e-15   8.146934e-04  -7.809033e-19
     -2.451093e-17   4.763845e-17  -1.505844e-03
  Pressure :  -4.118101e-05 [GPa]
  Space group :  P6_3mc (#186)

 du0 =   3.146967e-05 [Bohr] du_tensor =   5.635447e-06
 |residual force| =   9.243142e-08 |residual stress| =   4.143476e-05

 ----------------------------------------------------------------
  Structure opt. step   14 of 1000    (T = 3.000000e+02 K)
 ----------------------------------------------------------------

 Structure at this step :
  Lattice vectors [Bohr]:
   a1 :     6.13272738    -0.00000000    -0.00000000
   a2 :    -3.06636369     5.31109771    -0.00000000
   a3 :    -0.00000000    -0.00000000     9.89231010
  Atomic positions (fractional):
   Zn   :     0.33333333     0.66666667     0.00063429
   Zn   :     0.66666667     0.33333333     0.50063429
   O    :     0.33333333     0.66666667     0.37998023
   O    :     0.66666667     0.33333333     0.87998023
  Stress tensor [GPa]:
      6.882995e-04  -2.413677e-15  -1.180986e-16
     -2.289877e-15   6.882995e-04   1.699779e-18
     -8.749711e-17   5.616920e-17  -1.273230e-03
  Pressure :  -3.445616e-05 [GPa]
  Space group :  P6_3mc (#186)

 du0 =   2.659955e-05 [Bohr] du_tensor =   4.763572e-06
 |residual force| =   7.813063e-08 |residual stress| =   3.502387e-05

 ----------------------------------------------------------------
  Structure opt. step   15 of 1000    (T = 3.000000e+02 K)
 ----------------------------------------------------------------

 Structure at this step :
  Lattice vectors [Bohr]:
   a1 :     6.13271520    -0.00000000     0.00000000
   a2 :    -3.06635760     5.31108716    -0.00000000
   a3 :     0.00000000    -0.00000000     9.89234803
  Atomic positions (fractional):
   Zn   :     0.33333333     0.66666667     0.00063475
   Zn   :     0.66666667     0.33333333     0.50063475
   O    :     0.33333333     0.66666667     0.37997838
   O    :     0.66666667     0.33333333     0.87997838
  Stress tensor [GPa]:
      5.816551e-04  -1.364835e-15   6.195543e-17
     -1.228314e-15   5.816551e-04  -1.018296e-16
      9.420708e-17  -5.227339e-17  -1.076456e-03
  Pressure :  -2.895131e-05 [GPa]
  Space group :  P6_3mc (#186)

 du0 =   2.248396e-05 [Bohr] du_tensor =   4.026707e-06
 |residual force| =   6.604444e-08 |residual stress| =   2.960592e-05

 ----------------------------------------------------------------
  Structure opt. step   16 of 1000    (T = 3.000000e+02 K)
 ----------------------------------------------------------------

 Structure at this step :
  Lattice vectors [Bohr]:
   a1 :     6.13270491    -0.00000000    -0.00000000
   a2 :    -3.06635245     5.31107824    -0.00000000
   a3 :    -0.00000000    -0.00000000     9.89238009
  Atomic positions (fractional):
   Zn   :     0.33333333     0.66666667     0.00063513
   Zn   :     0.66666667     0.33333333     0.50063513
   O    :     0.33333333     0.66666667     0.37997682
   O    :     0.66666667     0.33333333     0.87997682
  Stress tensor [GPa]:
      4.915952e-04  -4.578123e-16  -7.625324e-17
     -3.116730e-16   4.915952e-04   1.067819e-16
     -5.088456e-17   1.545227e-16  -9.100661e-04
  Pressure :  -2.437481e-05 [GPa]
  Space group :  P6_3mc (#186)

 du0 =   1.900575e-05 [Bohr] du_tensor =   3.403912e-06
 |residual force| =   5.582933e-08 |residual stress| =   2.502678e-05

 ----------------------------------------------------------------
  Structure opt. step   17 of 1000    (T = 3.000000e+02 K)
 ----------------------------------------------------------------

 Structure at this step :
  Lattice vectors [Bohr]:
   a1 :     6.13269620    -0.00000000    -0.00000000
   a2 :    -3.06634810     5.31107071    -0.00000000
   a3 :    -0.00000000    -0.00000000     9.89240719
  Atomic positions (fractional):
   Zn   :     0.33333333     0.66666667     0.00063545
   Zn   :     0.66666667     0.33333333     0.50063545
   O    :     0.33333333     0.66666667     0.37997550
   O    :     0.66666667     0.33333333     0.87997550
  Stress tensor [GPa]:
      4.155102e-04   1.829772e-16   7.811300e-17
      3.073970e-16   4.155102e-04   7.126300e-18
      1.076652e-16   5.275226e-17  -7.693894e-04
  Pressure :  -2.054364e-05 [GPa]
  Space group :  P6_3mc (#186)

 du0 =   1.606604e-05 [Bohr] du_tensor =   2.877504e-06
 |residual force| =   4.719524e-08 |residual stress| =   2.115637e-05

 ----------------------------------------------------------------
  Structure opt. step   18 of 1000    (T = 3.000000e+02 K)
 ----------------------------------------------------------------

 Structure at this step :
  Lattice vectors [Bohr]:
   a1 :     6.13268885    -0.00000000    -0.00000000
   a2 :    -3.06634442     5.31106434    -0.00000000
   a3 :    -0.00000000    -0.00000000     9.89243010
  Atomic positions (fractional):
   Zn   :     0.33333333     0.66666667     0.00063573
   Zn   :     0.66666667     0.33333333     0.50063573
   O    :     0.33333333     0.66666667     0.37997438
   O    :     0.66666667     0.33333333     0.87997438
  Stress tensor [GPa]:
      3.512182e-04   9.134219e-16  -1.323589e-16
      1.048081e-15   3.512182e-04   2.417530e-17
     -1.079747e-16   7.586673e-17  -6.504589e-04
  Pressure :  -1.732585e-05 [GPa]
  Space group :  P6_3mc (#186)

 du0 =   1.358135e-05 [Bohr] du_tensor =   2.432548e-06
 |residual force| =   3.989717e-08 |residual stress| =   1.788486e-05

 ----------------------------------------------------------------
  Structure opt. step   19 of 1000    (T = 3.000000e+02 K)
 ----------------------------------------------------------------

 Structure at this step :
  Lattice vectors [Bohr]:
   a1 :     6.13268263    -0.00000000    -0.00000000
   a2 :    -3.06634131     5.31105895    -0.00000000
   a3 :    -0.00000000    -0.00000000     9.89244948
  Atomic positions (fractional):
   Zn   :     0.33333333     0.66666667     0.00063596
   Zn   :     0.66666667     0.33333333     0.50063596
   O    :     0.33333333     0.66666667     0.37997344
   O    :     0.66666667     0.33333333     0.87997344
  Stress tensor [GPa]:
      2.968850e-04   1.033858e-15   5.610522e-17
      1.163552e-15   2.968850e-04  -8.710490e-17
      8.563552e-17  -3.738376e-17  -5.499142e-04
  Pressure :  -1.461861e-05 [GPa]
  Space group :  P6_3mc (#186)

 du0 =   1.148115e-05 [Bohr] du_tensor =   2.056428e-06
 |residual force| =   3.372818e-08 |residual stress| =   1.511948e-05

 ----------------------------------------------------------------
  Structure opt. step   20 of 1000    (T = 3.000000e+02 K)
 ----------------------------------------------------------------

 Structure at this step :
  Lattice vectors [Bohr]:
   a1 :     6.13267737    -0.00000000    -0.00000000
   a2 :    -3.06633869     5.31105440    -0.00000000
   a3 :    -0.00000000    -0.00000000     9.89246585
  Atomic positions (fractional):
   Zn   :     0.33333333     0.66666667     0.00063615
   Zn   :     0.66666667     0.33333333     0.50063615
   O    :     0.33333333     0.66666667     0.37997264
   O    :     0.66666667     0.33333333     0.87997264
  Stress tensor [GPa]:
      2.509644e-04   1.232474e-15  -1.084928e-17
      1.384818e-15   2.509644e-04   8.756599e-17
      1.644479e-17   1.422635e-16  -4.649131e-04
  Pressure :  -1.233854e-05 [GPa]
  Space group :  P6_3mc (#186)

 du0 =   9.705877e-06 [Bohr] du_tensor =   1.738486e-06
 |residual force| =   2.851344e-08 |residual stress| =   1.278185e-05


 du0 is smaller than COORD_CONV_TOL =    1.000000e-05
 du_tensor is smaller than CELL_CONV_TOL =    1.000000e-05
 Structural optimization converged in 20-th loop.

 break structural loop.


 Optimization history at 3.000000e+02 K :
 -------------------------------------------------------------------------
   step    du0 [Bohr]    du_tensor      |force|       |stress|    space group
 -------------------------------------------------------------------------
      1     4.169e-04    5.075e-04    1.214e-06     6.945e-03    P6_3mc (#186)
      2     1.989e-04    1.751e-04    5.821e-07     2.377e-03    P6_3mc (#186)
      3     1.664e-04    6.554e-05    4.879e-07     8.343e-04    P6_3mc (#186)
      4     1.422e-04    3.229e-05    4.171e-07     3.336e-04    P6_3mc (#186)
      5     1.207e-04    2.265e-05    3.542e-07     1.859e-04    P6_3mc (#186)
      6     1.022e-04    1.844e-05    2.998e-07     1.390e-04    P6_3mc (#186)
      7     8.637e-05    1.548e-05    2.535e-07     1.145e-04    P6_3mc (#186)
      8     7.299e-05    1.307e-05    2.143e-07     9.625e-05    P6_3mc (#186)
      9     6.168e-05    1.104e-05    1.811e-07     8.124e-05    P6_3mc (#186)
     10     5.213e-05    9.333e-06    1.531e-07     6.863e-05    P6_3mc (#186)
     11     4.405e-05    7.888e-06    1.294e-07     5.800e-05    P6_3mc (#186)
     12     3.723e-05    6.667e-06    1.094e-07     4.902e-05    P6_3mc (#186)
     13     3.147e-05    5.635e-06    9.243e-08     4.143e-05    P6_3mc (#186)
     14     2.660e-05    4.764e-06    7.813e-08     3.502e-05    P6_3mc (#186)
     15     2.248e-05    4.027e-06    6.604e-08     2.961e-05    P6_3mc (#186)
     16     1.901e-05    3.404e-06    5.583e-08     2.503e-05    P6_3mc (#186)
     17     1.607e-05    2.878e-06    4.720e-08     2.116e-05    P6_3mc (#186)
     18     1.358e-05    2.433e-06    3.990e-08     1.788e-05    P6_3mc (#186)
     19     1.148e-05    2.056e-06    3.373e-08     1.512e-05    P6_3mc (#186)
     20     9.706e-06    1.738e-06    2.851e-08     1.278e-05    P6_3mc (#186)
 -------------------------------------------------------------------------
 ----------------------------------------------------------------
 Final atomic displacements [Bohr] at 3.000e+02 K
    u_{0,x}   u_{0,y}   u_{0,z} :  -1.292260e-13   7.487052e-14  -9.560540e-04
    u_{1,x}   u_{1,y}   u_{1,z} :   1.292264e-13  -7.486477e-14  -9.560540e-04
    u_{2,x}   u_{2,y}   u_{2,z} :   1.389192e-13  -8.045577e-14   3.906822e-03
    u_{3,x}   u_{3,y}   u_{3,z} :  -1.389205e-13   8.043328e-14   3.906822e-03

 Final strain (displacement gradient tensor u_{mu nu}) : 
    2.908479e-03  -9.657760e-16  -7.957197e-19
   -9.657760e-16   2.908479e-03  -7.602264e-18
   -7.957197e-19  -7.602264e-18   1.945139e-03

 Final structure at 3.000000e+02 K :
  Lattice vectors [Bohr]:
   a1 :     6.13267293    -0.00000000    -0.00000000
   a2 :    -3.06633646     5.31105055    -0.00000000
   a3 :    -0.00000000    -0.00000000     9.89247970
  Atomic positions (fractional):
   Zn   :     0.33333333     0.66666667     0.00063632
   Zn   :     0.66666667     0.33333333     0.50063632
   O    :     0.33333333     0.66666667     0.37997197
   O    :     0.66666667     0.33333333     0.87997197
  Space group :  P6_3mc (#186)


 ================================================================
  Temperature = 2.00000000e+02 K    (   9 of   11)
 ================================================================

 SET_INIT_STR = 2: start from structure from the previous temperature.

 Initial atomic displacements [Bohr] : 
    u_{0,x}   u_{0,y}   u_{0,z} :  -1.292260e-13   7.487052e-14  -9.560540e-04
    u_{1,x}   u_{1,y}   u_{1,z} :   1.292264e-13  -7.486477e-14  -9.560540e-04
    u_{2,x}   u_{2,y}   u_{2,z} :   1.389192e-13  -8.045577e-14   3.906822e-03
    u_{3,x}   u_{3,y}   u_{3,z} :  -1.389205e-13   8.043328e-14   3.906822e-03

 Initial strain (displacement gradient tensor u_{mu nu}) : 
    2.908479e-03  -9.657760e-16  -7.957197e-19
   -9.657760e-16   2.908479e-03  -7.602264e-18
   -7.957197e-19  -7.602264e-18   1.945139e-03

 Start structural optimization at 2.000000e+02 K.

 ----------------------------------------------------------------
  Structure opt. step    1 of 1000    (T = 2.000000e+02 K)
 ----------------------------------------------------------------

 Structure at this step :
  Lattice vectors [Bohr]:
   a1 :     6.13267293    -0.00000000    -0.00000000
   a2 :    -3.06633646     5.31105055    -0.00000000
   a3 :    -0.00000000    -0.00000000     9.89247970
  Atomic positions (fractional):
   Zn   :     0.33333333     0.66666667     0.00063632
   Zn   :     0.66666667     0.33333333     0.50063632
   O    :     0.33333333     0.66666667     0.37997197
   O    :     0.66666667     0.33333333     0.87997197
  Stress tensor [GPa]:
      1.232530e-01   1.175610e-13  -1.076591e-16
      1.176485e-13   1.232530e-01  -1.982333e-16
     -8.450202e-17  -1.569421e-16   1.357431e-01
  Pressure :  -1.274163e-01 [GPa]
  Space group :  P6_3mc (#186)

 du0 =   3.751522e-04 [Bohr] du_tensor =   3.534054e-04
 |residual force| =   1.102119e-06 |residual stress| =   4.826731e-03

 ----------------------------------------------------------------
  Structure opt. step    2 of 1000    (T = 2.000000e+02 K)
 ----------------------------------------------------------------

 Structure at this step :
  Lattice vectors [Bohr]:
   a1 :     6.13151082    -0.00000000    -0.00000000
   a2 :    -3.06575541     5.31004413    -0.00000000
   a3 :    -0.00000000    -0.00000000     9.89021399
  Atomic positions (fractional):
   Zn   :     0.33333333     0.66666667     0.00064267
   Zn   :     0.66666667     0.33333333     0.50064267
   O    :     0.33333333     0.66666667     0.37994601
   O    :     0.66666667     0.33333333     0.87994601
  Stress tensor [GPa]:
      4.558609e-02  -4.116539e-14   1.053100e-17
     -4.109865e-14   4.558609e-02  -2.726741e-17
      2.202930e-17   1.141853e-17   3.487089e-02
  Pressure :  -4.201436e-02 [GPa]
  Space group :  P6_3mc (#186)

 du0 =   1.552141e-04 [Bohr] du_tensor =   1.186540e-04
 |residual force| =   4.577676e-07 |residual stress| =   1.600434e-03

 ----------------------------------------------------------------
  Structure opt. step    3 of 1000    (T = 2.000000e+02 K)
 ----------------------------------------------------------------

 Structure at this step :
  Lattice vectors [Bohr]:
   a1 :     6.13103824    -0.00000000    -0.00000000
   a2 :    -3.06551912     5.30963487    -0.00000000
   a3 :    -0.00000000    -0.00000000     9.88975798
  Atomic positions (fractional):
   Zn   :     0.33333333     0.66666667     0.00064530
   Zn   :     0.66666667     0.33333333     0.50064530
   O    :     0.33333333     0.66666667     0.37993524
   O    :     0.66666667     0.33333333     0.87993524
  Stress tensor [GPa]:
      1.708777e-02  -3.983247e-14   3.255781e-17
     -3.977069e-14   1.708777e-02  -2.615737e-17
      5.835991e-17   5.697400e-18   7.397379e-03
  Pressure :  -1.385764e-02 [GPa]
  Space group :  P6_3mc (#186)

 du0 =   1.308930e-04 [Bohr] du_tensor =   4.474056e-05
 |residual force| =   3.864432e-07 |residual stress| =   5.516930e-04

 ----------------------------------------------------------------
  Structure opt. step    4 of 1000    (T = 2.000000e+02 K)
 ----------------------------------------------------------------

 Structure at this step :
  Lattice vectors [Bohr]:
   a1 :     6.13084522    -0.00000000    -0.00000000
   a2 :    -3.06542261     5.30946771    -0.00000000
   a3 :    -0.00000000    -0.00000000     9.88972828
  Atomic positions (fractional):
   Zn   :     0.33333333     0.66666667     0.00064753
   Zn   :     0.66666667     0.33333333     0.50064753
   O    :     0.33333333     0.66666667     0.37992615
   O    :     0.66666667     0.33333333     0.87992615
  Stress tensor [GPa]:
      7.372680e-03  -3.872241e-14  -3.040131e-17
     -3.864821e-14   7.372680e-03  -5.937396e-18
     -1.210692e-17   3.850142e-17  -8.987929e-04
  Pressure :  -4.615522e-03 [GPa]
  Space group :  P6_3mc (#186)

 du0 =   1.111000e-04 [Bohr] du_tensor =   2.368966e-05
 |residual force| =   3.281550e-07 |residual stress| =   2.284269e-04

 ----------------------------------------------------------------
  Structure opt. step    5 of 1000    (T = 2.000000e+02 K)
 ----------------------------------------------------------------

 Structure at this step :
  Lattice vectors [Bohr]:
   a1 :     6.13075049    -0.00000000    -0.00000000
   a2 :    -3.06537525     5.30938567    -0.00000000
   a3 :    -0.00000000    -0.00000000     9.88981725
  Atomic positions (fractional):
   Zn   :     0.33333333     0.66666667     0.00064942
   Zn   :     0.66666667     0.33333333     0.50064942
   O    :     0.33333333     0.66666667     0.37991843
   O    :     0.66666667     0.33333333     0.87991843
  Stress tensor [GPa]:
      3.910767e-03  -3.340825e-14  -3.319082e-17
     -3.331076e-14   3.910767e-03  -3.863946e-17
     -1.179510e-17   2.579729e-18  -3.088222e-03
  Pressure :  -1.577771e-03 [GPa]
  Space group :  P6_3mc (#186)

 du0 =   9.382533e-05 [Bohr] du_tensor =   1.750175e-05
 |residual force| =   2.771986e-07 |residual stress| =   1.382921e-04

 ----------------------------------------------------------------
  Structure opt. step    6 of 1000    (T = 2.000000e+02 K)
 ----------------------------------------------------------------

 Structure at this step :
  Lattice vectors [Bohr]:
   a1 :     6.13069293    -0.00000000    -0.00000000
   a2 :    -3.06534647     5.30933582    -0.00000000
   a3 :    -0.00000000    -0.00000000     9.88992943
  Atomic positions (fractional):
   Zn   :     0.33333333     0.66666667     0.00065101
   Zn   :     0.66666667     0.33333333     0.50065101
   O    :     0.33333333     0.66666667     0.37991191
   O    :     0.66666667     0.33333333     0.87991191
  Stress tensor [GPa]:
      2.540926e-03  -2.765043e-14   6.187768e-19
     -2.758648e-14   2.540926e-03  -4.421453e-17
      1.676655e-17  -5.258383e-18  -3.363360e-03
  Pressure :  -5.728307e-04 [GPa]
  Space group :  P6_3mc (#186)

 du0 =   7.908166e-05 [Bohr] du_tensor =   1.440348e-05
 |residual force| =   2.336772e-07 |residual stress| =   1.074747e-04

 ----------------------------------------------------------------
  Structure opt. step    7 of 1000    (T = 2.000000e+02 K)
 ----------------------------------------------------------------

 Structure at this step :
  Lattice vectors [Bohr]:
   a1 :     6.13065173    -0.00000000    -0.00000000
   a2 :    -3.06532587     5.30930014    -0.00000000
   a3 :    -0.00000000    -0.00000000     9.89003608
  Atomic positions (fractional):
   Zn   :     0.33333333     0.66666667     0.00065236
   Zn   :     0.66666667     0.33333333     0.50065236
   O    :     0.33333333     0.66666667     0.37990642
   O    :     0.66666667     0.33333333     0.87990642
  Stress tensor [GPa]:
      1.893149e-03  -2.251191e-14  -8.716174e-17
     -2.242064e-14   1.893149e-03   6.900454e-17
     -6.519265e-17   1.085198e-16  -3.082067e-03
  Pressure :  -2.347434e-04 [GPa]
  Space group :  P6_3mc (#186)

 du0 =   6.660975e-05 [Bohr] du_tensor =   1.208636e-05
 |residual force| =   1.968479e-07 |residual stress| =   8.915473e-05

 ----------------------------------------------------------------
  Structure opt. step    8 of 1000    (T = 2.000000e+02 K)
 ----------------------------------------------------------------

 Structure at this step :
  Lattice vectors [Bohr]:
   a1 :     6.13061942    -0.00000000    -0.00000000
   a2 :    -3.06530971     5.30927216    -0.00000000
   a3 :    -0.00000000    -0.00000000     9.89012987
  Atomic positions (fractional):
   Zn   :     0.33333333     0.66666667     0.00065349
   Zn   :     0.66666667     0.33333333     0.50065349
   O    :     0.33333333     0.66666667     0.37990179
   O    :     0.66666667     0.33333333     0.87990179
  Stress tensor [GPa]:
      1.513251e-03  -1.794127e-14   3.163814e-17
     -1.784783e-14   1.513251e-03  -5.661723e-17
      5.526104e-17  -2.109484e-17  -2.677435e-03
  Pressure :  -1.163555e-04 [GPa]
  Space group :  P6_3mc (#186)

 du0 =   5.609345e-05 [Bohr] du_tensor =   1.017264e-05
 |residual force| =   1.657857e-07 |residual stress| =   7.485457e-05

 ----------------------------------------------------------------
  Structure opt. step    9 of 1000    (T = 2.000000e+02 K)
 ----------------------------------------------------------------

 Structure at this step :
  Lattice vectors [Bohr]:
   a1 :     6.13059300    -0.00000000    -0.00000000
   a2 :    -3.06529650     5.30924928    -0.00000000
   a3 :    -0.00000000    -0.00000000     9.89021016
  Atomic positions (fractional):
   Zn   :     0.33333333     0.66666667     0.00065444
   Zn   :     0.66666667     0.33333333     0.50065444
   O    :     0.33333333     0.66666667     0.37989789
   O    :     0.66666667     0.33333333     0.87989789
  Stress tensor [GPa]:
      1.247628e-03  -1.440059e-14  -8.313046e-17
     -1.432204e-14   1.247628e-03  -5.745338e-18
     -6.426150e-17   3.059191e-17  -2.281819e-03
  Pressure :  -7.114584e-05 [GPa]
  Space group :  P6_3mc (#186)

 du0 =   4.723595e-05 [Bohr] du_tensor =   8.566047e-06
 |residual force| =   1.396182e-07 |residual stress| =   6.299248e-05

 ----------------------------------------------------------------
  Structure opt. step   10 of 1000    (T = 2.000000e+02 K)
 ----------------------------------------------------------------

 Structure at this step :
  Lattice vectors [Bohr]:
   a1 :     6.13057101    -0.00000000    -0.00000000
   a2 :    -3.06528550     5.30923023    -0.00000000
   a3 :    -0.00000000    -0.00000000     9.89027821
  Atomic positions (fractional):
   Zn   :     0.33333333     0.66666667     0.00065525
   Zn   :     0.66666667     0.33333333     0.50065525
   O    :     0.33333333     0.66666667     0.37989461
   O    :     0.66666667     0.33333333     0.87989461
  Stress tensor [GPa]:
      1.041794e-03  -1.134804e-14   2.853697e-17
     -1.130178e-14   1.041794e-03  -2.249432e-17
      4.656775e-17   1.041066e-17  -1.930699e-03
  Pressure :  -5.096310e-05 [GPa]
  Space group :  P6_3mc (#186)

 du0 =   3.977814e-05 [Bohr] du_tensor =   7.213952e-06
 |residual force| =   1.175825e-07 |residual stress| =   5.303885e-05

 ----------------------------------------------------------------
  Structure opt. step   11 of 1000    (T = 2.000000e+02 K)
 ----------------------------------------------------------------

 Structure at this step :
  Lattice vectors [Bohr]:
   a1 :     6.13055257    -0.00000000    -0.00000000
   a2 :    -3.06527628     5.30921426    -0.00000000
   a3 :    -0.00000000    -0.00000000     9.89033567
  Atomic positions (fractional):
   Zn   :     0.33333333     0.66666667     0.00065592
   Zn   :     0.66666667     0.33333333     0.50065592
   O    :     0.33333333     0.66666667     0.37989184
   O    :     0.66666667     0.33333333     0.87989184
  Stress tensor [GPa]:
      8.743590e-04  -8.900624e-15  -7.382553e-17
     -8.822702e-15   8.743590e-04   5.877618e-17
     -5.215427e-17   9.609223e-17  -1.629114e-03
  Pressure :  -3.986803e-05 [GPa]
  Space group :  P6_3mc (#186)

 du0 =   3.349919e-05 [Bohr] du_tensor =   6.075574e-06
 |residual force| =   9.902775e-08 |residual stress| =   4.466594e-05

 ----------------------------------------------------------------
  Structure opt. step   12 of 1000    (T = 2.000000e+02 K)
 ----------------------------------------------------------------

 Structure at this step :
  Lattice vectors [Bohr]:
   a1 :     6.13053707    -0.00000000    -0.00000000
   a2 :    -3.06526854     5.30920084    -0.00000000
   a3 :    -0.00000000    -0.00000000     9.89038410
  Atomic positions (fractional):
   Zn   :     0.33333333     0.66666667     0.00065649
   Zn   :     0.66666667     0.33333333     0.50065649
   O    :     0.33333333     0.66666667     0.37988952
   O    :     0.66666667     0.33333333     0.87988952
  Stress tensor [GPa]:
      7.353295e-04  -6.954322e-15  -3.993724e-17
     -6.875159e-15   7.353295e-04  -2.543986e-17
     -1.684142e-17   7.769045e-18  -1.373186e-03
  Pressure :  -3.249085e-05 [GPa]
  Space group :  P6_3mc (#186)

 du0 =   2.821257e-05 [Bohr] du_tensor =   5.117027e-06
 |residual force| =   8.340377e-08 |residual stress| =   3.761785e-05

 ----------------------------------------------------------------
  Structure opt. step   13 of 1000    (T = 2.000000e+02 K)
 ----------------------------------------------------------------

 Structure at this step :
  Lattice vectors [Bohr]:
   a1 :     6.13052403    -0.00000000    -0.00000000
   a2 :    -3.06526201     5.30918955    -0.00000000
   a3 :    -0.00000000    -0.00000000     9.89042491
  Atomic positions (fractional):
   Zn   :     0.33333333     0.66666667     0.00065697
   Zn   :     0.66666667     0.33333333     0.50065697
   O    :     0.33333333     0.66666667     0.37988756
   O    :     0.66666667     0.33333333     0.87988756
  Stress tensor [GPa]:
      6.189200e-04  -5.364137e-15   1.861146e-17
     -5.302048e-15   6.189200e-04   5.024768e-17
      3.632233e-17   8.149855e-17  -1.156999e-03
  Pressure :  -2.694709e-05 [GPa]
  Space group :  P6_3mc (#186)

 du0 =   2.376117e-05 [Bohr] du_tensor =   4.309848e-06
 |residual force| =   7.024704e-08 |residual stress| =   3.168345e-05

 ----------------------------------------------------------------
  Structure opt. step   14 of 1000    (T = 2.000000e+02 K)
 ----------------------------------------------------------------

 Structure at this step :
  Lattice vectors [Bohr]:
   a1 :     6.13051305    -0.00000000    -0.00000000
   a2 :    -3.06525652     5.30918004    -0.00000000
   a3 :    -0.00000000    -0.00000000     9.89045929
  Atomic positions (fractional):
   Zn   :     0.33333333     0.66666667     0.00065738
   Zn   :     0.66666667     0.33333333     0.50065738
   O    :     0.33333333     0.66666667     0.37988591
   O    :     0.66666667     0.33333333     0.87988591
  Stress tensor [GPa]:
      5.211233e-04  -4.015192e-15  -5.738594e-17
     -3.947204e-15   5.211233e-04  -7.336378e-17
     -3.632179e-17  -3.771339e-17  -9.747004e-04
  Pressure :  -2.251542e-05 [GPa]
  Space group :  P6_3mc (#186)

 du0 =   2.001279e-05 [Bohr] du_tensor =   3.630094e-06
 |residual force| =   5.916738e-08 |residual stress| =   2.668613e-05

 ----------------------------------------------------------------
  Structure opt. step   15 of 1000    (T = 2.000000e+02 K)
 ----------------------------------------------------------------

 Structure at this step :
  Lattice vectors [Bohr]:
   a1 :     6.13050380    -0.00000000    -0.00000000
   a2 :    -3.06525190     5.30917203    -0.00000000
   a3 :    -0.00000000    -0.00000000     9.89048825
  Atomic positions (fractional):
   Zn   :     0.33333333     0.66666667     0.00065772
   Zn   :     0.66666667     0.33333333     0.50065772
   O    :     0.33333333     0.66666667     0.37988451
   O    :     0.66666667     0.33333333     0.87988451
  Stress tensor [GPa]:
      4.388513e-04  -3.040040e-15   6.017762e-17
     -2.979813e-15   4.388513e-04   2.869058e-17
      8.350984e-17   6.535316e-17  -8.210817e-04
  Pressure :  -1.887363e-05 [GPa]
  Space group :  P6_3mc (#186)

 du0 =   1.685621e-05 [Bohr] du_tensor =   3.057623e-06
 |residual force| =   4.983642e-08 |residual stress| =   2.247760e-05

 ----------------------------------------------------------------
  Structure opt. step   16 of 1000    (T = 2.000000e+02 K)
 ----------------------------------------------------------------

 Structure at this step :
  Lattice vectors [Bohr]:
   a1 :     6.13049601    -0.00000000    -0.00000000
   a2 :    -3.06524801     5.30916529    -0.00000000
   a3 :    -0.00000000    -0.00000000     9.89051265
  Atomic positions (fractional):
   Zn   :     0.33333333     0.66666667     0.00065800
   Zn   :     0.66666667     0.33333333     0.50065800
   O    :     0.33333333     0.66666667     0.37988334
   O    :     0.66666667     0.33333333     0.87988334
  Stress tensor [GPa]:
      3.695994e-04  -2.314186e-15   1.923185e-17
     -2.235333e-15   3.695994e-04  -4.404976e-17
      4.408360e-17  -8.921405e-18  -6.916630e-04
  Pressure :  -1.584526e-05 [GPa]
  Space group :  P6_3mc (#186)

 du0 =   1.419786e-05 [Bohr] du_tensor =   2.575482e-06
 |residual force| =   4.197784e-08 |residual stress| =   1.893317e-05

 ----------------------------------------------------------------
  Structure opt. step   17 of 1000    (T = 2.000000e+02 K)
 ----------------------------------------------------------------

 Structure at this step :
  Lattice vectors [Bohr]:
   a1 :     6.13048945    -0.00000000    -0.00000000
   a2 :    -3.06524473     5.30915960    -0.00000000
   a3 :    -0.00000000    -0.00000000     9.89053320
  Atomic positions (fractional):
   Zn   :     0.33333333     0.66666667     0.00065825
   Zn   :     0.66666667     0.33333333     0.50065825
   O    :     0.33333333     0.66666667     0.37988236
   O    :     0.66666667     0.33333333     0.87988236
  Stress tensor [GPa]:
      3.112916e-04  -1.708794e-15  -1.209766e-16
     -1.617523e-15   3.112916e-04   2.419360e-17
     -1.027566e-16   5.433089e-17  -5.826417e-04
  Pressure :  -1.331387e-05 [GPa]
  Space group :  P6_3mc (#186)

 du0 =   1.195900e-05 [Bohr] du_tensor =   2.169403e-06
 |residual force| =   3.535906e-08 |residual stress| =   1.594793e-05

 ----------------------------------------------------------------
  Structure opt. step   18 of 1000    (T = 2.000000e+02 K)
 ----------------------------------------------------------------

 Structure at this step :
  Lattice vectors [Bohr]:
   a1 :     6.13048393    -0.00000000    -0.00000000
   a2 :    -3.06524196     5.30915482    -0.00000000
   a3 :    -0.00000000    -0.00000000     9.89055050
  Atomic positions (fractional):
   Zn   :     0.33333333     0.66666667     0.00065845
   Zn   :     0.66666667     0.33333333     0.50065845
   O    :     0.33333333     0.66666667     0.37988153
   O    :     0.66666667     0.33333333     0.87988153
  Stress tensor [GPa]:
      2.621918e-04  -1.025486e-15  -2.357499e-17
     -9.429080e-16   2.621918e-04   2.915701e-17
     -6.674415e-18   6.705864e-17  -4.908055e-04
  Pressure :  -1.119269e-05 [GPa]
  Space group :  P6_3mc (#186)

 du0 =   1.007336e-05 [Bohr] du_tensor =   1.827376e-06
 |residual force| =   2.978431e-08 |residual stress| =   1.343357e-05

 ----------------------------------------------------------------
  Structure opt. step   19 of 1000    (T = 2.000000e+02 K)
 ----------------------------------------------------------------

 Structure at this step :
  Lattice vectors [Bohr]:
   a1 :     6.13047927    -0.00000000    -0.00000000
   a2 :    -3.06523964     5.30915079    -0.00000000
   a3 :    -0.00000000    -0.00000000     9.89056509
  Atomic positions (fractional):
   Zn   :     0.33333333     0.66666667     0.00065862
   Zn   :     0.66666667     0.33333333     0.50065862
   O    :     0.33333333     0.66666667     0.37988083
   O    :     0.66666667     0.33333333     0.87988083
  Stress tensor [GPa]:
      2.208423e-04  -9.512744e-16   5.397417e-17
     -8.686963e-16   2.208423e-04  -3.148622e-17
      7.699020e-17   7.452999e-18  -4.134459e-04
  Pressure :  -9.412898e-06 [GPa]
  Space group :  P6_3mc (#186)

 du0 =   8.485167e-06 [Bohr] du_tensor =   1.539292e-06
 |residual force| =   2.508879e-08 |residual stress| =   1.131576e-05


 du0 is smaller than COORD_CONV_TOL =    1.000000e-05
 du_tensor is smaller than CELL_CONV_TOL =    1.000000e-05
 Structural optimization converged in 19-th loop.

 break structural loop.


 Optimization history at 2.000000e+02 K :
 -------------------------------------------------------------------------
   step    du0 [Bohr]    du_tensor      |force|       |stress|    space group
 -------------------------------------------------------------------------
      1     3.752e-04    3.534e-04    1.102e-06     4.827e-03    P6_3mc (#186)
      2     1.552e-04    1.187e-04    4.578e-07     1.600e-03    P6_3mc (#186)
      3     1.309e-04    4.474e-05    3.864e-07     5.517e-04    P6_3mc (#186)
      4     1.111e-04    2.369e-05    3.282e-07     2.284e-04    P6_3mc (#186)
      5     9.383e-05    1.750e-05    2.772e-07     1.383e-04    P6_3mc (#186)
      6     7.908e-05    1.440e-05    2.337e-07     1.075e-04    P6_3mc (#186)
      7     6.661e-05    1.209e-05    1.968e-07     8.915e-05    P6_3mc (#186)
      8     5.609e-05    1.017e-05    1.658e-07     7.485e-05    P6_3mc (#186)
      9     4.724e-05    8.566e-06    1.396e-07     6.299e-05    P6_3mc (#186)
     10     3.978e-05    7.214e-06    1.176e-07     5.304e-05    P6_3mc (#186)
     11     3.350e-05    6.076e-06    9.903e-08     4.467e-05    P6_3mc (#186)
     12     2.821e-05    5.117e-06    8.340e-08     3.762e-05    P6_3mc (#186)
     13     2.376e-05    4.310e-06    7.025e-08     3.168e-05    P6_3mc (#186)
     14     2.001e-05    3.630e-06    5.917e-08     2.669e-05    P6_3mc (#186)
     15     1.686e-05    3.058e-06    4.984e-08     2.248e-05    P6_3mc (#186)
     16     1.420e-05    2.575e-06    4.198e-08     1.893e-05    P6_3mc (#186)
     17     1.196e-05    2.169e-06    3.536e-08     1.595e-05    P6_3mc (#186)
     18     1.007e-05    1.827e-06    2.978e-08     1.343e-05    P6_3mc (#186)
     19     8.485e-06    1.539e-06    2.509e-08     1.132e-05    P6_3mc (#186)
 -------------------------------------------------------------------------
 ----------------------------------------------------------------
 Final atomic displacements [Bohr] at 2.000e+02 K
    u_{0,x}   u_{0,y}   u_{0,z} :  -8.082757e-14   4.685191e-14  -7.338462e-04
    u_{1,x}   u_{1,y}   u_{1,z} :   8.082743e-14  -4.684688e-14  -7.338462e-04
    u_{2,x}   u_{2,y}   u_{2,z} :   8.600851e-14  -4.984118e-14   2.998791e-03
    u_{3,x}   u_{3,y}   u_{3,z} :  -8.600768e-14   4.982142e-14   2.998791e-03

 Final strain (displacement gradient tensor u_{mu nu}) : 
    2.549098e-03  -3.326415e-16  -7.165167e-19
   -3.326415e-16   2.549098e-03  -5.482734e-18
   -7.165167e-19  -5.482734e-18   1.752464e-03

 Final structure at 2.000000e+02 K :
  Lattice vectors [Bohr]:
   a1 :     6.13047535    -0.00000000    -0.00000000
   a2 :    -3.06523768     5.30914739    -0.00000000
   a3 :    -0.00000000    -0.00000000     9.89057737
  Atomic positions (fractional):
   Zn   :     0.33333333     0.66666667     0.00065876
   Zn   :     0.66666667     0.33333333     0.50065876
   O    :     0.33333333     0.66666667     0.37988024
   O    :     0.66666667     0.33333333     0.87988024
  Space group :  P6_3mc (#186)


 ================================================================
  Temperature = 1.00000000e+02 K    (  10 of   11)
 ================================================================

 SET_INIT_STR = 2: start from structure from the previous temperature.

 Initial atomic displacements [Bohr] : 
    u_{0,x}   u_{0,y}   u_{0,z} :  -8.082757e-14   4.685191e-14  -7.338462e-04
    u_{1,x}   u_{1,y}   u_{1,z} :   8.082743e-14  -4.684688e-14  -7.338462e-04
    u_{2,x}   u_{2,y}   u_{2,z} :   8.600851e-14  -4.984118e-14   2.998791e-03
    u_{3,x}   u_{3,y}   u_{3,z} :  -8.600768e-14   4.982142e-14   2.998791e-03

 Initial strain (displacement gradient tensor u_{mu nu}) : 
    2.549098e-03  -3.326415e-16  -7.165167e-19
   -3.326415e-16   2.549098e-03  -5.482734e-18
   -7.165167e-19  -5.482734e-18   1.752464e-03

 Start structural optimization at 1.000000e+02 K.

 ----------------------------------------------------------------
  Structure opt. step    1 of 1000    (T = 1.000000e+02 K)
 ----------------------------------------------------------------

 Structure at this step :
  Lattice vectors [Bohr]:
   a1 :     6.13047535    -0.00000000    -0.00000000
   a2 :    -3.06523768     5.30914739    -0.00000000
   a3 :    -0.00000000    -0.00000000     9.89057737
  Atomic positions (fractional):
   Zn   :     0.33333333     0.66666667     0.00065876
   Zn   :     0.66666667     0.33333333     0.50065876
   O    :     0.33333333     0.66666667     0.37988024
   O    :     0.66666667     0.33333333     0.87988024
  Stress tensor [GPa]:
      2.107767e-02   6.721526e-14  -4.747522e-17
      6.724879e-14   2.107767e-02  -8.014612e-17
     -3.758838e-17  -5.591354e-17   3.451096e-02
  Pressure :  -2.555543e-02 [GPa]
  Space group :  P6_3mc (#186)

 du0 =   2.794308e-04 [Bohr] du_tensor =   7.792719e-05
 |residual force| =   8.262257e-07 |residual stress| =   9.958388e-04

 ----------------------------------------------------------------
  Structure opt. step    2 of 1000    (T = 1.000000e+02 K)
 ----------------------------------------------------------------

 Structure at this step :
  Lattice vectors [Bohr]:
   a1 :     6.13030835    -0.00000000    -0.00000000
   a2 :    -3.06515418     5.30900277    -0.00000000
   a3 :    -0.00000000    -0.00000000     9.88990912
  Atomic positions (fractional):
   Zn   :     0.33333333     0.66666667     0.00066351
   Zn   :     0.66666667     0.33333333     0.50066351
   O    :     0.33333333     0.66666667     0.37986085
   O    :     0.66666667     0.33333333     0.87986085
  Stress tensor [GPa]:
      1.047641e-02  -5.750025e-14  -1.582594e-17
     -5.742635e-14   1.047641e-02  -2.626514e-17
     -6.211279e-18  -7.625370e-18   3.775831e-03
  Pressure :  -8.242885e-03 [GPa]
  Space group :  P6_3mc (#186)

 du0 =   8.608300e-05 [Bohr] du_tensor =   2.785751e-05
 |residual force| =   2.549515e-07 |residual stress| =   3.337184e-04

 ----------------------------------------------------------------
  Structure opt. step    3 of 1000    (T = 1.000000e+02 K)
 ----------------------------------------------------------------

 Structure at this step :
  Lattice vectors [Bohr]:
   a1 :     6.13018790    -0.00000000    -0.00000000
   a2 :    -3.06509395     5.30889845    -0.00000000
   a3 :    -0.00000000    -0.00000000     9.88990982
  Atomic positions (fractional):
   Zn   :     0.33333333     0.66666667     0.00066497
   Zn   :     0.66666667     0.33333333     0.50066497
   O    :     0.33333333     0.66666667     0.37985487
   O    :     0.66666667     0.33333333     0.87985487
  Stress tensor [GPa]:
      4.531403e-03  -4.102685e-14  -4.669104e-17
     -4.100419e-14   4.531403e-03  -5.880964e-17
     -3.772278e-17  -3.849445e-17  -1.036198e-03
  Pressure :  -2.675536e-03 [GPa]
  Space group :  P6_3mc (#186)

 du0 =   7.393837e-05 [Bohr] du_tensor =   1.534535e-05
 |residual force| =   2.190425e-07 |residual stress| =   1.416833e-04

 ----------------------------------------------------------------
  Structure opt. step    4 of 1000    (T = 1.000000e+02 K)
 ----------------------------------------------------------------

 Structure at this step :
  Lattice vectors [Bohr]:
   a1 :     6.13012833    -0.00000000    -0.00000000
   a2 :    -3.06506416     5.30884686    -0.00000000
   a3 :    -0.00000000    -0.00000000     9.88997654
  Atomic positions (fractional):
   Zn   :     0.33333333     0.66666667     0.00066623
   Zn   :     0.66666667     0.33333333     0.50066623
   O    :     0.33333333     0.66666667     0.37984974
   O    :     0.66666667     0.33333333     0.87984974
  Stress tensor [GPa]:
      2.460782e-03  -3.638042e-14  -3.723293e-18
     -3.634657e-14   2.460782e-03   2.775486e-17
     -3.100186e-19   5.496495e-17  -2.240995e-03
  Pressure :  -8.935226e-04 [GPa]
  Space group :  P6_3mc (#186)

 du0 =   6.231863e-05 [Bohr] du_tensor =   1.165353e-05
 |residual force| =   1.846472e-07 |residual stress| =   9.035959e-05

 ----------------------------------------------------------------
  Structure opt. step    5 of 1000    (T = 1.000000e+02 K)
 ----------------------------------------------------------------

 Structure at this step :
  Lattice vectors [Bohr]:
   a1 :     6.13009128    -0.00000000    -0.00000000
   a2 :    -3.06504564     5.30881477    -0.00000000
   a3 :    -0.00000000    -0.00000000     9.89005452
  Atomic positions (fractional):
   Zn   :     0.33333333     0.66666667     0.00066729
   Zn   :     0.66666667     0.33333333     0.50066729
   O    :     0.33333333     0.66666667     0.37984541
   O    :     0.66666667     0.33333333     0.87984541
  Stress tensor [GPa]:
      1.639056e-03  -3.087980e-14   1.830359e-17
     -3.085372e-14   1.639056e-03  -5.414373e-17
      2.577028e-17  -3.352109e-17  -2.321130e-03
  Pressure :  -3.189939e-04 [GPa]
  Space group :  P6_3mc (#186)

 du0 =   5.245312e-05 [Bohr] du_tensor =   9.642741e-06
 |residual force| =   1.554320e-07 |residual stress| =   7.162213e-05

 ----------------------------------------------------------------
  Structure opt. step    6 of 1000    (T = 1.000000e+02 K)
 ----------------------------------------------------------------

 Structure at this step :
  Lattice vectors [Bohr]:
   a1 :     6.13006428     0.00000000    -0.00000000
   a2 :    -3.06503214     5.30879139    -0.00000000
   a3 :    -0.00000000    -0.00000000     9.89012707
  Atomic positions (fractional):
   Zn   :     0.33333333     0.66666667     0.00066818
   Zn   :     0.66666667     0.33333333     0.50066818
   O    :     0.33333333     0.66666667     0.37984176
   O    :     0.66666667     0.33333333     0.87984176
  Stress tensor [GPa]:
      1.241180e-03  -2.612145e-14  -3.505743e-17
     -2.608357e-14   1.241180e-03  -1.086366e-17
     -2.328514e-17   8.702348e-18  -2.091436e-03
  Pressure :  -1.303081e-04 [GPa]
  Space group :  P6_3mc (#186)

 du0 =   4.412695e-05 [Bohr] du_tensor =   8.091685e-06
 |residual force| =   1.307696e-07 |residual stress| =   5.961891e-05

 ----------------------------------------------------------------
  Structure opt. step    7 of 1000    (T = 1.000000e+02 K)
 ----------------------------------------------------------------

 Structure at this step :
  Lattice vectors [Bohr]:
   a1 :     6.13004290     0.00000000    -0.00000000
   a2 :    -3.06502145     5.30877288    -0.00000000
   a3 :    -0.00000000    -0.00000000     9.89019032
  Atomic positions (fractional):
   Zn   :     0.33333333     0.66666667     0.00066893
   Zn   :     0.66666667     0.33333333     0.50066893
   O    :     0.33333333     0.66666667     0.37983869
   O    :     0.66666667     0.33333333     0.87983869
  Stress tensor [GPa]:
      1.000038e-03  -2.204626e-14  -2.016785e-18
     -2.199720e-14   1.000038e-03  -4.205225e-21
      9.625208e-18   1.584196e-17  -1.803599e-03
  Pressure :  -6.549250e-05 [GPa]
  Space group :  P6_3mc (#186)

 du0 =   3.711681e-05 [Bohr] du_tensor =   6.803903e-06
 |residual force| =   1.100020e-07 |residual stress| =   5.004651e-05

 ----------------------------------------------------------------
  Structure opt. step    8 of 1000    (T = 1.000000e+02 K)
 ----------------------------------------------------------------

 Structure at this step :
  Lattice vectors [Bohr]:
   a1 :     6.13002535     0.00000000    -0.00000000
   a2 :    -3.06501267     5.30875768    -0.00000000
   a3 :    -0.00000000    -0.00000000     9.89024422
  Atomic positions (fractional):
   Zn   :     0.33333333     0.66666667     0.00066956
   Zn   :     0.66666667     0.33333333     0.50066956
   O    :     0.33333333     0.66666667     0.37983612
   O    :     0.66666667     0.33333333     0.87983612
  Stress tensor [GPa]:
      8.270618e-04  -1.845239e-14   1.550982e-18
     -1.841016e-14   8.270618e-04   1.737011e-17
      1.210903e-17   3.664273e-17  -1.531342e-03
  Pressure :  -4.092724e-05 [GPa]
  Space group :  P6_3mc (#186)

 du0 =   3.121950e-05 [Bohr] du_tensor =   5.722786e-06
 |residual force| =   9.252916e-08 |residual stress| =   4.207601e-05

 ----------------------------------------------------------------
  Structure opt. step    9 of 1000    (T = 1.000000e+02 K)
 ----------------------------------------------------------------

 Structure at this step :
  Lattice vectors [Bohr]:
   a1 :     6.13001072     0.00000000    -0.00000000
   a2 :    -3.06500536     5.30874501    -0.00000000
   a3 :    -0.00000000    -0.00000000     9.89028979
  Atomic positions (fractional):
   Zn   :     0.33333333     0.66666667     0.00067009
   Zn   :     0.66666667     0.33333333     0.50067009
   O    :     0.33333333     0.66666667     0.37983395
   O    :     0.66666667     0.33333333     0.87983395
  Stress tensor [GPa]:
      6.911201e-04  -1.549256e-14  -4.002174e-17
     -1.546275e-14   6.911201e-04  -2.358153e-17
     -3.011574e-17  -1.391563e-18  -1.292726e-03
  Pressure :  -2.983787e-05 [GPa]
  Space group :  P6_3mc (#186)

 du0 =   2.625961e-05 [Bohr] du_tensor =   4.813757e-06
 |residual force| =   7.783228e-08 |residual stress| =   3.538767e-05

 ----------------------------------------------------------------
  Structure opt. step   10 of 1000    (T = 1.000000e+02 K)
 ----------------------------------------------------------------

 Structure at this step :
  Lattice vectors [Bohr]:
   a1 :     6.12999845     0.00000000    -0.00000000
   a2 :    -3.06499923     5.30873439    -0.00000000
   a3 :    -0.00000000    -0.00000000     9.89032819
  Atomic positions (fractional):
   Zn   :     0.33333333     0.66666667     0.00067054
   Zn   :     0.66666667     0.33333333     0.50067054
   O    :     0.33333333     0.66666667     0.37983212
   O    :     0.66666667     0.33333333     0.87983212
  Stress tensor [GPa]:
      5.798474e-04  -1.306554e-14   1.644291e-17
     -1.300096e-14   5.798474e-04  -3.428453e-17
      2.608014e-17  -1.288020e-17  -1.088947e-03
  Pressure :  -2.358249e-05 [GPa]
  Space group :  P6_3mc (#186)

 du0 =   2.208831e-05 [Bohr] du_tensor =   4.049247e-06
 |residual force| =   6.547112e-08 |residual stress| =   2.976602e-05

 ----------------------------------------------------------------
  Structure opt. step   11 of 1000    (T = 1.000000e+02 K)
 ----------------------------------------------------------------

 Structure at this step :
  Lattice vectors [Bohr]:
   a1 :     6.12998815     0.00000000    -0.00000000
   a2 :    -3.06499408     5.30872547    -0.00000000
   a3 :    -0.00000000    -0.00000000     9.89036052
  Atomic positions (fractional):
   Zn   :     0.33333333     0.66666667     0.00067091
   Zn   :     0.66666667     0.33333333     0.50067091
   O    :     0.33333333     0.66666667     0.37983059
   O    :     0.66666667     0.33333333     0.87983059
  Stress tensor [GPa]:
      4.872496e-04  -1.092822e-14  -5.026008e-17
     -1.087792e-14   4.872496e-04   5.925514e-17
     -3.585959e-17   7.839863e-17  -9.165523e-04
  Pressure :  -1.931564e-05 [GPa]
  Space group :  P6_3mc (#186)

 du0 =   1.858015e-05 [Bohr] du_tensor =   3.406237e-06
 |residual force| =   5.507438e-08 |residual stress| =   2.503877e-05

 ----------------------------------------------------------------
  Structure opt. step   12 of 1000    (T = 1.000000e+02 K)
 ----------------------------------------------------------------

 Structure at this step :
  Lattice vectors [Bohr]:
   a1 :     6.12997949     0.00000000    -0.00000000
   a2 :    -3.06498975     5.30871797    -0.00000000
   a3 :    -0.00000000    -0.00000000     9.89038773
  Atomic positions (fractional):
   Zn   :     0.33333333     0.66666667     0.00067123
   Zn   :     0.66666667     0.33333333     0.50067123
   O    :     0.33333333     0.66666667     0.37982930
   O    :     0.66666667     0.33333333     0.87982930
  Stress tensor [GPa]:
      4.096917e-04  -9.188004e-15   1.636550e-17
     -9.155715e-15   4.096917e-04  -2.730353e-17
      2.821448e-17  -9.621384e-18  -7.712187e-04
  Pressure :  -1.605490e-05 [GPa]
  Space group :  P6_3mc (#186)

 du0 =   1.562957e-05 [Bohr] du_tensor =   2.865397e-06
 |residual force| =   4.632960e-08 |residual stress| =   2.106296e-05

 ----------------------------------------------------------------
  Structure opt. step   13 of 1000    (T = 1.000000e+02 K)
 ----------------------------------------------------------------

 Structure at this step :
  Lattice vectors [Bohr]:
   a1 :     6.12997221     0.00000000    -0.00000000
   a2 :    -3.06498611     5.30871166    -0.00000000
   a3 :    -0.00000000    -0.00000000     9.89041061
  Atomic positions (fractional):
   Zn   :     0.33333333     0.66666667     0.00067150
   Zn   :     0.66666667     0.33333333     0.50067150
   O    :     0.33333333     0.66666667     0.37982821
   O    :     0.66666667     0.33333333     0.87982821
  Stress tensor [GPa]:
      3.445668e-04  -7.576649e-15  -7.446050e-18
     -7.523868e-15   3.445668e-04   3.101050e-18
      3.415403e-18   2.173591e-17  -6.488594e-04
  Pressure :  -1.342473e-05 [GPa]
  Space group :  P6_3mc (#186)

 du0 =   1.314785e-05 [Bohr] du_tensor =   2.410475e-06
 |residual force| =   3.897405e-08 |residual stress| =   1.771884e-05

 ----------------------------------------------------------------
  Structure opt. step   14 of 1000    (T = 1.000000e+02 K)
 ----------------------------------------------------------------

 Structure at this step :
  Lattice vectors [Bohr]:
   a1 :     6.12996608     0.00000000    -0.00000000
   a2 :    -3.06498304     5.30870635    -0.00000000
   a3 :    -0.00000000    -0.00000000     9.89042987
  Atomic positions (fractional):
   Zn   :     0.33333333     0.66666667     0.00067172
   Zn   :     0.66666667     0.33333333     0.50067172
   O    :     0.33333333     0.66666667     0.37982730
   O    :     0.66666667     0.33333333     0.87982730
  Stress tensor [GPa]:
      2.898272e-04  -6.460506e-15  -1.768426e-17
     -6.411451e-15   2.898272e-04  -4.654938e-18
     -5.433133e-18   9.782216e-18  -5.458927e-04
  Pressure :  -1.125388e-05 [GPa]
  Space group :  P6_3mc (#186)

 du0 =   1.106039e-05 [Bohr] du_tensor =   2.027810e-06
 |residual force| =   3.278682e-08 |residual stress| =   1.490592e-05

 ----------------------------------------------------------------
  Structure opt. step   15 of 1000    (T = 1.000000e+02 K)
 ----------------------------------------------------------------

 Structure at this step :
  Lattice vectors [Bohr]:
   a1 :     6.12996093     0.00000000    -0.00000000
   a2 :    -3.06498047     5.30870189    -0.00000000
   a3 :    -0.00000000    -0.00000000     9.89044607
  Atomic positions (fractional):
   Zn   :     0.33333333     0.66666667     0.00067191
   Zn   :     0.66666667     0.33333333     0.50067191
   O    :     0.33333333     0.66666667     0.37982653
   O    :     0.66666667     0.33333333     0.87982653
  Stress tensor [GPa]:
      2.437979e-04  -5.421983e-15  -1.985601e-17
     -5.377896e-15   2.437979e-04  -8.377737e-18
     -1.086646e-17   9.160885e-18  -4.592606e-04
  Pressure :  -9.445048e-06 [GPa]
  Space group :  P6_3mc (#186)

 du0 =   9.304509e-06 [Bohr] du_tensor =   1.705915e-06
 |residual force| =   2.758220e-08 |residual stress| =   1.253974e-05


 du0 is smaller than COORD_CONV_TOL =    1.000000e-05
 du_tensor is smaller than CELL_CONV_TOL =    1.000000e-05
 Structural optimization converged in 15-th loop.

 break structural loop.


 Optimization history at 1.000000e+02 K :
 -------------------------------------------------------------------------
   step    du0 [Bohr]    du_tensor      |force|       |stress|    space group
 -------------------------------------------------------------------------
      1     2.794e-04    7.793e-05    8.262e-07     9.958e-04    P6_3mc (#186)
      2     8.608e-05    2.786e-05    2.550e-07     3.337e-04    P6_3mc (#186)
      3     7.394e-05    1.535e-05    2.190e-07     1.417e-04    P6_3mc (#186)
      4     6.232e-05    1.165e-05    1.846e-07     9.036e-05    P6_3mc (#186)
      5     5.245e-05    9.643e-06    1.554e-07     7.162e-05    P6_3mc (#186)
      6     4.413e-05    8.092e-06    1.308e-07     5.962e-05    P6_3mc (#186)
      7     3.712e-05    6.804e-06    1.100e-07     5.005e-05    P6_3mc (#186)
      8     3.122e-05    5.723e-06    9.253e-08     4.208e-05    P6_3mc (#186)
      9     2.626e-05    4.814e-06    7.783e-08     3.539e-05    P6_3mc (#186)
     10     2.209e-05    4.049e-06    6.547e-08     2.977e-05    P6_3mc (#186)
     11     1.858e-05    3.406e-06    5.507e-08     2.504e-05    P6_3mc (#186)
     12     1.563e-05    2.865e-06    4.633e-08     2.106e-05    P6_3mc (#186)
     13     1.315e-05    2.410e-06    3.897e-08     1.772e-05    P6_3mc (#186)
     14     1.106e-05    2.028e-06    3.279e-08     1.491e-05    P6_3mc (#186)
     15     9.305e-06    1.706e-06    2.758e-08     1.254e-05    P6_3mc (#186)
 -------------------------------------------------------------------------
 ----------------------------------------------------------------
 Final atomic displacements [Bohr] at 1.000e+02 K
    u_{0,x}   u_{0,y}   u_{0,z} :  -4.849786e-14   2.812645e-14  -6.022808e-04
    u_{1,x}   u_{1,y}   u_{1,z} :   4.849808e-14  -2.812273e-14  -6.022808e-04
    u_{2,x}   u_{2,y}   u_{2,z} :   4.893883e-14  -2.836593e-14   2.461162e-03
    u_{3,x}   u_{3,y}   u_{3,z} :  -4.893951e-14   2.835136e-14   2.461162e-03

 Final strain (displacement gradient tensor u_{mu nu}) : 
    2.464263e-03   5.712251e-16  -2.021832e-19
    5.712251e-16   2.464263e-03  -4.099840e-18
   -2.021832e-19  -4.099840e-18   1.740545e-03

 Final structure at 1.000000e+02 K :
  Lattice vectors [Bohr]:
   a1 :     6.12995660     0.00000000    -0.00000000
   a2 :    -3.06497830     5.30869814    -0.00000000
   a3 :    -0.00000000    -0.00000000     9.89045969
  Atomic positions (fractional):
   Zn   :     0.33333333     0.66666667     0.00067207
   Zn   :     0.66666667     0.33333333     0.50067207
   O    :     0.33333333     0.66666667     0.37982588
   O    :     0.66666667     0.33333333     0.87982588
  Space group :  P6_3mc (#186)


 ================================================================
  Temperature = 0.00000000e+00 K    (  11 of   11)
 ================================================================

 SET_INIT_STR = 2: start from structure from the previous temperature.

 Initial atomic displacements [Bohr] : 
    u_{0,x}   u_{0,y}   u_{0,z} :  -4.849786e-14   2.812645e-14  -6.022808e-04
    u_{1,x}   u_{1,y}   u_{1,z} :   4.849808e-14  -2.812273e-14  -6.022808e-04
    u_{2,x}   u_{2,y}   u_{2,z} :   4.893883e-14  -2.836593e-14   2.461162e-03
    u_{3,x}   u_{3,y}   u_{3,z} :  -4.893951e-14   2.835136e-14   2.461162e-03

 Initial strain (displacement gradient tensor u_{mu nu}) : 
    2.464263e-03   5.712251e-16  -2.021832e-19
    5.712251e-16   2.464263e-03  -4.099840e-18
   -2.021832e-19  -4.099840e-18   1.740545e-03

 Start structural optimization at 0.000000e+00 K.

 ----------------------------------------------------------------
  Structure opt. step    1 of 1000    (T = 0.000000e+00 K)
 ----------------------------------------------------------------

 Structure at this step :
  Lattice vectors [Bohr]:
   a1 :     6.12995660     0.00000000    -0.00000000
   a2 :    -3.06497830     5.30869814    -0.00000000
   a3 :    -0.00000000    -0.00000000     9.89045969
  Atomic positions (fractional):
   Zn   :     0.33333333     0.66666667     0.00067207
   Zn   :     0.66666667     0.33333333     0.50067207
   O    :     0.33333333     0.66666667     0.37982588
   O    :     0.66666667     0.33333333     0.87982588
  Stress tensor [GPa]:
     -3.397822e-02   1.656801e-14   1.613983e-17
      1.659316e-14  -3.397822e-02  -7.897468e-17
      2.267036e-17  -7.206796e-17  -2.863263e-02
  Pressure :   3.219636e-02 [GPa]
  Space group :  P6_3mc (#186)

 du0 =   8.890032e-05 [Bohr] du_tensor =   8.968898e-05
 |residual force| =   2.635387e-07 |residual stress| =   1.221072e-03

 ----------------------------------------------------------------
  Structure opt. step    2 of 1000    (T = 0.000000e+00 K)
 ----------------------------------------------------------------

 Structure at this step :
  Lattice vectors [Bohr]:
   a1 :     6.13030139     0.00000000    -0.00000000
   a2 :    -3.06515069     5.30899674    -0.00000000
   a3 :    -0.00000000    -0.00000000     9.89086503
  Atomic positions (fractional):
   Zn   :     0.33333333     0.66666667     0.00067358
   Zn   :     0.66666667     0.33333333     0.50067358
   O    :     0.33333333     0.66666667     0.37981970
   O    :     0.66666667     0.33333333     0.87981970
  Stress tensor [GPa]:
     -9.567241e-03  -3.938336e-14   9.619939e-18
     -3.935635e-14  -9.567241e-03   8.410192e-18
      1.800959e-17   2.130585e-17  -1.124624e-02
  Pressure :   1.012691e-02 [GPa]
  Space group :  P6_3mc (#186)

 du0 =   1.887447e-05 [Bohr] du_tensor =   2.827439e-05
 |residual force| =   5.593904e-08 |residual stress| =   3.841479e-04

 ----------------------------------------------------------------
  Structure opt. step    3 of 1000    (T = 0.000000e+00 K)
 ----------------------------------------------------------------

 Structure at this step :
  Lattice vectors [Bohr]:
   a1 :     6.13038957     0.00000000    -0.00000000
   a2 :    -3.06519478     5.30907310    -0.00000000
   a3 :    -0.00000000    -0.00000000     9.89105840
  Atomic positions (fractional):
   Zn   :     0.33333333     0.66666667     0.00067390
   Zn   :     0.66666667     0.33333333     0.50067390
   O    :     0.33333333     0.66666667     0.37981838
   O    :     0.66666667     0.33333333     0.87981838
  Stress tensor [GPa]:
     -2.771994e-03  -2.692226e-14  -2.853767e-17
     -2.692071e-14  -2.771994e-03  -8.675651e-18
     -2.017632e-17  -2.468815e-18  -4.013373e-03
  Pressure :   3.185787e-03 [GPa]
  Space group :  P6_3mc (#186)

 du0 =   1.617215e-05 [Bohr] du_tensor =   9.315970e-06
 |residual force| =   4.792162e-08 |residual stress| =   1.225091e-04

 ----------------------------------------------------------------
  Structure opt. step    4 of 1000    (T = 0.000000e+00 K)
 ----------------------------------------------------------------

 Structure at this step :
  Lattice vectors [Bohr]:
   a1 :     6.13041300     0.00000000    -0.00000000
   a2 :    -3.06520650     5.30909339    -0.00000000
   a3 :    -0.00000000    -0.00000000     9.89113321
  Atomic positions (fractional):
   Zn   :     0.33333333     0.66666667     0.00067418
   Zn   :     0.66666667     0.33333333     0.50067418
   O    :     0.33333333     0.66666667     0.37981726
   O    :     0.66666667     0.33333333     0.87981726
  Stress tensor [GPa]:
     -6.559843e-04  -2.299432e-14  -2.062831e-17
     -2.298377e-14  -6.559843e-04   4.190103e-18
     -1.257184e-17   1.739009e-17  -1.679601e-03
  Pressure :   9.971898e-04 [GPa]
  Space group :  P6_3mc (#186)

 du0 =   1.342251e-05 [Bohr] du_tensor =   3.721543e-06
 |residual force| =   3.977224e-08 |residual stress| =   4.190766e-05

 ----------------------------------------------------------------
  Structure opt. step    5 of 1000    (T = 0.000000e+00 K)
 ----------------------------------------------------------------

 Structure at this step :
  Lattice vectors [Bohr]:
   a1 :     6.13041650     0.00000000    -0.00000000
   a2 :    -3.06520825     5.30909643    -0.00000000
   a3 :    -0.00000000    -0.00000000     9.89116907
  Atomic positions (fractional):
   Zn   :     0.33333333     0.66666667     0.00067440
   Zn   :     0.66666667     0.33333333     0.50067440
   O    :     0.33333333     0.66666667     0.37981632
   O    :     0.66666667     0.33333333     0.87981632
  Stress tensor [GPa]:
     -2.300035e-05  -1.959145e-14  -8.685680e-18
     -1.956848e-14  -2.300035e-05  -1.194273e-17
     -3.104061e-18   2.020961e-18  -8.772925e-04
  Pressure :   3.077644e-04 [GPa]
  Space group :  P6_3mc (#186)

 du0 =   1.124166e-05 [Bohr] du_tensor =   2.246457e-06
 |residual force| =   3.331013e-08 |residual stress| =   1.917726e-05

 ----------------------------------------------------------------
  Structure opt. step    6 of 1000    (T = 0.000000e+00 K)
 ----------------------------------------------------------------

 Structure at this step :
  Lattice vectors [Bohr]:
   a1 :     6.13041433     0.00000000    -0.00000000
   a2 :    -3.06520717     5.30909455    -0.00000000
   a3 :    -0.00000000    -0.00000000     9.89119069
  Atomic positions (fractional):
   Zn   :     0.33333333     0.66666667     0.00067460
   Zn   :     0.66666667     0.33333333     0.50067460
   O    :     0.33333333     0.66666667     0.37981554
   O    :     0.66666667     0.33333333     0.87981554
  Stress tensor [GPa]:
      1.476429e-04  -1.682287e-14  -3.800024e-18
     -1.681697e-14   1.476429e-04  -3.102556e-18
      1.862698e-18   8.693992e-18  -5.690779e-04
  Pressure :   9.126406e-05 [GPa]
  Space group :  P6_3mc (#186)

 du0 =   9.443751e-06 [Bohr] du_tensor =   1.759378e-06
 |residual force| =   2.798300e-08 |residual stress| =   1.324048e-05


 du0 is smaller than COORD_CONV_TOL =    1.000000e-05
 du_tensor is smaller than CELL_CONV_TOL =    1.000000e-05
 Structural optimization converged in 6-th loop.

 break structural loop.


 Optimization history at 0.000000e+00 K :
 -------------------------------------------------------------------------
   step    du0 [Bohr]    du_tensor      |force|       |stress|    space group
 -------------------------------------------------------------------------
      1     8.890e-05    8.969e-05    2.635e-07     1.221e-03    P6_3mc (#186)
      2     1.887e-05    2.827e-05    5.594e-08     3.841e-04    P6_3mc (#186)
      3     1.617e-05    9.316e-06    4.792e-08     1.225e-04    P6_3mc (#186)
      4     1.342e-05    3.722e-06    3.977e-08     4.191e-05    P6_3mc (#186)
      5     1.124e-05    2.246e-06    3.331e-08     1.918e-05    P6_3mc (#186)
      6     9.444e-06    1.759e-06    2.798e-08     1.324e-05    P6_3mc (#186)
 -------------------------------------------------------------------------
 ----------------------------------------------------------------
 Final atomic displacements [Bohr] at 0.000e+00 K
    u_{0,x}   u_{0,y}   u_{0,z} :  -3.468695e-14   2.010806e-14  -5.757150e-04
    u_{1,x}   u_{1,y}   u_{1,z} :   3.468679e-14  -2.010420e-14  -5.757150e-04
    u_{2,x}   u_{2,y}   u_{2,z} :   3.335319e-14  -1.935296e-14   2.352604e-03
    u_{3,x}   u_{3,y}   u_{3,z} :  -3.335233e-14   1.933777e-14   2.352604e-03

 Final strain (displacement gradient tensor u_{mu nu}) : 
    2.538557e-03   9.940429e-16  -2.439713e-19
    9.940429e-16   2.538557e-03  -3.534244e-18
   -2.439713e-19  -3.534244e-18   1.816153e-03

 Final structure at 0.000000e+00 K :
  Lattice vectors [Bohr]:
   a1 :     6.13041089     0.00000000    -0.00000000
   a2 :    -3.06520545     5.30909157    -0.00000000
   a3 :    -0.00000000    -0.00000000     9.89120619
  Atomic positions (fractional):
   Zn   :     0.33333333     0.66666667     0.00067476
   Zn   :     0.66666667     0.33333333     0.50067476
   O    :     0.33333333     0.66666667     0.37981489
   O    :     0.66666667     0.33333333     0.87981489
  Space group :  P6_3mc (#186)
 ----------------------------------------------------------------

  ZnO_qha.qha.h5      : Unified QHA state (restart file + temperature-dependent FC2)
  ZnO_qha.V0          : Renormalized static potential V0 (restart file)
  ZnO_qha.qha_dfc2    : Anharmonic corrections to the second-order IFCs (QHA)

 Running postprocess of SCPH/QHA (calculation of free energy, MSD, DOS)
 The number of temperature points: 11  
   ...........

  ZnO_qha.qha_dos     : QHA DOS
  ZnO_qha.qha_thermo  : QHA heat capcaity, free energy, entropy

 Job finished at Fri Aug 28 17:51:19 2026

