 +-----------------------------------------------------------------+
 +                         Program ANPHON                          +
 +                             Ver.  1.9.9                         +
 +-----------------------------------------------------------------+

 Job started at Thu Jun 11 17:27:34 2026

 The number of MPI processes: 1
 The number of OpenMP threads: 12


 Input variables:
 -----------------------------------------------------------------
 General:
  PREFIX = cBTO222_scph
  MODE = SCPH
  FCSXML = cBTO222.h5

  MASS = 
  NSYM = 0; TOLERANCE = 0.001; PRINTSYM = 0

  NONANALYTIC = 0

  TMIN = 50; TMAX = 400; DT = 25
  EMIN = 0; EMAX = 1000; DELTA_E = 10

  ISMEAR = -1; EPSILON = 10

  CLASSICAL = 0
  BCONNECT = 0

 Scph:
  KMESH_INTERPOLATE =     2    2    2
  KMESH_SCPH        =     4    4    4
  SELF_OFFDIAG = 1
  IALGO = 0

  RESTART_SCPH = 0
  LOWER_TEMP = 1
  WARMSTART = 1

  TOL_SCPH = 1e-10
  MAXITER = 500
  MIXALPHA = 0.2
  IMIX = 1

  RELAX_STR = 1

 Structure_opt:
  RELAX_ALGO = 3
  MAX_STR_ITER = 1000
  COORD_CONV_TOL = 1e-05
  GDIIS_PLAIN = 0
  SET_INIT_STR = 3
  COOLING_U0_INDEX = 5
  COOLING_U0_THR = 0.005
  ADD_HESS_DIAG = 100
  STAT_PRESSURE = 0

 Kpoint:
  KPMODE (1st entry for &kpoint) = 2


 Analysis:


 -----------------------------------------------------------------

                        MODE = SCPH                          
                                                             
      Self-consistent phonon calculation to compute          
      anharmonic phonon frequencies and crystal structure    
      at finite temperatures.                                
      Harmonic to quartic force constants will be used.      

 -----------------------------------------------------------------

 ===================
  Crystal Structure 
 ===================

 Lattice Vectors:

 * Primitive cell  (from cBTO222.h5)

    7.531597e+00   0.000000e+00   0.000000e+00 : a1
    0.000000e+00   7.531597e+00   0.000000e+00 : a2
    0.000000e+00   0.000000e+00   7.531597e+00 : a3

    8.342435e-01   0.000000e+00   0.000000e+00 : b1
    0.000000e+00   8.342435e-01   0.000000e+00 : b2
    0.000000e+00   0.000000e+00   8.342435e-01 : b3


  Volume of the primitive cell : 4.272294e+02 (a.u.)^3

  Number of atoms in the primitive cell: 5

  Atomic positions in the primitive cell (fractional):
   1:   0.000000e+00   0.000000e+00   0.000000e+00  Ba
   2:   5.000000e-01   5.000000e-01   5.000000e-01  Ti
   3:   0.000000e+00   5.000000e-01   5.000000e-01   O
   4:   5.000000e-01   0.000000e+00   5.000000e-01   O
   5:   5.000000e-01   5.000000e-01   0.000000e+00   O

  Mass of atomic species (u):
  Ba:  137.327000
  Ti:   47.867000
   O:   15.999400


 * Supercell for harmonic 

       15.063194       0.000000       0.000000 : a1
        0.000000      15.063194       0.000000 : a2
        0.000000       0.000000      15.063194 : a3

  Transformation matrix:
        2.000000        0.000000        0.000000
        0.000000        2.000000        0.000000
        0.000000        0.000000        2.000000

  Number of atoms in the supercell     : 40


 ==========
  Symmetry 
 ==========

  Primitive cell   Space group: Pm-3m (221)
  Distorted cell   Space group: P4mm ( 99)

  Number of symmetry operations : 8
  Number of symmetry operations in reference structure : 48


 ==========
  K points 
 ==========

  KPMODE = 2: Uniform grid
  Gamma-centered uniform grid with the following mesh density: 
  nk1:   8
  nk2:   8
  nk3:   8

  Number of k points : 512
  Number of irreducible k points : 120

  List of irreducible k points (reciprocal coordinate, weight) : 
      1:   0.00000e+00   0.00000e+00   0.00000e+00   0.001953
      2:   0.00000e+00   0.00000e+00   1.25000e-01   0.001953
      3:   0.00000e+00   0.00000e+00   2.50000e-01   0.001953
      4:   0.00000e+00   0.00000e+00   3.75000e-01   0.001953
      5:   0.00000e+00   0.00000e+00  -5.00000e-01   0.001953
      6:   0.00000e+00   0.00000e+00  -3.75000e-01   0.001953
      7:   0.00000e+00   0.00000e+00  -2.50000e-01   0.001953
      8:   0.00000e+00   0.00000e+00  -1.25000e-01   0.001953
      9:   0.00000e+00   1.25000e-01   0.00000e+00   0.007812
     10:   0.00000e+00   1.25000e-01   1.25000e-01   0.007812
     11:   0.00000e+00   1.25000e-01   2.50000e-01   0.007812
     12:   0.00000e+00   1.25000e-01   3.75000e-01   0.007812
     13:   0.00000e+00   1.25000e-01  -5.00000e-01   0.007812
     14:   0.00000e+00   1.25000e-01  -3.75000e-01   0.007812
     15:   0.00000e+00   1.25000e-01  -2.50000e-01   0.007812
     16:   0.00000e+00   1.25000e-01  -1.25000e-01   0.007812
     17:   0.00000e+00   2.50000e-01   0.00000e+00   0.007812
     18:   0.00000e+00   2.50000e-01   1.25000e-01   0.007812
     19:   0.00000e+00   2.50000e-01   2.50000e-01   0.007812
     20:   0.00000e+00   2.50000e-01   3.75000e-01   0.007812
     21:   0.00000e+00   2.50000e-01  -5.00000e-01   0.007812
     22:   0.00000e+00   2.50000e-01  -3.75000e-01   0.007812
     23:   0.00000e+00   2.50000e-01  -2.50000e-01   0.007812
     24:   0.00000e+00   2.50000e-01  -1.25000e-01   0.007812
     25:   0.00000e+00   3.75000e-01   0.00000e+00   0.007812
     26:   0.00000e+00   3.75000e-01   1.25000e-01   0.007812
     27:   0.00000e+00   3.75000e-01   2.50000e-01   0.007812
     28:   0.00000e+00   3.75000e-01   3.75000e-01   0.007812
     29:   0.00000e+00   3.75000e-01  -5.00000e-01   0.007812
     30:   0.00000e+00   3.75000e-01  -3.75000e-01   0.007812
     31:   0.00000e+00   3.75000e-01  -2.50000e-01   0.007812
     32:   0.00000e+00   3.75000e-01  -1.25000e-01   0.007812
     33:   0.00000e+00  -5.00000e-01   0.00000e+00   0.003906
     34:   0.00000e+00  -5.00000e-01   1.25000e-01   0.003906
     35:   0.00000e+00  -5.00000e-01   2.50000e-01   0.003906
     36:   0.00000e+00  -5.00000e-01   3.75000e-01   0.003906
     37:   0.00000e+00  -5.00000e-01  -5.00000e-01   0.003906
     38:   0.00000e+00   5.00000e-01  -3.75000e-01   0.003906
     39:   0.00000e+00   5.00000e-01  -2.50000e-01   0.003906
     40:   0.00000e+00   5.00000e-01  -1.25000e-01   0.003906
     41:   1.25000e-01   1.25000e-01   0.00000e+00   0.007812
     42:   1.25000e-01   1.25000e-01   1.25000e-01   0.007812
     43:   1.25000e-01   1.25000e-01   2.50000e-01   0.007812
     44:   1.25000e-01   1.25000e-01   3.75000e-01   0.007812
     45:   1.25000e-01   1.25000e-01  -5.00000e-01   0.007812
     46:   1.25000e-01   1.25000e-01  -3.75000e-01   0.007812
     47:   1.25000e-01   1.25000e-01  -2.50000e-01   0.007812
     48:   1.25000e-01   1.25000e-01  -1.25000e-01   0.007812
     49:   1.25000e-01   2.50000e-01   0.00000e+00   0.015625
     50:   1.25000e-01   2.50000e-01   1.25000e-01   0.015625
     51:   1.25000e-01   2.50000e-01   2.50000e-01   0.015625
     52:   1.25000e-01   2.50000e-01   3.75000e-01   0.015625
     53:   1.25000e-01   2.50000e-01  -5.00000e-01   0.015625
     54:   1.25000e-01   2.50000e-01  -3.75000e-01   0.015625
     55:   1.25000e-01   2.50000e-01  -2.50000e-01   0.015625
     56:   1.25000e-01   2.50000e-01  -1.25000e-01   0.015625
     57:   1.25000e-01   3.75000e-01   0.00000e+00   0.015625
     58:   1.25000e-01   3.75000e-01   1.25000e-01   0.015625
     59:   1.25000e-01   3.75000e-01   2.50000e-01   0.015625
     60:   1.25000e-01   3.75000e-01   3.75000e-01   0.015625
     61:   1.25000e-01   3.75000e-01  -5.00000e-01   0.015625
     62:   1.25000e-01   3.75000e-01  -3.75000e-01   0.015625
     63:   1.25000e-01   3.75000e-01  -2.50000e-01   0.015625
     64:   1.25000e-01   3.75000e-01  -1.25000e-01   0.015625
     65:   1.25000e-01  -5.00000e-01   0.00000e+00   0.007812
     66:   1.25000e-01  -5.00000e-01   1.25000e-01   0.007812
     67:   1.25000e-01  -5.00000e-01   2.50000e-01   0.007812
     68:   1.25000e-01  -5.00000e-01   3.75000e-01   0.007812
     69:   1.25000e-01  -5.00000e-01  -5.00000e-01   0.007812
     70:   1.25000e-01   5.00000e-01  -3.75000e-01   0.007812
     71:   1.25000e-01   5.00000e-01  -2.50000e-01   0.007812
     72:   1.25000e-01   5.00000e-01  -1.25000e-01   0.007812
     73:   2.50000e-01   2.50000e-01   0.00000e+00   0.007812
     74:   2.50000e-01   2.50000e-01   1.25000e-01   0.007812
     75:   2.50000e-01   2.50000e-01   2.50000e-01   0.007812
     76:   2.50000e-01   2.50000e-01   3.75000e-01   0.007812
     77:   2.50000e-01   2.50000e-01  -5.00000e-01   0.007812
     78:   2.50000e-01   2.50000e-01  -3.75000e-01   0.007812
     79:   2.50000e-01   2.50000e-01  -2.50000e-01   0.007812
     80:   2.50000e-01   2.50000e-01  -1.25000e-01   0.007812
     81:   2.50000e-01   3.75000e-01   0.00000e+00   0.015625
     82:   2.50000e-01   3.75000e-01   1.25000e-01   0.015625
     83:   2.50000e-01   3.75000e-01   2.50000e-01   0.015625
     84:   2.50000e-01   3.75000e-01   3.75000e-01   0.015625
     85:   2.50000e-01   3.75000e-01  -5.00000e-01   0.015625
     86:   2.50000e-01   3.75000e-01  -3.75000e-01   0.015625
     87:   2.50000e-01   3.75000e-01  -2.50000e-01   0.015625
     88:   2.50000e-01   3.75000e-01  -1.25000e-01   0.015625
     89:   2.50000e-01  -5.00000e-01   0.00000e+00   0.007812
     90:   2.50000e-01  -5.00000e-01   1.25000e-01   0.007812
     91:   2.50000e-01  -5.00000e-01   2.50000e-01   0.007812
     92:   2.50000e-01  -5.00000e-01   3.75000e-01   0.007812
     93:   2.50000e-01  -5.00000e-01  -5.00000e-01   0.007812
     94:   2.50000e-01   5.00000e-01  -3.75000e-01   0.007812
     95:   2.50000e-01   5.00000e-01  -2.50000e-01   0.007812
     96:   2.50000e-01   5.00000e-01  -1.25000e-01   0.007812
     97:   3.75000e-01   3.75000e-01   0.00000e+00   0.007812
     98:   3.75000e-01   3.75000e-01   1.25000e-01   0.007812
     99:   3.75000e-01   3.75000e-01   2.50000e-01   0.007812
    100:   3.75000e-01   3.75000e-01   3.75000e-01   0.007812
    101:   3.75000e-01   3.75000e-01  -5.00000e-01   0.007812
    102:   3.75000e-01   3.75000e-01  -3.75000e-01   0.007812
    103:   3.75000e-01   3.75000e-01  -2.50000e-01   0.007812
    104:   3.75000e-01   3.75000e-01  -1.25000e-01   0.007812
    105:   3.75000e-01  -5.00000e-01   0.00000e+00   0.007812
    106:   3.75000e-01  -5.00000e-01   1.25000e-01   0.007812
    107:   3.75000e-01  -5.00000e-01   2.50000e-01   0.007812
    108:   3.75000e-01  -5.00000e-01   3.75000e-01   0.007812
    109:   3.75000e-01  -5.00000e-01  -5.00000e-01   0.007812
    110:   3.75000e-01   5.00000e-01  -3.75000e-01   0.007812
    111:   3.75000e-01   5.00000e-01  -2.50000e-01   0.007812
    112:   3.75000e-01   5.00000e-01  -1.25000e-01   0.007812
    113:  -5.00000e-01  -5.00000e-01   0.00000e+00   0.001953
    114:  -5.00000e-01  -5.00000e-01   1.25000e-01   0.001953
    115:  -5.00000e-01  -5.00000e-01   2.50000e-01   0.001953
    116:  -5.00000e-01  -5.00000e-01   3.75000e-01   0.001953
    117:  -5.00000e-01  -5.00000e-01  -5.00000e-01   0.001953
    118:   5.00000e-01   5.00000e-01  -3.75000e-01   0.001953
    119:   5.00000e-01   5.00000e-01  -2.50000e-01   0.001953
    120:   5.00000e-01   5.00000e-01  -1.25000e-01   0.001953


 ==================
  Dynamical matrix 
 ==================

  NONANALYTIC = 0 : No non-analytic correction. 


 =================
  Force Constants 
 =================

  Reading force constants from the FCSFILE ... done.

  Number of non-zero IFCs for 2 order: 1593
  Number of non-zero IFCs for 3 order: 145932
  Number of non-zero IFCs for 4 order: 560127

  Maximum deviation from the translational invariance: 
   Order 2 : 2.220446e-16
   Order 3 : 3.177526e-16
   Order 4 : 2.012279e-15


 ================
  BZ integration 
 ================

  General settings for DOS and 3-phonon scattering rates:
   ISMEAR = -1: Tetrahedron method

  Additional settings for 4-phonon scattering rates:
   ISMEAR_4PH = 1: Gaussian broadening with epsilon = 10.00 (cm^-1)

 
 -----------------------------------------------------------------


 Diagonalizing dynamical matrices for all k points ... done!
 Setting up the SCPH calculations ...

  Gamma-centered uniform grid with the following mesh density:
  nk1:    4
  nk2:    4
  nk3:    4

  Number of k points : 64
  Number of irreducible k points : 24

  Fourier interpolation from reciprocal to real space
  will be performed with the following mesh density:
  nk1:    2
  nk2:    2
  nk3:    2

  Number of k points : 8
  Number of irreducible k points : 6

 Diagonalizing dynamical matrices for all k points ... done !
 Preparing for calculating V3 & V4  ... done!
 RELAX_STR = 1: Set zeros in derivatives of k-space IFCs by strain.


 Time Elapsed: 0.57 sec.

 SELF_OFFDIAG = 1: Calculating all components of v4_array ...  done !

 Time Elapsed: 1.54 sec.

 SELF_OFFDIAG = 1: Calculating all components of v3_array ...  done !

 Time Elapsed: 1.58 sec.

 Start structural optimization.
  Internal coordinates are relaxed.
  Shape of the unit cell is fixed.


 ================================================================
  Temperature = 400.00 K    (   1 of   15)
 ================================================================

 SET_INIT_STR = 3: read initial structure from input files.

 Initial atomic displacements [Bohr] : 
    u_{0,x}   u_{0,y}   u_{0,z} :  -2.868416e-19   1.805277e-18   1.131778e-04
    u_{1,x}   u_{1,y}   u_{1,z} :   5.002977e-19   9.722717e-19   1.882897e-02
    u_{2,x}   u_{2,y}   u_{2,z} :  -1.189560e-18   1.106559e-18  -1.429815e-02
    u_{3,x}   u_{3,y}   u_{3,z} :  -5.666344e-19   3.215828e-18  -1.429815e-02
    u_{4,x}   u_{4,y}   u_{4,z} :   1.361725e-18  -3.761488e-18  -2.870764e-02

 Start structural optimization at 4.000000e+02 K.

 ----------------------------------------------------------------
  Structure opt. step    1 of 1000    (T = 4.000000e+02 K)
 ----------------------------------------------------------------
 Temp = 4.000000e+02 : convergence achieved in    14 iterations.
  DIIS steps accepted: 11, fallbacks to simple mixing: 0

 Structure at this step :
  Lattice vectors [Bohr]:
   a1 :     7.53159676     0.00000000     0.00000000
   a2 :     0.00000000     7.53159676     0.00000000
   a3 :     0.00000000     0.00000000     7.53159676
  Atomic positions (fractional):
   Ba   :    -0.00000000     0.00000000     0.00001503
   Ti   :     0.50000000     0.50000000     0.50250000
   O    :    -0.00000000     0.50000000     0.49810158
   O    :     0.50000000     0.00000000     0.49810158
   O    :     0.50000000     0.50000000    -0.00381163
  Space group :  P4mm (#99)

 du0 =   9.570531e-03 [Bohr] du_tensor =   0.000000e+00
 |residual force| =   9.229582e-06

 ----------------------------------------------------------------
  Structure opt. step    2 of 1000    (T = 4.000000e+02 K)
 ----------------------------------------------------------------
 Temp = 4.000000e+02 : convergence achieved in     9 iterations.
  DIIS steps accepted: 6, fallbacks to simple mixing: 0

 Structure at this step :
  Lattice vectors [Bohr]:
   a1 :     7.53159676     0.00000000     0.00000000
   a2 :     0.00000000     7.53159676     0.00000000
   a3 :     0.00000000     0.00000000     7.53159676
  Atomic positions (fractional):
   Ba   :     0.00000000    -0.00000000     0.00002680
   Ti   :     0.50000000     0.50000000     0.50193048
   O    :    -0.00000000     0.50000000     0.49836695
   O    :     0.50000000     0.00000000     0.49836695
   O    :     0.50000000     0.50000000    -0.00273954
  Space group :  P4mm (#99)

 du0 =   1.923090e-02 [Bohr] du_tensor =   0.000000e+00
 |residual force| =   3.317692e-06

 ----------------------------------------------------------------
  Structure opt. step    3 of 1000    (T = 4.000000e+02 K)
 ----------------------------------------------------------------
 Temp = 4.000000e+02 : convergence achieved in     9 iterations.
  DIIS steps accepted: 6, fallbacks to simple mixing: 0

 Structure at this step :
  Lattice vectors [Bohr]:
   a1 :     7.53159676     0.00000000     0.00000000
   a2 :     0.00000000     7.53159676     0.00000000
   a3 :     0.00000000     0.00000000     7.53159676
  Atomic positions (fractional):
   Ba   :     0.00000000    -0.00000000     0.00003461
   Ti   :     0.50000000     0.50000000     0.50070381
   O    :    -0.00000000     0.50000000     0.49922932
   O    :     0.50000000     0.00000000     0.49922932
   O    :     0.50000000     0.50000000    -0.00086136
  Space group :  P4mm (#99)

 du0 =   1.057331e-02 [Bohr] du_tensor =   0.000000e+00
 |residual force| =   3.976585e-06

 ----------------------------------------------------------------
  Structure opt. step    4 of 1000    (T = 4.000000e+02 K)
 ----------------------------------------------------------------
 Temp = 4.000000e+02 : convergence achieved in     8 iterations.
  DIIS steps accepted: 5, fallbacks to simple mixing: 0

 Structure at this step :
  Lattice vectors [Bohr]:
   a1 :     7.53159676     0.00000000     0.00000000
   a2 :     0.00000000     7.53159676     0.00000000
   a3 :     0.00000000     0.00000000     7.53159676
  Atomic positions (fractional):
   Ba   :     0.00000000    -0.00000000     0.00001352
   Ti   :     0.50000000     0.50000000     0.50004668
   O    :    -0.00000000     0.50000000     0.49992684
   O    :     0.50000000     0.00000000     0.49992684
   O    :     0.50000000     0.50000000    -0.00010937
  Space group :  P4mm (#99)

 du0 =   3.762395e-04 [Bohr] du_tensor =   0.000000e+00
 |residual force| =   1.784891e-07

 ----------------------------------------------------------------
  Structure opt. step    5 of 1000    (T = 4.000000e+02 K)
 ----------------------------------------------------------------
 Temp = 4.000000e+02 : convergence achieved in     6 iterations.
  DIIS steps accepted: 3, fallbacks to simple mixing: 0

 Structure at this step :
  Lattice vectors [Bohr]:
   a1 :     7.53159676     0.00000000     0.00000000
   a2 :     0.00000000     7.53159676     0.00000000
   a3 :     0.00000000     0.00000000     7.53159676
  Atomic positions (fractional):
   Ba   :     0.00000000     0.00000000     0.00000696
   Ti   :     0.50000000     0.50000000     0.50003781
   O    :    -0.00000000     0.50000000     0.49995062
   O    :     0.50000000     0.00000000     0.49995062
   O    :     0.50000000     0.50000000    -0.00007412
  Space group :  P4mm (#99)

 du0 =   7.785631e-04 [Bohr] du_tensor =   0.000000e+00
 |residual force| =   1.019264e-07

 ----------------------------------------------------------------
  Structure opt. step    6 of 1000    (T = 4.000000e+02 K)
 ----------------------------------------------------------------
 Temp = 4.000000e+02 : convergence achieved in     6 iterations.
  DIIS steps accepted: 3, fallbacks to simple mixing: 0

 Structure at this step :
  Lattice vectors [Bohr]:
   a1 :     7.53159676     0.00000000     0.00000000
   a2 :     0.00000000     7.53159676     0.00000000
   a3 :     0.00000000     0.00000000     7.53159676
  Atomic positions (fractional):
   Ba   :     0.00000000     0.00000000    -0.00000043
   Ti   :     0.50000000     0.50000000     0.50000367
   O    :    -0.00000000     0.50000000     0.49999837
   O    :     0.50000000     0.00000000     0.49999837
   O    :     0.50000000     0.50000000    -0.00000408
  Space group :  Pm-3m (#221)

 du0 =   1.322741e-05 [Bohr] du_tensor =   0.000000e+00
 |residual force| =   1.417241e-08

 ----------------------------------------------------------------
  Structure opt. step    7 of 1000    (T = 4.000000e+02 K)
 ----------------------------------------------------------------
 Temp = 4.000000e+02 : convergence achieved in     4 iterations.
  DIIS steps accepted: 1, fallbacks to simple mixing: 0

 Structure at this step :
  Lattice vectors [Bohr]:
   a1 :     7.53159676     0.00000000     0.00000000
   a2 :     0.00000000     7.53159676     0.00000000
   a3 :     0.00000000     0.00000000     7.53159676
  Atomic positions (fractional):
   Ba   :     0.00000000     0.00000000    -0.00000017
   Ti   :     0.50000000     0.50000000     0.50000248
   O    :    -0.00000000     0.50000000     0.49999842
   O    :     0.50000000     0.00000000     0.49999842
   O    :     0.50000000     0.50000000    -0.00000282
  Space group :  Pm-3m (#221)

 du0 =   3.085699e-05 [Bohr] du_tensor =   0.000000e+00
 |residual force| =   4.508031e-09

 ----------------------------------------------------------------
  Structure opt. step    8 of 1000    (T = 4.000000e+02 K)
 ----------------------------------------------------------------
 Temp = 4.000000e+02 : convergence achieved in     4 iterations.
  DIIS steps accepted: 1, fallbacks to simple mixing: 0

 Structure at this step :
  Lattice vectors [Bohr]:
   a1 :     7.53159676     0.00000000     0.00000000
   a2 :     0.00000000     7.53159676     0.00000000
   a3 :     0.00000000     0.00000000     7.53159676
  Atomic positions (fractional):
   Ba   :     0.00000000    -0.00000000    -0.00000004
   Ti   :     0.50000000     0.50000000     0.50000022
   O    :    -0.00000000     0.50000000     0.49999990
   O    :     0.50000000     0.00000000     0.49999990
   O    :     0.50000000     0.50000000    -0.00000011
  Space group :  Pm-3m (#221)

 du0 =   7.348470e-07 [Bohr] du_tensor =   0.000000e+00
 |residual force| =   1.123706e-09


 du0 is smaller than COORD_CONV_TOL =    1.000000e-05
 Structural optimization converged in 8-th loop.
 break structural loop.


 Optimization history at 4.000000e+02 K :
 ------------------------------------------------------------
   step   SCP      du0 [Bohr]    du_tensor      |force|     space group
 ------------------------------------------------------------
      1   conv      9.571e-03    0.000e+00    9.230e-06    P4mm (#99)
      2   conv      1.923e-02    0.000e+00    3.318e-06    P4mm (#99)
      3   conv      1.057e-02    0.000e+00    3.977e-06    P4mm (#99)
      4   conv      3.762e-04    0.000e+00    1.785e-07    P4mm (#99)
      5   conv      7.786e-04    0.000e+00    1.019e-07    P4mm (#99)
      6   conv      1.323e-05    0.000e+00    1.417e-08    Pm-3m (#221)
      7   conv      3.086e-05    0.000e+00    4.508e-09    Pm-3m (#221)
      8   conv      7.348e-07    0.000e+00    1.124e-09    Pm-3m (#221)
 ------------------------------------------------------------
 ----------------------------------------------------------------
 Final atomic displacements [Bohr] at 4.000e+02 K
    u_{0,x}   u_{0,y}   u_{0,z} :   3.962399e-18   1.245319e-19  -1.126574e-07
    u_{1,x}   u_{1,y}   u_{1,z} :   1.536237e-17  -5.012993e-18   1.023338e-06
    u_{2,x}   u_{2,y}   u_{2,z} :  -3.598773e-17   2.647941e-18  -5.758056e-07
    u_{3,x}   u_{3,y}   u_{3,z} :  -2.108648e-17   6.568352e-18  -5.758056e-07
    u_{4,x}   u_{4,y}   u_{4,z} :  -2.289722e-17   4.713471e-18  -9.430442e-07


 Final structure at 4.000000e+02 K :
  Lattice vectors [Bohr]:
   a1 :     7.53159676     0.00000000     0.00000000
   a2 :     0.00000000     7.53159676     0.00000000
   a3 :     0.00000000     0.00000000     7.53159676
  Atomic positions (fractional):
   Ba   :     0.00000000     0.00000000    -0.00000001
   Ti   :     0.50000000     0.50000000     0.50000014
   O    :    -0.00000000     0.50000000     0.49999992
   O    :     0.50000000     0.00000000     0.49999992
   O    :     0.50000000     0.50000000    -0.00000013
  Space group :  Pm-3m (#221)


 ================================================================
  Temperature = 3.75000000e+02 K    (   2 of   15)
 ================================================================

 SET_INIT_STR = 3:
 u0[5] <    5.000000e-03 is satisfied.
 the structure is back to the high-symmetry phase.
 set again initial displacement from input file.

 Initial atomic displacements [Bohr] : 
    u_{0,x}   u_{0,y}   u_{0,z} :  -2.868416e-19   1.805277e-18   1.131778e-04
    u_{1,x}   u_{1,y}   u_{1,z} :   5.002977e-19   9.722717e-19   1.882897e-02
    u_{2,x}   u_{2,y}   u_{2,z} :  -1.189560e-18   1.106559e-18  -1.429815e-02
    u_{3,x}   u_{3,y}   u_{3,z} :  -5.666344e-19   3.215828e-18  -1.429815e-02
    u_{4,x}   u_{4,y}   u_{4,z} :   1.361725e-18  -3.761488e-18  -2.870764e-02

 Start structural optimization at 3.750000e+02 K.

 ----------------------------------------------------------------
  Structure opt. step    1 of 1000    (T = 3.750000e+02 K)
 ----------------------------------------------------------------
 Temp = 3.750000e+02 : convergence achieved in    13 iterations.
  DIIS steps accepted: 10, fallbacks to simple mixing: 0

 Structure at this step :
  Lattice vectors [Bohr]:
   a1 :     7.53159676     0.00000000     0.00000000
   a2 :     0.00000000     7.53159676     0.00000000
   a3 :     0.00000000     0.00000000     7.53159676
  Atomic positions (fractional):
   Ba   :    -0.00000000     0.00000000     0.00001503
   Ti   :     0.50000000     0.50000000     0.50250000
   O    :    -0.00000000     0.50000000     0.49810158
   O    :     0.50000000     0.00000000     0.49810158
   O    :     0.50000000     0.50000000    -0.00381163
  Space group :  P4mm (#99)

 du0 =   8.985871e-03 [Bohr] du_tensor =   0.000000e+00
 |residual force| =   8.996258e-06

 ----------------------------------------------------------------
  Structure opt. step    2 of 1000    (T = 3.750000e+02 K)
 ----------------------------------------------------------------
 Temp = 3.750000e+02 : convergence achieved in     9 iterations.
  DIIS steps accepted: 6, fallbacks to simple mixing: 0

 Structure at this step :
  Lattice vectors [Bohr]:
   a1 :     7.53159676     0.00000000     0.00000000
   a2 :     0.00000000     7.53159676     0.00000000
   a3 :     0.00000000     0.00000000     7.53159676
  Atomic positions (fractional):
   Ba   :     0.00000000     0.00000000     0.00002761
   Ti   :     0.50000000     0.50000000     0.50197005
   O    :    -0.00000000     0.50000000     0.49833113
   O    :     0.50000000     0.00000000     0.49833113
   O    :     0.50000000     0.50000000    -0.00279326
  Space group :  P4mm (#99)

 du0 =   1.773857e-02 [Bohr] du_tensor =   0.000000e+00
 |residual force| =   3.047534e-06

 ----------------------------------------------------------------
  Structure opt. step    3 of 1000    (T = 3.750000e+02 K)
 ----------------------------------------------------------------
 Temp = 3.750000e+02 : convergence achieved in     9 iterations.
  DIIS steps accepted: 6, fallbacks to simple mixing: 0

 Structure at this step :
  Lattice vectors [Bohr]:
   a1 :     7.53159676     0.00000000     0.00000000
   a2 :     0.00000000     7.53159676     0.00000000
   a3 :     0.00000000     0.00000000     7.53159676
  Atomic positions (fractional):
   Ba   :     0.00000000    -0.00000000     0.00003647
   Ti   :     0.50000000     0.50000000     0.50083861
   O    :    -0.00000000     0.50000000     0.49911346
   O    :     0.50000000     0.00000000     0.49911346
   O    :     0.50000000     0.50000000    -0.00104892
  Space group :  P4mm (#99)

 du0 =   1.265876e-02 [Bohr] du_tensor =   0.000000e+00
 |residual force| =   3.998883e-06

 ----------------------------------------------------------------
  Structure opt. step    4 of 1000    (T = 3.750000e+02 K)
 ----------------------------------------------------------------
 Temp = 3.750000e+02 : convergence achieved in    10 iterations.
  DIIS steps accepted: 7, fallbacks to simple mixing: 0

 Structure at this step :
  Lattice vectors [Bohr]:
   a1 :     7.53159676     0.00000000     0.00000000
   a2 :     0.00000000     7.53159676     0.00000000
   a3 :     0.00000000     0.00000000     7.53159676
  Atomic positions (fractional):
   Ba   :     0.00000000    -0.00000000     0.00001446
   Ti   :     0.50000000     0.50000000     0.50004591
   O    :    -0.00000000     0.50000000     0.49992468
   O    :     0.50000000     0.00000000     0.49992468
   O    :     0.50000000     0.50000000    -0.00011086
  Space group :  P4mm (#99)

 du0 =   3.728707e-04 [Bohr] du_tensor =   0.000000e+00
 |residual force| =   1.792023e-07

 ----------------------------------------------------------------
  Structure opt. step    5 of 1000    (T = 3.750000e+02 K)
 ----------------------------------------------------------------
 Temp = 3.750000e+02 : convergence achieved in     6 iterations.
  DIIS steps accepted: 3, fallbacks to simple mixing: 0

 Structure at this step :
  Lattice vectors [Bohr]:
   a1 :     7.53159676     0.00000000     0.00000000
   a2 :     0.00000000     7.53159676     0.00000000
   a3 :     0.00000000     0.00000000     7.53159676
  Atomic positions (fractional):
   Ba   :     0.00000000    -0.00000000     0.00000739
   Ti   :     0.50000000     0.50000000     0.50003857
   O    :    -0.00000000     0.50000000     0.49994886
   O    :     0.50000000     0.00000000     0.49994886
   O    :     0.50000000     0.50000000    -0.00007655
  Space group :  P4mm (#99)

 du0 =   8.065494e-04 [Bohr] du_tensor =   0.000000e+00
 |residual force| =   1.012877e-07

 ----------------------------------------------------------------
  Structure opt. step    6 of 1000    (T = 3.750000e+02 K)
 ----------------------------------------------------------------
 Temp = 3.750000e+02 : convergence achieved in     7 iterations.
  DIIS steps accepted: 4, fallbacks to simple mixing: 0

 Structure at this step :
  Lattice vectors [Bohr]:
   a1 :     7.53159676     0.00000000     0.00000000
   a2 :     0.00000000     7.53159676     0.00000000
   a3 :     0.00000000     0.00000000     7.53159676
  Atomic positions (fractional):
   Ba   :     0.00000000     0.00000000    -0.00000028
   Ti   :     0.50000000     0.50000000     0.50000324
   O    :    -0.00000000     0.50000000     0.49999839
   O    :     0.50000000     0.00000000     0.49999839
   O    :     0.50000000     0.50000000    -0.00000406
  Space group :  Pm-3m (#221)

 du0 =   1.230101e-05 [Bohr] du_tensor =   0.000000e+00
 |residual force| =   1.461424e-08

 ----------------------------------------------------------------
  Structure opt. step    7 of 1000    (T = 3.750000e+02 K)
 ----------------------------------------------------------------
 Temp = 3.750000e+02 : convergence achieved in     4 iterations.
  DIIS steps accepted: 1, fallbacks to simple mixing: 0

 Structure at this step :
  Lattice vectors [Bohr]:
   a1 :     7.53159676     0.00000000     0.00000000
   a2 :     0.00000000     7.53159676     0.00000000
   a3 :     0.00000000     0.00000000     7.53159676
  Atomic positions (fractional):
   Ba   :     0.00000000     0.00000000    -0.00000010
   Ti   :     0.50000000     0.50000000     0.50000227
   O    :    -0.00000000     0.50000000     0.49999843
   O    :     0.50000000     0.00000000     0.49999843
   O    :     0.50000000     0.50000000    -0.00000277
  Space group :  Pm-3m (#221)

 du0 =   2.840932e-05 [Bohr] du_tensor =   0.000000e+00
 |residual force| =   3.808753e-09

 ----------------------------------------------------------------
  Structure opt. step    8 of 1000    (T = 3.750000e+02 K)
 ----------------------------------------------------------------
 Temp = 3.750000e+02 : convergence achieved in     4 iterations.
  DIIS steps accepted: 1, fallbacks to simple mixing: 0

 Structure at this step :
  Lattice vectors [Bohr]:
   a1 :     7.53159676     0.00000000     0.00000000
   a2 :     0.00000000     7.53159676     0.00000000
   a3 :     0.00000000     0.00000000     7.53159676
  Atomic positions (fractional):
   Ba   :     0.00000000     0.00000000    -0.00000005
   Ti   :     0.50000000     0.50000000     0.50000032
   O    :    -0.00000000     0.50000000     0.49999984
   O    :     0.50000000     0.00000000     0.49999984
   O    :     0.50000000     0.50000000    -0.00000022
  Space group :  Pm-3m (#221)

 du0 =   9.756338e-07 [Bohr] du_tensor =   0.000000e+00
 |residual force| =   1.131549e-09


 du0 is smaller than COORD_CONV_TOL =    1.000000e-05
 Structural optimization converged in 8-th loop.
 break structural loop.


 Optimization history at 3.750000e+02 K :
 ------------------------------------------------------------
   step   SCP      du0 [Bohr]    du_tensor      |force|     space group
 ------------------------------------------------------------
      1   conv      8.986e-03    0.000e+00    8.996e-06    P4mm (#99)
      2   conv      1.774e-02    0.000e+00    3.048e-06    P4mm (#99)
      3   conv      1.266e-02    0.000e+00    3.999e-06    P4mm (#99)
      4   conv      3.729e-04    0.000e+00    1.792e-07    P4mm (#99)
      5   conv      8.065e-04    0.000e+00    1.013e-07    P4mm (#99)
      6   conv      1.230e-05    0.000e+00    1.461e-08    Pm-3m (#221)
      7   conv      2.841e-05    0.000e+00    3.809e-09    Pm-3m (#221)
      8   conv      9.756e-07    0.000e+00    1.132e-09    Pm-3m (#221)
 ------------------------------------------------------------
 ----------------------------------------------------------------
 Final atomic displacements [Bohr] at 3.750e+02 K
    u_{0,x}   u_{0,y}   u_{0,z} :   3.858267e-18   5.107376e-19  -1.380330e-07
    u_{1,x}   u_{1,y}   u_{1,z} :   1.396430e-17  -4.853664e-18   1.561872e-06
    u_{2,x}   u_{2,y}   u_{2,z} :  -3.347193e-17   1.051762e-18  -9.523808e-07
    u_{3,x}   u_{3,y}   u_{3,z} :  -1.980143e-17   5.406362e-18  -9.523808e-07
    u_{4,x}   u_{4,y}   u_{4,z} :  -2.162151e-17   3.680535e-18  -1.583275e-06


 Final structure at 3.750000e+02 K :
  Lattice vectors [Bohr]:
   a1 :     7.53159676     0.00000000     0.00000000
   a2 :     0.00000000     7.53159676     0.00000000
   a3 :     0.00000000     0.00000000     7.53159676
  Atomic positions (fractional):
   Ba   :     0.00000000     0.00000000    -0.00000002
   Ti   :     0.50000000     0.50000000     0.50000021
   O    :    -0.00000000     0.50000000     0.49999987
   O    :     0.50000000     0.00000000     0.49999987
   O    :     0.50000000     0.50000000    -0.00000021
  Space group :  Pm-3m (#221)


 ================================================================
  Temperature = 3.50000000e+02 K    (   3 of   15)
 ================================================================

 SET_INIT_STR = 3:
 u0[5] <    5.000000e-03 is satisfied.
 the structure is back to the high-symmetry phase.
 set again initial displacement from input file.

 Initial atomic displacements [Bohr] : 
    u_{0,x}   u_{0,y}   u_{0,z} :  -2.868416e-19   1.805277e-18   1.131778e-04
    u_{1,x}   u_{1,y}   u_{1,z} :   5.002977e-19   9.722717e-19   1.882897e-02
    u_{2,x}   u_{2,y}   u_{2,z} :  -1.189560e-18   1.106559e-18  -1.429815e-02
    u_{3,x}   u_{3,y}   u_{3,z} :  -5.666344e-19   3.215828e-18  -1.429815e-02
    u_{4,x}   u_{4,y}   u_{4,z} :   1.361725e-18  -3.761488e-18  -2.870764e-02

 Start structural optimization at 3.500000e+02 K.

 ----------------------------------------------------------------
  Structure opt. step    1 of 1000    (T = 3.500000e+02 K)
 ----------------------------------------------------------------
 Temp = 3.500000e+02 : convergence achieved in    13 iterations.
  DIIS steps accepted: 10, fallbacks to simple mixing: 0

 Structure at this step :
  Lattice vectors [Bohr]:
   a1 :     7.53159676     0.00000000     0.00000000
   a2 :     0.00000000     7.53159676     0.00000000
   a3 :     0.00000000     0.00000000     7.53159676
  Atomic positions (fractional):
   Ba   :    -0.00000000     0.00000000     0.00001503
   Ti   :     0.50000000     0.50000000     0.50250000
   O    :    -0.00000000     0.50000000     0.49810158
   O    :     0.50000000     0.00000000     0.49810158
   O    :     0.50000000     0.50000000    -0.00381163
  Space group :  P4mm (#99)

 du0 =   8.349015e-03 [Bohr] du_tensor =   0.000000e+00
 |residual force| =   8.773816e-06

 ----------------------------------------------------------------
  Structure opt. step    2 of 1000    (T = 3.500000e+02 K)
 ----------------------------------------------------------------
 Temp = 3.500000e+02 : convergence achieved in     9 iterations.
  DIIS steps accepted: 6, fallbacks to simple mixing: 0

 Structure at this step :
  Lattice vectors [Bohr]:
   a1 :     7.53159676     0.00000000     0.00000000
   a2 :     0.00000000     7.53159676     0.00000000
   a3 :     0.00000000     0.00000000     7.53159676
  Atomic positions (fractional):
   Ba   :     0.00000000    -0.00000000     0.00002850
   Ti   :     0.50000000     0.50000000     0.50201357
   O    :    -0.00000000     0.50000000     0.49829192
   O    :     0.50000000     0.00000000     0.49829192
   O    :     0.50000000     0.50000000    -0.00285267
  Space group :  P4mm (#99)

 du0 =   1.594375e-02 [Bohr] du_tensor =   0.000000e+00
 |residual force| =   2.767872e-06

 ----------------------------------------------------------------
  Structure opt. step    3 of 1000    (T = 3.500000e+02 K)
 ----------------------------------------------------------------
 Temp = 3.500000e+02 : convergence achieved in     9 iterations.
  DIIS steps accepted: 6, fallbacks to simple mixing: 0

 Structure at this step :
  Lattice vectors [Bohr]:
   a1 :     7.53159676     0.00000000     0.00000000
   a2 :     0.00000000     7.53159676     0.00000000
   a3 :     0.00000000     0.00000000     7.53159676
  Atomic positions (fractional):
   Ba   :     0.00000000    -0.00000000     0.00003822
   Ti   :     0.50000000     0.50000000     0.50099650
   O    :    -0.00000000     0.50000000     0.49898192
   O    :     0.50000000     0.00000000     0.49898192
   O    :     0.50000000     0.50000000    -0.00127325
  Space group :  P4mm (#99)

 du0 =   1.525232e-02 [Bohr] du_tensor =   0.000000e+00
 |residual force| =   3.909628e-06

 ----------------------------------------------------------------
  Structure opt. step    4 of 1000    (T = 3.500000e+02 K)
 ----------------------------------------------------------------
 Temp = 3.500000e+02 : convergence achieved in    10 iterations.
  DIIS steps accepted: 7, fallbacks to simple mixing: 0

 Structure at this step :
  Lattice vectors [Bohr]:
   a1 :     7.53159676     0.00000000     0.00000000
   a2 :     0.00000000     7.53159676     0.00000000
   a3 :     0.00000000     0.00000000     7.53159676
  Atomic positions (fractional):
   Ba   :     0.00000000     0.00000000     0.00001553
   Ti   :     0.50000000     0.50000000     0.50003531
   O    :    -0.00000000     0.50000000     0.49992999
   O    :     0.50000000     0.00000000     0.49992999
   O    :     0.50000000     0.50000000    -0.00009893
  Space group :  P4mm (#99)

 du0 =   3.371631e-04 [Bohr] du_tensor =   0.000000e+00
 |residual force| =   1.794070e-07

 ----------------------------------------------------------------
  Structure opt. step    5 of 1000    (T = 3.500000e+02 K)
 ----------------------------------------------------------------
 Temp = 3.500000e+02 : convergence achieved in     6 iterations.
  DIIS steps accepted: 3, fallbacks to simple mixing: 0

 Structure at this step :
  Lattice vectors [Bohr]:
   a1 :     7.53159676     0.00000000     0.00000000
   a2 :     0.00000000     7.53159676     0.00000000
   a3 :     0.00000000     0.00000000     7.53159676
  Atomic positions (fractional):
   Ba   :     0.00000000     0.00000000     0.00000782
   Ti   :     0.50000000     0.50000000     0.50003217
   O    :    -0.00000000     0.50000000     0.49995296
   O    :     0.50000000     0.00000000     0.49995296
   O    :     0.50000000     0.50000000    -0.00006929
  Space group :  P4mm (#99)

 du0 =   7.332532e-04 [Bohr] du_tensor =   0.000000e+00
 |residual force| =   9.653812e-08

 ----------------------------------------------------------------
  Structure opt. step    6 of 1000    (T = 3.500000e+02 K)
 ----------------------------------------------------------------
 Temp = 3.500000e+02 : convergence achieved in     6 iterations.
  DIIS steps accepted: 3, fallbacks to simple mixing: 0

 Structure at this step :
  Lattice vectors [Bohr]:
   a1 :     7.53159676     0.00000000     0.00000000
   a2 :     0.00000000     7.53159676     0.00000000
   a3 :     0.00000000     0.00000000     7.53159676
  Atomic positions (fractional):
   Ba   :     0.00000000     0.00000000    -0.00000008
   Ti   :     0.50000000     0.50000000     0.50000224
   O    :    -0.00000000     0.50000000     0.49999869
   O    :     0.50000000     0.00000000     0.49999869
   O    :     0.50000000     0.50000000    -0.00000342
  Space group :  Pm-3m (#221)

 du0 =   9.888037e-06 [Bohr] du_tensor =   0.000000e+00
 |residual force| =   1.396237e-08


 du0 is smaller than COORD_CONV_TOL =    1.000000e-05
 Structural optimization converged in 6-th loop.
 break structural loop.


 Optimization history at 3.500000e+02 K :
 ------------------------------------------------------------
   step   SCP      du0 [Bohr]    du_tensor      |force|     space group
 ------------------------------------------------------------
      1   conv      8.349e-03    0.000e+00    8.774e-06    P4mm (#99)
      2   conv      1.594e-02    0.000e+00    2.768e-06    P4mm (#99)
      3   conv      1.525e-02    0.000e+00    3.910e-06    P4mm (#99)
      4   conv      3.372e-04    0.000e+00    1.794e-07    P4mm (#99)
      5   conv      7.333e-04    0.000e+00    9.654e-08    P4mm (#99)
      6   conv      9.888e-06    0.000e+00    1.396e-08    Pm-3m (#221)
 ------------------------------------------------------------
 ----------------------------------------------------------------
 Final atomic displacements [Bohr] at 3.500e+02 K
    u_{0,x}   u_{0,y}   u_{0,z} :   4.034001e-18   3.853633e-19  -1.355518e-07
    u_{1,x}   u_{1,y}   u_{1,z} :   1.808484e-17  -3.933553e-18   1.249656e-05
    u_{2,x}   u_{2,y}   u_{2,z} :  -3.921413e-17   7.408840e-19  -9.665601e-06
    u_{3,x}   u_{3,y}   u_{3,z} :  -2.392226e-17   4.472270e-18  -9.665601e-06
    u_{4,x}   u_{4,y}   u_{4,z} :  -2.559543e-17   3.259515e-18  -1.689252e-05


 Final structure at 3.500000e+02 K :
  Lattice vectors [Bohr]:
   a1 :     7.53159676     0.00000000     0.00000000
   a2 :     0.00000000     7.53159676     0.00000000
   a3 :     0.00000000     0.00000000     7.53159676
  Atomic positions (fractional):
   Ba   :     0.00000000     0.00000000    -0.00000002
   Ti   :     0.50000000     0.50000000     0.50000166
   O    :    -0.00000000     0.50000000     0.49999872
   O    :     0.50000000     0.00000000     0.49999872
   O    :     0.50000000     0.50000000    -0.00000224
  Space group :  Pm-3m (#221)


 ================================================================
  Temperature = 3.25000000e+02 K    (   4 of   15)
 ================================================================

 SET_INIT_STR = 3:
 u0[5] <    5.000000e-03 is satisfied.
 the structure is back to the high-symmetry phase.
 set again initial displacement from input file.

 Initial atomic displacements [Bohr] : 
    u_{0,x}   u_{0,y}   u_{0,z} :  -2.868416e-19   1.805277e-18   1.131778e-04
    u_{1,x}   u_{1,y}   u_{1,z} :   5.002977e-19   9.722717e-19   1.882897e-02
    u_{2,x}   u_{2,y}   u_{2,z} :  -1.189560e-18   1.106559e-18  -1.429815e-02
    u_{3,x}   u_{3,y}   u_{3,z} :  -5.666344e-19   3.215828e-18  -1.429815e-02
    u_{4,x}   u_{4,y}   u_{4,z} :   1.361725e-18  -3.761488e-18  -2.870764e-02

 Start structural optimization at 3.250000e+02 K.

 ----------------------------------------------------------------
  Structure opt. step    1 of 1000    (T = 3.250000e+02 K)
 ----------------------------------------------------------------
 Temp = 3.250000e+02 : convergence achieved in    13 iterations.
  DIIS steps accepted: 10, fallbacks to simple mixing: 0

 Structure at this step :
  Lattice vectors [Bohr]:
   a1 :     7.53159676     0.00000000     0.00000000
   a2 :     0.00000000     7.53159676     0.00000000
   a3 :     0.00000000     0.00000000     7.53159676
  Atomic positions (fractional):
   Ba   :    -0.00000000     0.00000000     0.00001503
   Ti   :     0.50000000     0.50000000     0.50250000
   O    :    -0.00000000     0.50000000     0.49810158
   O    :     0.50000000     0.00000000     0.49810158
   O    :     0.50000000     0.50000000    -0.00381163
  Space group :  P4mm (#99)

 du0 =   7.654282e-03 [Bohr] du_tensor =   0.000000e+00
 |residual force| =   8.563283e-06

 ----------------------------------------------------------------
  Structure opt. step    2 of 1000    (T = 3.250000e+02 K)
 ----------------------------------------------------------------
 Temp = 3.250000e+02 : convergence achieved in     9 iterations.
  DIIS steps accepted: 6, fallbacks to simple mixing: 0

 Structure at this step :
  Lattice vectors [Bohr]:
   a1 :     7.53159676     0.00000000     0.00000000
   a2 :     0.00000000     7.53159676     0.00000000
   a3 :     0.00000000     0.00000000     7.53159676
  Atomic positions (fractional):
   Ba   :     0.00000000     0.00000000     0.00002948
   Ti   :     0.50000000     0.50000000     0.50206172
   O    :    -0.00000000     0.50000000     0.49824875
   O    :     0.50000000    -0.00000000     0.49824875
   O    :     0.50000000     0.50000000    -0.00291875
  Space group :  P4mm (#99)

 du0 =   1.385708e-02 [Bohr] du_tensor =   0.000000e+00
 |residual force| =   2.477348e-06

 ----------------------------------------------------------------
  Structure opt. step    3 of 1000    (T = 3.250000e+02 K)
 ----------------------------------------------------------------
 Temp = 3.250000e+02 : convergence achieved in     9 iterations.
  DIIS steps accepted: 6, fallbacks to simple mixing: 0

 Structure at this step :
  Lattice vectors [Bohr]:
   a1 :     7.53159676     0.00000000     0.00000000
   a2 :     0.00000000     7.53159676     0.00000000
   a3 :     0.00000000     0.00000000     7.53159676
  Atomic positions (fractional):
   Ba   :     0.00000000    -0.00000000     0.00003973
   Ti   :     0.50000000     0.50000000     0.50117740
   O    :    -0.00000000     0.50000000     0.49883599
   O    :     0.50000000    -0.00000000     0.49883599
   O    :     0.50000000     0.50000000    -0.00153555
  Space group :  P4mm (#99)

 du0 =   1.849555e-02 [Bohr] du_tensor =   0.000000e+00
 |residual force| =   3.676808e-06

 ----------------------------------------------------------------
  Structure opt. step    4 of 1000    (T = 3.250000e+02 K)
 ----------------------------------------------------------------
 Temp = 3.250000e+02 : convergence achieved in     8 iterations.
  DIIS steps accepted: 5, fallbacks to simple mixing: 0

 Structure at this step :
  Lattice vectors [Bohr]:
   a1 :     7.53159676     0.00000000     0.00000000
   a2 :     0.00000000     7.53159676     0.00000000
   a3 :     0.00000000     0.00000000     7.53159676
  Atomic positions (fractional):
   Ba   :     0.00000000     0.00000000     0.00001674
   Ti   :     0.50000000     0.50000000     0.50000568
   O    :    -0.00000000     0.50000000     0.49995002
   O    :     0.50000000    -0.00000000     0.49995002
   O    :     0.50000000     0.50000000    -0.00006076
  Space group :  P4mm (#99)

 du0 =   2.595637e-04 [Bohr] du_tensor =   0.000000e+00
 |residual force| =   1.944757e-07

 ----------------------------------------------------------------
  Structure opt. step    5 of 1000    (T = 3.250000e+02 K)
 ----------------------------------------------------------------
 Temp = 3.250000e+02 : convergence achieved in     5 iterations.
  DIIS steps accepted: 2, fallbacks to simple mixing: 0

 Structure at this step :
  Lattice vectors [Bohr]:
   a1 :     7.53159676     0.00000000     0.00000000
   a2 :     0.00000000     7.53159676     0.00000000
   a3 :     0.00000000     0.00000000     7.53159676
  Atomic positions (fractional):
   Ba   :     0.00000000     0.00000000     0.00000819
   Ti   :     0.50000000     0.50000000     0.50001115
   O    :    -0.00000000     0.50000000     0.49996918
   O    :     0.50000000    -0.00000000     0.49996918
   O    :     0.50000000     0.50000000    -0.00004204
  Space group :  Pm-3m (#221)

 du0 =   4.471123e-04 [Bohr] du_tensor =   0.000000e+00
 |residual force| =   9.177408e-08

 ----------------------------------------------------------------
  Structure opt. step    6 of 1000    (T = 3.250000e+02 K)
 ----------------------------------------------------------------
 Temp = 3.250000e+02 : convergence achieved in     6 iterations.
  DIIS steps accepted: 3, fallbacks to simple mixing: 0

 Structure at this step :
  Lattice vectors [Bohr]:
   a1 :     7.53159676     0.00000000     0.00000000
   a2 :     0.00000000     7.53159676     0.00000000
   a3 :     0.00000000     0.00000000     7.53159676
  Atomic positions (fractional):
   Ba   :     0.00000000     0.00000000     0.00000010
   Ti   :     0.50000000     0.50000000     0.50000114
   O    :    -0.00000000     0.50000000     0.49999909
   O    :     0.50000000    -0.00000000     0.49999909
   O    :     0.50000000     0.50000000    -0.00000243
  Space group :  Pm-3m (#221)

 du0 =   7.120263e-06 [Bohr] du_tensor =   0.000000e+00
 |residual force| =   1.172752e-08


 du0 is smaller than COORD_CONV_TOL =    1.000000e-05
 Structural optimization converged in 6-th loop.
 break structural loop.


 Optimization history at 3.250000e+02 K :
 ------------------------------------------------------------
   step   SCP      du0 [Bohr]    du_tensor      |force|     space group
 ------------------------------------------------------------
      1   conv      7.654e-03    0.000e+00    8.563e-06    P4mm (#99)
      2   conv      1.386e-02    0.000e+00    2.477e-06    P4mm (#99)
      3   conv      1.850e-02    0.000e+00    3.677e-06    P4mm (#99)
      4   conv      2.596e-04    0.000e+00    1.945e-07    P4mm (#99)
      5   conv      4.471e-04    0.000e+00    9.177e-08    Pm-3m (#221)
      6   conv      7.120e-06    0.000e+00    1.173e-08    Pm-3m (#221)
 ------------------------------------------------------------
 ----------------------------------------------------------------
 Final atomic displacements [Bohr] at 3.250e+02 K
    u_{0,x}   u_{0,y}   u_{0,z} :   3.643727e-18   1.931415e-19   3.520176e-07
    u_{1,x}   u_{1,y}   u_{1,z} :   2.070620e-17  -1.620819e-18   7.139785e-06
    u_{2,x}   u_{2,y}   u_{2,z} :  -4.160391e-17  -7.772642e-19  -6.518030e-06
    u_{3,x}   u_{3,y}   u_{3,z} :  -2.514672e-17   1.991980e-18  -6.518030e-06
    u_{4,x}   u_{4,y}   u_{4,z} :  -2.647401e-17   1.984281e-18  -1.134621e-05


 Final structure at 3.250000e+02 K :
  Lattice vectors [Bohr]:
   a1 :     7.53159676     0.00000000     0.00000000
   a2 :     0.00000000     7.53159676     0.00000000
   a3 :     0.00000000     0.00000000     7.53159676
  Atomic positions (fractional):
   Ba   :     0.00000000     0.00000000     0.00000005
   Ti   :     0.50000000     0.50000000     0.50000095
   O    :    -0.00000000     0.50000000     0.49999913
   O    :     0.50000000     0.00000000     0.49999913
   O    :     0.50000000     0.50000000    -0.00000151
  Space group :  Pm-3m (#221)


 ================================================================
  Temperature = 3.00000000e+02 K    (   5 of   15)
 ================================================================

 SET_INIT_STR = 3:
 u0[5] <    5.000000e-03 is satisfied.
 the structure is back to the high-symmetry phase.
 set again initial displacement from input file.

 Initial atomic displacements [Bohr] : 
    u_{0,x}   u_{0,y}   u_{0,z} :  -2.868416e-19   1.805277e-18   1.131778e-04
    u_{1,x}   u_{1,y}   u_{1,z} :   5.002977e-19   9.722717e-19   1.882897e-02
    u_{2,x}   u_{2,y}   u_{2,z} :  -1.189560e-18   1.106559e-18  -1.429815e-02
    u_{3,x}   u_{3,y}   u_{3,z} :  -5.666344e-19   3.215828e-18  -1.429815e-02
    u_{4,x}   u_{4,y}   u_{4,z} :   1.361725e-18  -3.761488e-18  -2.870764e-02

 Start structural optimization at 3.000000e+02 K.

 ----------------------------------------------------------------
  Structure opt. step    1 of 1000    (T = 3.000000e+02 K)
 ----------------------------------------------------------------
 Temp = 3.000000e+02 : convergence achieved in    11 iterations.
  DIIS steps accepted: 8, fallbacks to simple mixing: 0

 Structure at this step :
  Lattice vectors [Bohr]:
   a1 :     7.53159676     0.00000000     0.00000000
   a2 :     0.00000000     7.53159676     0.00000000
   a3 :     0.00000000     0.00000000     7.53159676
  Atomic positions (fractional):
   Ba   :    -0.00000000     0.00000000     0.00001503
   Ti   :     0.50000000     0.50000000     0.50250000
   O    :    -0.00000000     0.50000000     0.49810158
   O    :     0.50000000     0.00000000     0.49810158
   O    :     0.50000000     0.50000000    -0.00381163
  Space group :  P4mm (#99)

 du0 =   6.896871e-03 [Bohr] du_tensor =   0.000000e+00
 |residual force| =   8.365646e-06

 ----------------------------------------------------------------
  Structure opt. step    2 of 1000    (T = 3.000000e+02 K)
 ----------------------------------------------------------------
 Temp = 3.000000e+02 : convergence achieved in     9 iterations.
  DIIS steps accepted: 6, fallbacks to simple mixing: 0

 Structure at this step :
  Lattice vectors [Bohr]:
   a1 :     7.53159676     0.00000000     0.00000000
   a2 :     0.00000000     7.53159676     0.00000000
   a3 :     0.00000000     0.00000000     7.53159676
  Atomic positions (fractional):
   Ba   :     0.00000000     0.00000000     0.00003055
   Ti   :     0.50000000     0.50000000     0.50211535
   O    :    -0.00000000     0.50000000     0.49820090
   O    :     0.50000000     0.00000000     0.49820090
   O    :     0.50000000     0.50000000    -0.00299271
  Space group :  P4mm (#99)

 du0 =   1.153277e-02 [Bohr] du_tensor =   0.000000e+00
 |residual force| =   2.174303e-06

 ----------------------------------------------------------------
  Structure opt. step    3 of 1000    (T = 3.000000e+02 K)
 ----------------------------------------------------------------
 Temp = 3.000000e+02 : convergence achieved in     9 iterations.
  DIIS steps accepted: 6, fallbacks to simple mixing: 0

 Structure at this step :
  Lattice vectors [Bohr]:
   a1 :     7.53159676     0.00000000     0.00000000
   a2 :     0.00000000     7.53159676     0.00000000
   a3 :     0.00000000     0.00000000     7.53159676
  Atomic positions (fractional):
   Ba   :     0.00000000    -0.00000000     0.00004087
   Ti   :     0.50000000     0.50000000     0.50137859
   O    :    -0.00000000     0.50000000     0.49867888
   O    :     0.50000000     0.00000000     0.49867888
   O    :     0.50000000     0.50000000    -0.00183302
  Space group :  P4mm (#99)

 du0 =   2.259834e-02 [Bohr] du_tensor =   0.000000e+00
 |residual force| =   3.277680e-06

 ----------------------------------------------------------------
  Structure opt. step    4 of 1000    (T = 3.000000e+02 K)
 ----------------------------------------------------------------
 Temp = 3.000000e+02 : convergence achieved in     9 iterations.
  DIIS steps accepted: 6, fallbacks to simple mixing: 0

 Structure at this step :
  Lattice vectors [Bohr]:
   a1 :     7.53159676     0.00000000     0.00000000
   a2 :     0.00000000     7.53159676     0.00000000
   a3 :     0.00000000     0.00000000     7.53159676
  Atomic positions (fractional):
   Ba   :     0.00000000    -0.00000000     0.00001816
   Ti   :     0.50000000     0.50000000     0.49994074
   O    :    -0.00000000     0.50000000     0.49999750
   O    :     0.50000000     0.00000000     0.49999750
   O    :     0.50000000     0.50000000     0.00002639
  Space group :  P4mm (#99)

 du0 =   2.136444e-04 [Bohr] du_tensor =   0.000000e+00
 |residual force| =   2.652591e-07

 ----------------------------------------------------------------
  Structure opt. step    5 of 1000    (T = 3.000000e+02 K)
 ----------------------------------------------------------------
 Temp = 3.000000e+02 : convergence achieved in     5 iterations.
  DIIS steps accepted: 2, fallbacks to simple mixing: 0

 Structure at this step :
  Lattice vectors [Bohr]:
   a1 :     7.53159676     0.00000000     0.00000000
   a2 :     0.00000000     7.53159676     0.00000000
   a3 :     0.00000000     0.00000000     7.53159676
  Atomic positions (fractional):
   Ba   :     0.00000000    -0.00000000     0.00000841
   Ti   :     0.50000000     0.50000000     0.49996176
   O    :    -0.00000000     0.50000000     0.50000896
   O    :     0.50000000     0.00000000     0.50000896
   O    :     0.50000000     0.50000000     0.00002424
  Space group :  Pm-3m (#221)

 du0 =   3.842761e-04 [Bohr] du_tensor =   0.000000e+00
 |residual force| =   1.070045e-07

 ----------------------------------------------------------------
  Structure opt. step    6 of 1000    (T = 3.000000e+02 K)
 ----------------------------------------------------------------
 Temp = 3.000000e+02 : convergence achieved in     6 iterations.
  DIIS steps accepted: 3, fallbacks to simple mixing: 0

 Structure at this step :
  Lattice vectors [Bohr]:
   a1 :     7.53159676     0.00000000     0.00000000
   a2 :     0.00000000     7.53159676     0.00000000
   a3 :     0.00000000     0.00000000     7.53159676
  Atomic positions (fractional):
   Ba   :     0.00000000     0.00000000     0.00000019
   Ti   :     0.50000000     0.50000000     0.50000146
   O    :    -0.00000000     0.50000000     0.49999851
   O    :     0.50000000     0.00000000     0.49999851
   O    :     0.50000000     0.50000000    -0.00000298
  Space group :  Pm-3m (#221)

 du0 =   2.182386e-05 [Bohr] du_tensor =   0.000000e+00
 |residual force| =   8.433239e-09

 ----------------------------------------------------------------
  Structure opt. step    7 of 1000    (T = 3.000000e+02 K)
 ----------------------------------------------------------------
 Temp = 3.000000e+02 : convergence achieved in     4 iterations.
  DIIS steps accepted: 1, fallbacks to simple mixing: 0

 Structure at this step :
  Lattice vectors [Bohr]:
   a1 :     7.53159676     0.00000000     0.00000000
   a2 :     0.00000000     7.53159676     0.00000000
   a3 :     0.00000000     0.00000000     7.53159676
  Atomic positions (fractional):
   Ba   :     0.00000000     0.00000000     0.00000005
   Ti   :     0.50000000     0.50000000     0.50000038
   O    :    -0.00000000     0.50000000     0.49999961
   O    :     0.50000000     0.00000000     0.49999961
   O    :     0.50000000     0.50000000    -0.00000079
  Space group :  Pm-3m (#221)

 du0 =   2.144792e-06 [Bohr] du_tensor =   0.000000e+00
 |residual force| =   2.345097e-09


 du0 is smaller than COORD_CONV_TOL =    1.000000e-05
 Structural optimization converged in 7-th loop.
 break structural loop.


 Optimization history at 3.000000e+02 K :
 ------------------------------------------------------------
   step   SCP      du0 [Bohr]    du_tensor      |force|     space group
 ------------------------------------------------------------
      1   conv      6.897e-03    0.000e+00    8.366e-06    P4mm (#99)
      2   conv      1.153e-02    0.000e+00    2.174e-06    P4mm (#99)
      3   conv      2.260e-02    0.000e+00    3.278e-06    P4mm (#99)
      4   conv      2.136e-04    0.000e+00    2.653e-07    P4mm (#99)
      5   conv      3.843e-04    0.000e+00    1.070e-07    Pm-3m (#221)
      6   conv      2.182e-05    0.000e+00    8.433e-09    Pm-3m (#221)
      7   conv      2.145e-06    0.000e+00    2.345e-09    Pm-3m (#221)
 ------------------------------------------------------------
 ----------------------------------------------------------------
 Final atomic displacements [Bohr] at 3.000e+02 K
    u_{0,x}   u_{0,y}   u_{0,z} :   3.757724e-18   3.979475e-19   1.701407e-07
    u_{1,x}   u_{1,y}   u_{1,z} :   2.244259e-17  -4.783591e-18   2.499243e-06
    u_{2,x}   u_{2,y}   u_{2,z} :  -4.429867e-17   1.801294e-18  -2.474316e-06
    u_{3,x}   u_{3,y}   u_{3,z} :  -2.693553e-17   5.539920e-18  -2.474316e-06
    u_{4,x}   u_{4,y}   u_{4,z} :  -2.816335e-17   3.557346e-18  -3.988962e-06


 Final structure at 3.000000e+02 K :
  Lattice vectors [Bohr]:
   a1 :     7.53159676     0.00000000     0.00000000
   a2 :     0.00000000     7.53159676     0.00000000
   a3 :     0.00000000     0.00000000     7.53159676
  Atomic positions (fractional):
   Ba   :     0.00000000     0.00000000     0.00000002
   Ti   :     0.50000000     0.50000000     0.50000033
   O    :    -0.00000000     0.50000000     0.49999967
   O    :     0.50000000     0.00000000     0.49999967
   O    :     0.50000000     0.50000000    -0.00000053
  Space group :  Pm-3m (#221)


 ================================================================
  Temperature = 2.75000000e+02 K    (   6 of   15)
 ================================================================

 SET_INIT_STR = 3:
 u0[5] <    5.000000e-03 is satisfied.
 the structure is back to the high-symmetry phase.
 set again initial displacement from input file.

 Initial atomic displacements [Bohr] : 
    u_{0,x}   u_{0,y}   u_{0,z} :  -2.868416e-19   1.805277e-18   1.131778e-04
    u_{1,x}   u_{1,y}   u_{1,z} :   5.002977e-19   9.722717e-19   1.882897e-02
    u_{2,x}   u_{2,y}   u_{2,z} :  -1.189560e-18   1.106559e-18  -1.429815e-02
    u_{3,x}   u_{3,y}   u_{3,z} :  -5.666344e-19   3.215828e-18  -1.429815e-02
    u_{4,x}   u_{4,y}   u_{4,z} :   1.361725e-18  -3.761488e-18  -2.870764e-02

 Start structural optimization at 2.750000e+02 K.

 ----------------------------------------------------------------
  Structure opt. step    1 of 1000    (T = 2.750000e+02 K)
 ----------------------------------------------------------------
 Temp = 2.750000e+02 : convergence achieved in    11 iterations.
  DIIS steps accepted: 8, fallbacks to simple mixing: 0

 Structure at this step :
  Lattice vectors [Bohr]:
   a1 :     7.53159676     0.00000000     0.00000000
   a2 :     0.00000000     7.53159676     0.00000000
   a3 :     0.00000000     0.00000000     7.53159676
  Atomic positions (fractional):
   Ba   :    -0.00000000     0.00000000     0.00001503
   Ti   :     0.50000000     0.50000000     0.50250000
   O    :    -0.00000000     0.50000000     0.49810158
   O    :     0.50000000     0.00000000     0.49810158
   O    :     0.50000000     0.50000000    -0.00381163
  Space group :  P4mm (#99)

 du0 =   6.075626e-03 [Bohr] du_tensor =   0.000000e+00
 |residual force| =   8.181786e-06

 ----------------------------------------------------------------
  Structure opt. step    2 of 1000    (T = 2.750000e+02 K)
 ----------------------------------------------------------------
 Temp = 2.750000e+02 : convergence achieved in     9 iterations.
  DIIS steps accepted: 6, fallbacks to simple mixing: 0

 Structure at this step :
  Lattice vectors [Bohr]:
   a1 :     7.53159676     0.00000000     0.00000000
   a2 :     0.00000000     7.53159676     0.00000000
   a3 :     0.00000000     0.00000000     7.53159676
  Atomic positions (fractional):
   Ba   :     0.00000000     0.00000000     0.00003174
   Ti   :     0.50000000     0.50000000     0.50217553
   O    :    -0.00000000     0.50000000     0.49814748
   O    :     0.50000000     0.00000000     0.49814748
   O    :     0.50000000     0.50000000    -0.00307612
  Space group :  P4mm (#99)

 du0 =   9.079975e-03 [Bohr] du_tensor =   0.000000e+00
 |residual force| =   1.856751e-06

 ----------------------------------------------------------------
  Structure opt. step    3 of 1000    (T = 2.750000e+02 K)
 ----------------------------------------------------------------
 Temp = 2.750000e+02 : convergence achieved in     9 iterations.
  DIIS steps accepted: 6, fallbacks to simple mixing: 0

 Structure at this step :
  Lattice vectors [Bohr]:
   a1 :     7.53159676     0.00000000     0.00000000
   a2 :     0.00000000     7.53159676     0.00000000
   a3 :     0.00000000     0.00000000     7.53159676
  Atomic positions (fractional):
   Ba   :     0.00000000    -0.00000000     0.00004153
   Ti   :     0.50000000     0.50000000     0.50159414
   O    :    -0.00000000     0.50000000     0.49851584
   O    :     0.50000000     0.00000000     0.49851584
   O    :     0.50000000     0.50000000    -0.00215746
  Space group :  P4mm (#99)

 du0 =   2.790291e-02 [Bohr] du_tensor =   0.000000e+00
 |residual force| =   2.711757e-06

 ----------------------------------------------------------------
  Structure opt. step    4 of 1000    (T = 2.750000e+02 K)
 ----------------------------------------------------------------
 Temp = 2.750000e+02 : convergence achieved in     9 iterations.
  DIIS steps accepted: 6, fallbacks to simple mixing: 0

 Structure at this step :
  Lattice vectors [Bohr]:
   a1 :     7.53159676     0.00000000     0.00000000
   a2 :     0.00000000     7.53159676     0.00000000
   a3 :     0.00000000     0.00000000     7.53159676
  Atomic positions (fractional):
   Ba   :     0.00000000     0.00000000     0.00002002
   Ti   :     0.50000000     0.50000000     0.49981216
   O    :    -0.00000000     0.50000000     0.50009379
   O    :     0.50000000     0.00000000     0.50009379
   O    :     0.50000000     0.50000000     0.00020255
  Space group :  P4mm (#99)

 du0 =   4.645713e-04 [Bohr] du_tensor =   0.000000e+00
 |residual force| =   4.580068e-07

 ----------------------------------------------------------------
  Structure opt. step    5 of 1000    (T = 2.750000e+02 K)
 ----------------------------------------------------------------
 Temp = 2.750000e+02 : convergence achieved in     7 iterations.
  DIIS steps accepted: 4, fallbacks to simple mixing: 0

 Structure at this step :
  Lattice vectors [Bohr]:
   a1 :     7.53159676     0.00000000     0.00000000
   a2 :     0.00000000     7.53159676     0.00000000
   a3 :     0.00000000     0.00000000     7.53159676
  Atomic positions (fractional):
   Ba   :     0.00000000     0.00000000     0.00000838
   Ti   :     0.50000000     0.50000000     0.49985900
   O    :    -0.00000000     0.50000000     0.50009287
   O    :     0.50000000     0.00000000     0.50009287
   O    :     0.50000000     0.50000000     0.00016416
  Space group :  P4mm (#99)

 du0 =   2.027918e-03 [Bohr] du_tensor =   0.000000e+00
 |residual force| =   1.744233e-07

 ----------------------------------------------------------------
  Structure opt. step    6 of 1000    (T = 2.750000e+02 K)
 ----------------------------------------------------------------
 Temp = 2.750000e+02 : convergence achieved in     7 iterations.
  DIIS steps accepted: 4, fallbacks to simple mixing: 0

 Structure at this step :
  Lattice vectors [Bohr]:
   a1 :     7.53159676     0.00000000     0.00000000
   a2 :     0.00000000     7.53159676     0.00000000
   a3 :     0.00000000     0.00000000     7.53159676
  Atomic positions (fractional):
   Ba   :     0.00000000     0.00000000     0.00000036
   Ti   :     0.50000000     0.50000000     0.50000708
   O    :    -0.00000000     0.50000000     0.49999344
   O    :     0.50000000     0.00000000     0.49999344
   O    :     0.50000000     0.50000000    -0.00001114
  Space group :  Pm-3m (#221)

 du0 =   1.139292e-04 [Bohr] du_tensor =   0.000000e+00
 |residual force| =   1.123885e-08

 ----------------------------------------------------------------
  Structure opt. step    7 of 1000    (T = 2.750000e+02 K)
 ----------------------------------------------------------------
 Temp = 2.750000e+02 : convergence achieved in     4 iterations.
  DIIS steps accepted: 1, fallbacks to simple mixing: 0

 Structure at this step :
  Lattice vectors [Bohr]:
   a1 :     7.53159676     0.00000000     0.00000000
   a2 :     0.00000000     7.53159676     0.00000000
   a3 :     0.00000000     0.00000000     7.53159676
  Atomic positions (fractional):
   Ba   :     0.00000000     0.00000000     0.00000014
   Ti   :     0.50000000     0.50000000     0.50000018
   O    :    -0.00000000     0.50000000     0.49999958
   O    :     0.50000000     0.00000000     0.49999958
   O    :     0.50000000     0.50000000    -0.00000086
  Space group :  Pm-3m (#221)

 du0 =   2.714112e-06 [Bohr] du_tensor =   0.000000e+00
 |residual force| =   3.576197e-09


 du0 is smaller than COORD_CONV_TOL =    1.000000e-05
 Structural optimization converged in 7-th loop.
 break structural loop.


 Optimization history at 2.750000e+02 K :
 ------------------------------------------------------------
   step   SCP      du0 [Bohr]    du_tensor      |force|     space group
 ------------------------------------------------------------
      1   conv      6.076e-03    0.000e+00    8.182e-06    P4mm (#99)
      2   conv      9.080e-03    0.000e+00    1.857e-06    P4mm (#99)
      3   conv      2.790e-02    0.000e+00    2.712e-06    P4mm (#99)
      4   conv      4.646e-04    0.000e+00    4.580e-07    P4mm (#99)
      5   conv      2.028e-03    0.000e+00    1.744e-07    P4mm (#99)
      6   conv      1.139e-04    0.000e+00    1.124e-08    Pm-3m (#221)
      7   conv      2.714e-06    0.000e+00    3.576e-09    Pm-3m (#221)
 ------------------------------------------------------------
 ----------------------------------------------------------------
 Final atomic displacements [Bohr] at 2.750e+02 K
    u_{0,x}   u_{0,y}   u_{0,z} :   3.725681e-18   1.806119e-19   4.576399e-07
    u_{1,x}   u_{1,y}   u_{1,z} :   2.796274e-17  -3.751199e-18   1.690269e-06
    u_{2,x}   u_{2,y}   u_{2,z} :  -5.154021e-17   1.397724e-18  -2.481047e-06
    u_{3,x}   u_{3,y}   u_{3,z} :  -3.165592e-17   4.715656e-18  -2.481047e-06
    u_{4,x}   u_{4,y}   u_{4,z} :  -3.244176e-17   3.561668e-18  -4.022895e-06


 Final structure at 2.750000e+02 K :
  Lattice vectors [Bohr]:
   a1 :     7.53159676     0.00000000     0.00000000
   a2 :     0.00000000     7.53159676     0.00000000
   a3 :     0.00000000     0.00000000     7.53159676
  Atomic positions (fractional):
   Ba   :     0.00000000     0.00000000     0.00000006
   Ti   :     0.50000000     0.50000000     0.50000022
   O    :    -0.00000000     0.50000000     0.49999967
   O    :     0.50000000     0.00000000     0.49999967
   O    :     0.50000000     0.50000000    -0.00000053
  Space group :  Pm-3m (#221)


 ================================================================
  Temperature = 2.50000000e+02 K    (   7 of   15)
 ================================================================

 SET_INIT_STR = 3:
 u0[5] <    5.000000e-03 is satisfied.
 the structure is back to the high-symmetry phase.
 set again initial displacement from input file.

 Initial atomic displacements [Bohr] : 
    u_{0,x}   u_{0,y}   u_{0,z} :  -2.868416e-19   1.805277e-18   1.131778e-04
    u_{1,x}   u_{1,y}   u_{1,z} :   5.002977e-19   9.722717e-19   1.882897e-02
    u_{2,x}   u_{2,y}   u_{2,z} :  -1.189560e-18   1.106559e-18  -1.429815e-02
    u_{3,x}   u_{3,y}   u_{3,z} :  -5.666344e-19   3.215828e-18  -1.429815e-02
    u_{4,x}   u_{4,y}   u_{4,z} :   1.361725e-18  -3.761488e-18  -2.870764e-02

 Start structural optimization at 2.500000e+02 K.

 ----------------------------------------------------------------
  Structure opt. step    1 of 1000    (T = 2.500000e+02 K)
 ----------------------------------------------------------------
 Temp = 2.500000e+02 : convergence achieved in    11 iterations.
  DIIS steps accepted: 8, fallbacks to simple mixing: 0

 Structure at this step :
  Lattice vectors [Bohr]:
   a1 :     7.53159676     0.00000000     0.00000000
   a2 :     0.00000000     7.53159676     0.00000000
   a3 :     0.00000000     0.00000000     7.53159676
  Atomic positions (fractional):
   Ba   :    -0.00000000     0.00000000     0.00001503
   Ti   :     0.50000000     0.50000000     0.50250000
   O    :    -0.00000000     0.50000000     0.49810158
   O    :     0.50000000     0.00000000     0.49810158
   O    :     0.50000000     0.50000000    -0.00381163
  Space group :  P4mm (#99)

 du0 =   5.200696e-03 [Bohr] du_tensor =   0.000000e+00
 |residual force| =   8.012377e-06

 ----------------------------------------------------------------
  Structure opt. step    2 of 1000    (T = 2.500000e+02 K)
 ----------------------------------------------------------------
 Temp = 2.500000e+02 : convergence achieved in     9 iterations.
  DIIS steps accepted: 6, fallbacks to simple mixing: 0

 Structure at this step :
  Lattice vectors [Bohr]:
   a1 :     7.53159676     0.00000000     0.00000000
   a2 :     0.00000000     7.53159676     0.00000000
   a3 :     0.00000000     0.00000000     7.53159676
  Atomic positions (fractional):
   Ba   :     0.00000000     0.00000000     0.00003306
   Ti   :     0.50000000     0.50000000     0.50224369
   O    :    -0.00000000     0.50000000     0.49808730
   O    :     0.50000000     0.00000000     0.49808730
   O    :     0.50000000     0.50000000    -0.00317101
  Space group :  P4mm (#99)

 du0 =   6.658629e-03 [Bohr] du_tensor =   0.000000e+00
 |residual force| =   1.522530e-06

 ----------------------------------------------------------------
  Structure opt. step    3 of 1000    (T = 2.500000e+02 K)
 ----------------------------------------------------------------
 Temp = 2.500000e+02 : convergence achieved in     9 iterations.
  DIIS steps accepted: 6, fallbacks to simple mixing: 0

 Structure at this step :
  Lattice vectors [Bohr]:
   a1 :     7.53159676     0.00000000     0.00000000
   a2 :     0.00000000     7.53159676     0.00000000
   a3 :     0.00000000     0.00000000     7.53159676
  Atomic positions (fractional):
   Ba   :     0.00000000    -0.00000000     0.00004169
   Ti   :     0.50000000     0.50000000     0.50181531
   O    :    -0.00000000     0.50000000     0.49835319
   O    :     0.50000000    -0.00000000     0.49835319
   O    :     0.50000000     0.50000000    -0.00249526
  Space group :  P4mm (#99)

 du0 =   3.479161e-02 [Bohr] du_tensor =   0.000000e+00
 |residual force| =   2.015422e-06

 ----------------------------------------------------------------
  Structure opt. step    4 of 1000    (T = 2.500000e+02 K)
 ----------------------------------------------------------------
 Temp = 2.500000e+02 : convergence achieved in     9 iterations.
  DIIS steps accepted: 6, fallbacks to simple mixing: 0

 Structure at this step :
  Lattice vectors [Bohr]:
   a1 :     7.53159676     0.00000000     0.00000000
   a2 :     0.00000000     7.53159676     0.00000000
   a3 :     0.00000000     0.00000000     7.53159676
  Atomic positions (fractional):
   Ba   :     0.00000000     0.00000000     0.00002343
   Ti   :     0.50000000     0.50000000     0.49958499
   O    :    -0.00000000     0.50000000     0.50026049
   O    :     0.50000000    -0.00000000     0.50026049
   O    :     0.50000000     0.50000000     0.00051951
  Space group :  P4mm (#99)

 du0 =   9.733423e-04 [Bohr] du_tensor =   0.000000e+00
 |residual force| =   9.216439e-07

 ----------------------------------------------------------------
  Structure opt. step    5 of 1000    (T = 2.500000e+02 K)
 ----------------------------------------------------------------
 Temp = 2.500000e+02 : convergence achieved in     8 iterations.
  DIIS steps accepted: 5, fallbacks to simple mixing: 0

 Structure at this step :
  Lattice vectors [Bohr]:
   a1 :     7.53159676     0.00000000     0.00000000
   a2 :     0.00000000     7.53159676     0.00000000
   a3 :     0.00000000     0.00000000     7.53159676
  Atomic positions (fractional):
   Ba   :     0.00000000     0.00000000     0.00000842
   Ti   :     0.50000000     0.50000000     0.49966903
   O    :    -0.00000000     0.50000000     0.50024674
   O    :     0.50000000    -0.00000000     0.50024674
   O    :     0.50000000     0.50000000     0.00042446
  Space group :  P4mm (#99)

 du0 =   5.328551e-03 [Bohr] du_tensor =   0.000000e+00
 |residual force| =   3.174846e-07

 ----------------------------------------------------------------
  Structure opt. step    6 of 1000    (T = 2.500000e+02 K)
 ----------------------------------------------------------------
 Temp = 2.500000e+02 : convergence achieved in     8 iterations.
  DIIS steps accepted: 5, fallbacks to simple mixing: 0

 Structure at this step :
  Lattice vectors [Bohr]:
   a1 :     7.53159676     0.00000000     0.00000000
   a2 :     0.00000000     7.53159676     0.00000000
   a3 :     0.00000000     0.00000000     7.53159676
  Atomic positions (fractional):
   Ba   :     0.00000000     0.00000000     0.00000139
   Ti   :     0.50000000     0.50000000     0.50002932
   O    :    -0.00000000     0.50000000     0.49997278
   O    :     0.50000000    -0.00000000     0.49997278
   O    :     0.50000000     0.50000000    -0.00004521
  Space group :  Pm-3m (#221)

 du0 =   4.786426e-04 [Bohr] du_tensor =   0.000000e+00
 |residual force| =   3.336691e-08

 ----------------------------------------------------------------
  Structure opt. step    7 of 1000    (T = 2.500000e+02 K)
 ----------------------------------------------------------------
 Temp = 2.500000e+02 : convergence achieved in     6 iterations.
  DIIS steps accepted: 3, fallbacks to simple mixing: 0

 Structure at this step :
  Lattice vectors [Bohr]:
   a1 :     7.53159676     0.00000000     0.00000000
   a2 :     0.00000000     7.53159676     0.00000000
   a3 :     0.00000000     0.00000000     7.53159676
  Atomic positions (fractional):
   Ba   :     0.00000000     0.00000000     0.00000053
   Ti   :     0.50000000     0.50000000     0.50000012
   O    :    -0.00000000     0.50000000     0.49999872
   O    :     0.50000000    -0.00000000     0.49999872
   O    :     0.50000000     0.50000000    -0.00000231
  Space group :  Pm-3m (#221)

 du0 =   8.269510e-06 [Bohr] du_tensor =   0.000000e+00
 |residual force| =   9.804607e-09


 du0 is smaller than COORD_CONV_TOL =    1.000000e-05
 Structural optimization converged in 7-th loop.
 break structural loop.


 Optimization history at 2.500000e+02 K :
 ------------------------------------------------------------
   step   SCP      du0 [Bohr]    du_tensor      |force|     space group
 ------------------------------------------------------------
      1   conv      5.201e-03    0.000e+00    8.012e-06    P4mm (#99)
      2   conv      6.659e-03    0.000e+00    1.523e-06    P4mm (#99)
      3   conv      3.479e-02    0.000e+00    2.015e-06    P4mm (#99)
      4   conv      9.733e-04    0.000e+00    9.216e-07    P4mm (#99)
      5   conv      5.329e-03    0.000e+00    3.175e-07    P4mm (#99)
      6   conv      4.786e-04    0.000e+00    3.337e-08    Pm-3m (#221)
      7   conv      8.270e-06    0.000e+00    9.805e-09    Pm-3m (#221)
 ------------------------------------------------------------
 ----------------------------------------------------------------
 Final atomic displacements [Bohr] at 2.500e+02 K
    u_{0,x}   u_{0,y}   u_{0,z} :   3.587393e-18   4.265152e-19   1.794728e-06
    u_{1,x}   u_{1,y}   u_{1,z} :   3.315442e-17  -1.215459e-20   3.090691e-06
    u_{2,x}   u_{2,y}   u_{2,z} :  -5.774373e-17  -2.310917e-18  -6.927250e-06
    u_{3,x}   u_{3,y}   u_{3,z} :  -3.547095e-17  -5.181889e-19  -6.927250e-06
    u_{4,x}   u_{4,y}   u_{4,z} :  -3.676987e-17  -7.892566e-19  -1.079685e-05


 Final structure at 2.500000e+02 K :
  Lattice vectors [Bohr]:
   a1 :     7.53159676     0.00000000     0.00000000
   a2 :     0.00000000     7.53159676     0.00000000
   a3 :     0.00000000     0.00000000     7.53159676
  Atomic positions (fractional):
   Ba   :     0.00000000     0.00000000     0.00000024
   Ti   :     0.50000000     0.50000000     0.50000041
   O    :    -0.00000000     0.50000000     0.49999908
   O    :     0.50000000    -0.00000000     0.49999908
   O    :     0.50000000     0.50000000    -0.00000143
  Space group :  Pm-3m (#221)


 ================================================================
  Temperature = 2.25000000e+02 K    (   8 of   15)
 ================================================================

 SET_INIT_STR = 3:
 u0[5] <    5.000000e-03 is satisfied.
 the structure is back to the high-symmetry phase.
 set again initial displacement from input file.

 Initial atomic displacements [Bohr] : 
    u_{0,x}   u_{0,y}   u_{0,z} :  -2.868416e-19   1.805277e-18   1.131778e-04
    u_{1,x}   u_{1,y}   u_{1,z} :   5.002977e-19   9.722717e-19   1.882897e-02
    u_{2,x}   u_{2,y}   u_{2,z} :  -1.189560e-18   1.106559e-18  -1.429815e-02
    u_{3,x}   u_{3,y}   u_{3,z} :  -5.666344e-19   3.215828e-18  -1.429815e-02
    u_{4,x}   u_{4,y}   u_{4,z} :   1.361725e-18  -3.761488e-18  -2.870764e-02

 Start structural optimization at 2.250000e+02 K.

 ----------------------------------------------------------------
  Structure opt. step    1 of 1000    (T = 2.250000e+02 K)
 ----------------------------------------------------------------
 Temp = 2.250000e+02 : convergence achieved in    12 iterations.
  DIIS steps accepted: 9, fallbacks to simple mixing: 0

 Structure at this step :
  Lattice vectors [Bohr]:
   a1 :     7.53159676     0.00000000     0.00000000
   a2 :     0.00000000     7.53159676     0.00000000
   a3 :     0.00000000     0.00000000     7.53159676
  Atomic positions (fractional):
   Ba   :    -0.00000000     0.00000000     0.00001503
   Ti   :     0.50000000     0.50000000     0.50250000
   O    :    -0.00000000     0.50000000     0.49810158
   O    :     0.50000000     0.00000000     0.49810158
   O    :     0.50000000     0.50000000    -0.00381163
  Space group :  P4mm (#99)

 du0 =   4.316061e-03 [Bohr] du_tensor =   0.000000e+00
 |residual force| =   7.857745e-06

 ----------------------------------------------------------------
  Structure opt. step    2 of 1000    (T = 2.250000e+02 K)
 ----------------------------------------------------------------
 Temp = 2.250000e+02 : convergence achieved in     8 iterations.
  DIIS steps accepted: 5, fallbacks to simple mixing: 0

 Structure at this step :
  Lattice vectors [Bohr]:
   a1 :     7.53159676     0.00000000     0.00000000
   a2 :     0.00000000     7.53159676     0.00000000
   a3 :     0.00000000     0.00000000     7.53159676
  Atomic positions (fractional):
   Ba   :     0.00000000     0.00000000     0.00003454
   Ti   :     0.50000000     0.50000000     0.50232170
   O    :    -0.00000000     0.50000000     0.49801880
   O    :     0.50000000     0.00000000     0.49801880
   O    :     0.50000000     0.50000000    -0.00328010
  Space group :  P4mm (#99)

 du0 =   4.442851e-03 [Bohr] du_tensor =   0.000000e+00
 |residual force| =   1.170332e-06

 ----------------------------------------------------------------
  Structure opt. step    3 of 1000    (T = 2.250000e+02 K)
 ----------------------------------------------------------------
 Temp = 2.250000e+02 : convergence achieved in     8 iterations.
  DIIS steps accepted: 5, fallbacks to simple mixing: 0

 Structure at this step :
  Lattice vectors [Bohr]:
   a1 :     7.53159676     0.00000000     0.00000000
   a2 :     0.00000000     7.53159676     0.00000000
   a3 :     0.00000000     0.00000000     7.53159676
  Atomic positions (fractional):
   Ba   :     0.00000000    -0.00000000     0.00004158
   Ti   :     0.50000000     0.50000000     0.50203303
   O    :    -0.00000000     0.50000000     0.49819566
   O    :     0.50000000     0.00000000     0.49819566
   O    :     0.50000000     0.50000000    -0.00283061
  Space group :  P4mm (#99)

 du0 =   1.771184e-02 [Bohr] du_tensor =   0.000000e+00
 |residual force| =   1.273283e-06

 ----------------------------------------------------------------
  Structure opt. step    4 of 1000    (T = 2.250000e+02 K)
 ----------------------------------------------------------------
 Temp = 2.250000e+02 : convergence achieved in     9 iterations.
  DIIS steps accepted: 6, fallbacks to simple mixing: 0

 Structure at this step :
  Lattice vectors [Bohr]:
   a1 :     7.53159676     0.00000000     0.00000000
   a2 :     0.00000000     7.53159676     0.00000000
   a3 :     0.00000000     0.00000000     7.53159676
  Atomic positions (fractional):
   Ba   :     0.00000000    -0.00000000     0.00005133
   Ti   :     0.50000000     0.50000000     0.50088139
   O    :    -0.00000000     0.50000000     0.49904648
   O    :     0.50000000    -0.00000000     0.49904648
   O    :     0.50000000     0.50000000    -0.00117043
  Space group :  P4mm (#99)

 du0 =   1.663834e-03 [Bohr] du_tensor =   0.000000e+00
 |residual force| =   3.767512e-06

 ----------------------------------------------------------------
  Structure opt. step    5 of 1000    (T = 2.250000e+02 K)
 ----------------------------------------------------------------
 Temp = 2.250000e+02 : convergence achieved in     8 iterations.
  DIIS steps accepted: 5, fallbacks to simple mixing: 0

 Structure at this step :
  Lattice vectors [Bohr]:
   a1 :     7.53159676     0.00000000     0.00000000
   a2 :     0.00000000     7.53159676     0.00000000
   a3 :     0.00000000     0.00000000     7.53159676
  Atomic positions (fractional):
   Ba   :     0.00000000    -0.00000000     0.00003992
   Ti   :     0.50000000     0.50000000     0.50079964
   O    :    -0.00000000     0.50000000     0.49918262
   O    :     0.50000000    -0.00000000     0.49918262
   O    :     0.50000000     0.50000000    -0.00110027
  Space group :  P4mm (#99)

 du0 =   1.748412e-02 [Bohr] du_tensor =   0.000000e+00
 |residual force| =   2.219950e-06

 ----------------------------------------------------------------
  Structure opt. step    6 of 1000    (T = 2.250000e+02 K)
 ----------------------------------------------------------------
 Temp = 2.250000e+02 : convergence achieved in     8 iterations.
  DIIS steps accepted: 5, fallbacks to simple mixing: 0

 Structure at this step :
  Lattice vectors [Bohr]:
   a1 :     7.53159676     0.00000000     0.00000000
   a2 :     0.00000000     7.53159676     0.00000000
   a3 :     0.00000000     0.00000000     7.53159676
  Atomic positions (fractional):
   Ba   :     0.00000000    -0.00000000     0.00000419
   Ti   :     0.50000000     0.50000000     0.49972734
   O    :    -0.00000000     0.50000000     0.50021283
   O    :     0.50000000     0.00000000     0.50021283
   O    :     0.50000000     0.50000000     0.00035414
  Space group :  P4mm (#99)

 du0 =   4.132913e-03 [Bohr] du_tensor =   0.000000e+00
 |residual force| =   1.777765e-07

 ----------------------------------------------------------------
  Structure opt. step    7 of 1000    (T = 2.250000e+02 K)
 ----------------------------------------------------------------
 Temp = 2.250000e+02 : convergence achieved in     8 iterations.
  DIIS steps accepted: 5, fallbacks to simple mixing: 0

 Structure at this step :
  Lattice vectors [Bohr]:
   a1 :     7.53159676     0.00000000     0.00000000
   a2 :     0.00000000     7.53159676     0.00000000
   a3 :     0.00000000     0.00000000     7.53159676
  Atomic positions (fractional):
   Ba   :     0.00000000    -0.00000000     0.00000409
   Ti   :     0.50000000     0.50000000     0.49999616
   O    :    -0.00000000     0.50000000     0.49999285
   O    :     0.50000000     0.00000000     0.49999285
   O    :     0.50000000     0.50000000    -0.00000928
  Space group :  Pm-3m (#221)

 du0 =   5.162758e-05 [Bohr] du_tensor =   0.000000e+00
 |residual force| =   4.847486e-08

 ----------------------------------------------------------------
  Structure opt. step    8 of 1000    (T = 2.250000e+02 K)
 ----------------------------------------------------------------
 Temp = 2.250000e+02 : convergence achieved in     4 iterations.
  DIIS steps accepted: 1, fallbacks to simple mixing: 0

 Structure at this step :
  Lattice vectors [Bohr]:
   a1 :     7.53159676     0.00000000     0.00000000
   a2 :     0.00000000     7.53159676     0.00000000
   a3 :     0.00000000     0.00000000     7.53159676
  Atomic positions (fractional):
   Ba   :     0.00000000     0.00000000     0.00000186
   Ti   :     0.50000000     0.50000000     0.49999927
   O    :    -0.00000000     0.50000000     0.49999587
   O    :     0.50000000     0.00000000     0.49999587
   O    :     0.50000000     0.50000000    -0.00000553
  Space group :  Pm-3m (#221)

 du0 =   6.227296e-05 [Bohr] du_tensor =   0.000000e+00
 |residual force| =   2.145610e-08

 ----------------------------------------------------------------
  Structure opt. step    9 of 1000    (T = 2.250000e+02 K)
 ----------------------------------------------------------------
 Temp = 2.250000e+02 : convergence achieved in     4 iterations.
  DIIS steps accepted: 1, fallbacks to simple mixing: 0

 Structure at this step :
  Lattice vectors [Bohr]:
   a1 :     7.53159676     0.00000000     0.00000000
   a2 :     0.00000000     7.53159676     0.00000000
   a3 :     0.00000000     0.00000000     7.53159676
  Atomic positions (fractional):
   Ba   :     0.00000000     0.00000000     0.00000000
   Ti   :     0.50000000     0.50000000     0.50000001
   O    :    -0.00000000     0.50000000     0.49999999
   O    :     0.50000000     0.00000000     0.49999999
   O    :     0.50000000     0.50000000    -0.00000001
  Space group :  Pm-3m (#221)

 du0 =   1.504360e-07 [Bohr] du_tensor =   0.000000e+00
 |residual force| =   2.458066e-11


 du0 is smaller than COORD_CONV_TOL =    1.000000e-05
 Structural optimization converged in 9-th loop.
 break structural loop.


 Optimization history at 2.250000e+02 K :
 ------------------------------------------------------------
   step   SCP      du0 [Bohr]    du_tensor      |force|     space group
 ------------------------------------------------------------
      1   conv      4.316e-03    0.000e+00    7.858e-06    P4mm (#99)
      2   conv      4.443e-03    0.000e+00    1.170e-06    P4mm (#99)
      3   conv      1.771e-02    0.000e+00    1.273e-06    P4mm (#99)
      4   conv      1.664e-03    0.000e+00    3.768e-06    P4mm (#99)
      5   conv      1.748e-02    0.000e+00    2.220e-06    P4mm (#99)
      6   conv      4.133e-03    0.000e+00    1.778e-07    P4mm (#99)
      7   conv      5.163e-05    0.000e+00    4.847e-08    Pm-3m (#221)
      8   conv      6.227e-05    0.000e+00    2.146e-08    Pm-3m (#221)
      9   conv      1.504e-07    0.000e+00    2.458e-11    Pm-3m (#221)
 ------------------------------------------------------------
 ----------------------------------------------------------------
 Final atomic displacements [Bohr] at 2.250e+02 K
    u_{0,x}   u_{0,y}   u_{0,z} :   3.561447e-18   3.174846e-19  -2.310749e-11
    u_{1,x}   u_{1,y}   u_{1,z} :   3.528859e-17  -2.361755e-18  -3.231433e-09
    u_{2,x}   u_{2,y}   u_{2,z} :  -6.051633e-17  -2.768848e-20   2.708358e-09
    u_{3,x}   u_{3,y}   u_{3,z} :  -3.733690e-17   2.467484e-18   2.708358e-09
    u_{4,x}   u_{4,y}   u_{4,z} :  -3.829197e-17   1.901047e-18   4.449422e-09


 Final structure at 2.250000e+02 K :
  Lattice vectors [Bohr]:
   a1 :     7.53159676     0.00000000     0.00000000
   a2 :     0.00000000     7.53159676     0.00000000
   a3 :     0.00000000     0.00000000     7.53159676
  Atomic positions (fractional):
   Ba   :     0.00000000     0.00000000    -0.00000000
   Ti   :     0.50000000     0.50000000     0.50000000
   O    :    -0.00000000     0.50000000     0.50000000
   O    :     0.50000000     0.00000000     0.50000000
   O    :     0.50000000     0.50000000     0.00000000
  Space group :  Pm-3m (#221)


 ================================================================
  Temperature = 2.00000000e+02 K    (   9 of   15)
 ================================================================

 SET_INIT_STR = 3:
 u0[5] <    5.000000e-03 is satisfied.
 the structure is back to the high-symmetry phase.
 set again initial displacement from input file.

 Initial atomic displacements [Bohr] : 
    u_{0,x}   u_{0,y}   u_{0,z} :  -2.868416e-19   1.805277e-18   1.131778e-04
    u_{1,x}   u_{1,y}   u_{1,z} :   5.002977e-19   9.722717e-19   1.882897e-02
    u_{2,x}   u_{2,y}   u_{2,z} :  -1.189560e-18   1.106559e-18  -1.429815e-02
    u_{3,x}   u_{3,y}   u_{3,z} :  -5.666344e-19   3.215828e-18  -1.429815e-02
    u_{4,x}   u_{4,y}   u_{4,z} :   1.361725e-18  -3.761488e-18  -2.870764e-02

 Start structural optimization at 2.000000e+02 K.

 ----------------------------------------------------------------
  Structure opt. step    1 of 1000    (T = 2.000000e+02 K)
 ----------------------------------------------------------------
 Temp = 2.000000e+02 : convergence achieved in    12 iterations.
  DIIS steps accepted: 9, fallbacks to simple mixing: 0

 Structure at this step :
  Lattice vectors [Bohr]:
   a1 :     7.53159676     0.00000000     0.00000000
   a2 :     0.00000000     7.53159676     0.00000000
   a3 :     0.00000000     0.00000000     7.53159676
  Atomic positions (fractional):
   Ba   :    -0.00000000     0.00000000     0.00001503
   Ti   :     0.50000000     0.50000000     0.50250000
   O    :    -0.00000000     0.50000000     0.49810158
   O    :     0.50000000     0.00000000     0.49810158
   O    :     0.50000000     0.50000000    -0.00381163
  Space group :  P4mm (#99)

 du0 =   3.565601e-03 [Bohr] du_tensor =   0.000000e+00
 |residual force| =   7.717672e-06

 ----------------------------------------------------------------
  Structure opt. step    2 of 1000    (T = 2.000000e+02 K)
 ----------------------------------------------------------------
 Temp = 2.000000e+02 : convergence achieved in     8 iterations.
  DIIS steps accepted: 5, fallbacks to simple mixing: 0

 Structure at this step :
  Lattice vectors [Bohr]:
   a1 :     7.53159676     0.00000000     0.00000000
   a2 :     0.00000000     7.53159676     0.00000000
   a3 :     0.00000000     0.00000000     7.53159676
  Atomic positions (fractional):
   Ba   :     0.00000000     0.00000000     0.00003620
   Ti   :     0.50000000     0.50000000     0.50241214
   O    :    -0.00000000     0.50000000     0.49793986
   O    :     0.50000000    -0.00000000     0.49793986
   O    :     0.50000000     0.50000000    -0.00340709
  Space group :  P4mm (#99)

 du0 =   2.499894e-03 [Bohr] du_tensor =   0.000000e+00
 |residual force| =   8.054873e-07

 ----------------------------------------------------------------
  Structure opt. step    3 of 1000    (T = 2.000000e+02 K)
 ----------------------------------------------------------------
 Temp = 2.000000e+02 : convergence achieved in     8 iterations.
  DIIS steps accepted: 5, fallbacks to simple mixing: 0

 Structure at this step :
  Lattice vectors [Bohr]:
   a1 :     7.53159676     0.00000000     0.00000000
   a2 :     0.00000000     7.53159676     0.00000000
   a3 :     0.00000000     0.00000000     7.53159676
  Atomic positions (fractional):
   Ba   :     0.00000000    -0.00000000     0.00004201
   Ti   :     0.50000000     0.50000000     0.50224555
   O    :    -0.00000000     0.50000000     0.49803884
   O    :     0.50000000     0.00000000     0.49803884
   O    :     0.50000000     0.50000000    -0.00315651
  Space group :  P4mm (#99)

 du0 =   2.802296e-03 [Bohr] du_tensor =   0.000000e+00
 |residual force| =   6.164965e-07

 ----------------------------------------------------------------
  Structure opt. step    4 of 1000    (T = 2.000000e+02 K)
 ----------------------------------------------------------------
 Temp = 2.000000e+02 : convergence achieved in     8 iterations.
  DIIS steps accepted: 5, fallbacks to simple mixing: 0

 Structure at this step :
  Lattice vectors [Bohr]:
   a1 :     7.53159676     0.00000000     0.00000000
   a2 :     0.00000000     7.53159676     0.00000000
   a3 :     0.00000000     0.00000000     7.53159676
  Atomic positions (fractional):
   Ba   :     0.00000000    -0.00000000     0.00006144
   Ti   :     0.50000000     0.50000000     0.50206341
   O    :    -0.00000000     0.50000000     0.49806725
   O    :     0.50000000     0.00000000     0.49806725
   O    :     0.50000000     0.50000000    -0.00283515
  Space group :  P4mm (#99)

 du0 =   2.480665e-03 [Bohr] du_tensor =   0.000000e+00
 |residual force| =   3.130283e-06

 ----------------------------------------------------------------
  Structure opt. step    5 of 1000    (T = 2.000000e+02 K)
 ----------------------------------------------------------------
 Temp = 2.000000e+02 : convergence achieved in     8 iterations.
  DIIS steps accepted: 5, fallbacks to simple mixing: 0

 Structure at this step :
  Lattice vectors [Bohr]:
   a1 :     7.53159676     0.00000000     0.00000000
   a2 :     0.00000000     7.53159676     0.00000000
   a3 :     0.00000000     0.00000000     7.53159676
  Atomic positions (fractional):
   Ba   :     0.00000000    -0.00000000     0.00004697
   Ti   :     0.50000000     0.50000000     0.50193767
   O    :    -0.00000000     0.50000000     0.49827279
   O    :     0.50000000     0.00000000     0.49827279
   O    :     0.50000000     0.50000000    -0.00274587
  Space group :  P4mm (#99)

 du0 =   4.111855e-03 [Bohr] du_tensor =   0.000000e+00
 |residual force| =   7.349925e-07

 ----------------------------------------------------------------
  Structure opt. step    6 of 1000    (T = 2.000000e+02 K)
 ----------------------------------------------------------------
 Temp = 2.000000e+02 : convergence achieved in     8 iterations.
  DIIS steps accepted: 5, fallbacks to simple mixing: 0

 Structure at this step :
  Lattice vectors [Bohr]:
   a1 :     7.53159676     0.00000000     0.00000000
   a2 :     0.00000000     7.53159676     0.00000000
   a3 :     0.00000000     0.00000000     7.53159676
  Atomic positions (fractional):
   Ba   :     0.00000000    -0.00000000     0.00003504
   Ti   :     0.50000000     0.50000000     0.50169233
   O    :    -0.00000000     0.50000000     0.49852415
   O    :     0.50000000    -0.00000000     0.49852415
   O    :     0.50000000     0.50000000    -0.00241217
  Space group :  P4mm (#99)

 du0 =   2.141577e-02 [Bohr] du_tensor =   0.000000e+00
 |residual force| =   5.808645e-07

 ----------------------------------------------------------------
  Structure opt. step    7 of 1000    (T = 2.000000e+02 K)
 ----------------------------------------------------------------
 Temp = 2.000000e+02 : convergence achieved in     9 iterations.
  DIIS steps accepted: 6, fallbacks to simple mixing: 0

 Structure at this step :
  Lattice vectors [Bohr]:
   a1 :     7.53159676     0.00000000     0.00000000
   a2 :     0.00000000     7.53159676     0.00000000
   a3 :     0.00000000     0.00000000     7.53159676
  Atomic positions (fractional):
   Ba   :     0.00000000    -0.00000000    -0.00000665
   Ti   :     0.50000000     0.50000000     0.50038268
   O    :    -0.00000000     0.50000000     0.49973603
   O    :     0.50000000    -0.00000000     0.49973603
   O    :     0.50000000     0.50000000    -0.00055986
  Space group :  P4mm (#99)

 du0 =   6.929392e-04 [Bohr] du_tensor =   0.000000e+00
 |residual force| =   1.356658e-06

 ----------------------------------------------------------------
  Structure opt. step    8 of 1000    (T = 2.000000e+02 K)
 ----------------------------------------------------------------
 Temp = 2.000000e+02 : convergence achieved in     8 iterations.
  DIIS steps accepted: 5, fallbacks to simple mixing: 0

 Structure at this step :
  Lattice vectors [Bohr]:
   a1 :     7.53159676     0.00000000     0.00000000
   a2 :     0.00000000     7.53159676     0.00000000
   a3 :     0.00000000     0.00000000     7.53159676
  Atomic positions (fractional):
   Ba   :     0.00000000    -0.00000000     0.00000007
   Ti   :     0.50000000     0.50000000     0.50033788
   O    :    -0.00000000     0.50000000     0.49973418
   O    :     0.50000000    -0.00000000     0.49973418
   O    :     0.50000000     0.50000000    -0.00047982
  Space group :  P4mm (#99)

 du0 =   1.019173e-03 [Bohr] du_tensor =   0.000000e+00
 |residual force| =   5.172820e-07

 ----------------------------------------------------------------
  Structure opt. step    9 of 1000    (T = 2.000000e+02 K)
 ----------------------------------------------------------------
 Temp = 2.000000e+02 : convergence achieved in     8 iterations.
  DIIS steps accepted: 5, fallbacks to simple mixing: 0

 Structure at this step :
  Lattice vectors [Bohr]:
   a1 :     7.53159676     0.00000000     0.00000000
   a2 :     0.00000000     7.53159676     0.00000000
   a3 :     0.00000000     0.00000000     7.53159676
  Atomic positions (fractional):
   Ba   :     0.00000000     0.00000000     0.00000491
   Ti   :     0.50000000     0.50000000     0.50026677
   O    :    -0.00000000     0.50000000     0.49976725
   O    :     0.50000000    -0.00000000     0.49976725
   O    :     0.50000000     0.50000000    -0.00037474
  Space group :  P4mm (#99)

 du0 =   3.875889e-03 [Bohr] du_tensor =   0.000000e+00
 |residual force| =   1.030697e-07

 ----------------------------------------------------------------
  Structure opt. step   10 of 1000    (T = 2.000000e+02 K)
 ----------------------------------------------------------------
 Temp = 2.000000e+02 : convergence achieved in     8 iterations.
  DIIS steps accepted: 5, fallbacks to simple mixing: 0

 Structure at this step :
  Lattice vectors [Bohr]:
   a1 :     7.53159676     0.00000000     0.00000000
   a2 :     0.00000000     7.53159676     0.00000000
   a3 :     0.00000000     0.00000000     7.53159676
  Atomic positions (fractional):
   Ba   :     0.00000000     0.00000000     0.00000399
   Ti   :     0.50000000     0.50000000     0.50001636
   O    :    -0.00000000     0.50000000     0.49997665
   O    :     0.50000000    -0.00000000     0.49997665
   O    :     0.50000000     0.50000000    -0.00003647
  Space group :  Pm-3m (#221)

 du0 =   7.024495e-05 [Bohr] du_tensor =   0.000000e+00
 |residual force| =   4.691842e-08

 ----------------------------------------------------------------
  Structure opt. step   11 of 1000    (T = 2.000000e+02 K)
 ----------------------------------------------------------------
 Temp = 2.000000e+02 : convergence achieved in     4 iterations.
  DIIS steps accepted: 1, fallbacks to simple mixing: 0

 Structure at this step :
  Lattice vectors [Bohr]:
   a1 :     7.53159676     0.00000000     0.00000000
   a2 :     0.00000000     7.53159676     0.00000000
   a3 :     0.00000000     0.00000000     7.53159676
  Atomic positions (fractional):
   Ba   :     0.00000000     0.00000000     0.00000192
   Ti   :     0.50000000     0.50000000     0.50001714
   O    :    -0.00000000     0.50000000     0.49998105
   O    :     0.50000000    -0.00000000     0.49998105
   O    :     0.50000000     0.50000000    -0.00002988
  Space group :  Pm-3m (#221)

 du0 =   8.350749e-05 [Bohr] du_tensor =   0.000000e+00
 |residual force| =   2.042548e-08

 ----------------------------------------------------------------
  Structure opt. step   12 of 1000    (T = 2.000000e+02 K)
 ----------------------------------------------------------------
 Temp = 2.000000e+02 : convergence achieved in     4 iterations.
  DIIS steps accepted: 1, fallbacks to simple mixing: 0

 Structure at this step :
  Lattice vectors [Bohr]:
   a1 :     7.53159676     0.00000000     0.00000000
   a2 :     0.00000000     7.53159676     0.00000000
   a3 :     0.00000000     0.00000000     7.53159676
  Atomic positions (fractional):
   Ba   :     0.00000000     0.00000000     0.00000026
   Ti   :     0.50000000     0.50000000     0.50001573
   O    :    -0.00000000     0.50000000     0.49998637
   O    :     0.50000000    -0.00000000     0.49998637
   O    :     0.50000000     0.50000000    -0.00002203
  Space group :  Pm-3m (#221)

 du0 =   2.189564e-04 [Bohr] du_tensor =   0.000000e+00
 |residual force| =   6.064721e-09

 ----------------------------------------------------------------
  Structure opt. step   13 of 1000    (T = 2.000000e+02 K)
 ----------------------------------------------------------------
 Temp = 2.000000e+02 : convergence achieved in     4 iterations.
  DIIS steps accepted: 1, fallbacks to simple mixing: 0

 Structure at this step :
  Lattice vectors [Bohr]:
   a1 :     7.53159676     0.00000000     0.00000000
   a2 :     0.00000000     7.53159676     0.00000000
   a3 :     0.00000000     0.00000000     7.53159676
  Atomic positions (fractional):
   Ba   :     0.00000000    -0.00000000     0.00000002
   Ti   :     0.50000000     0.50000000     0.50000200
   O    :    -0.00000000     0.50000000     0.49999833
   O    :     0.50000000     0.00000000     0.49999833
   O    :     0.50000000     0.50000000    -0.00000278
  Space group :  Pm-3m (#221)

 du0 =   3.126469e-05 [Bohr] du_tensor =   0.000000e+00
 |residual force| =   1.042875e-09

 ----------------------------------------------------------------
  Structure opt. step   14 of 1000    (T = 2.000000e+02 K)
 ----------------------------------------------------------------
 Temp = 2.000000e+02 : convergence achieved in     4 iterations.
  DIIS steps accepted: 1, fallbacks to simple mixing: 0

 Structure at this step :
  Lattice vectors [Bohr]:
   a1 :     7.53159676     0.00000000     0.00000000
   a2 :     0.00000000     7.53159676     0.00000000
   a3 :     0.00000000     0.00000000     7.53159676
  Atomic positions (fractional):
   Ba   :     0.00000000    -0.00000000    -0.00000000
   Ti   :     0.50000000     0.50000000     0.50000001
   O    :    -0.00000000     0.50000000     0.50000000
   O    :     0.50000000     0.00000000     0.50000000
   O    :     0.50000000     0.50000000    -0.00000001
  Space group :  Pm-3m (#221)

 du0 =   1.396709e-08 [Bohr] du_tensor =   0.000000e+00
 |residual force| =   2.458931e-11


 du0 is smaller than COORD_CONV_TOL =    1.000000e-05
 Structural optimization converged in 14-th loop.
 break structural loop.


 Optimization history at 2.000000e+02 K :
 ------------------------------------------------------------
   step   SCP      du0 [Bohr]    du_tensor      |force|     space group
 ------------------------------------------------------------
      1   conv      3.566e-03    0.000e+00    7.718e-06    P4mm (#99)
      2   conv      2.500e-03    0.000e+00    8.055e-07    P4mm (#99)
      3   conv      2.802e-03    0.000e+00    6.165e-07    P4mm (#99)
      4   conv      2.481e-03    0.000e+00    3.130e-06    P4mm (#99)
      5   conv      4.112e-03    0.000e+00    7.350e-07    P4mm (#99)
      6   conv      2.142e-02    0.000e+00    5.809e-07    P4mm (#99)
      7   conv      6.929e-04    0.000e+00    1.357e-06    P4mm (#99)
      8   conv      1.019e-03    0.000e+00    5.173e-07    P4mm (#99)
      9   conv      3.876e-03    0.000e+00    1.031e-07    P4mm (#99)
     10   conv      7.024e-05    0.000e+00    4.692e-08    Pm-3m (#221)
     11   conv      8.351e-05    0.000e+00    2.043e-08    Pm-3m (#221)
     12   conv      2.190e-04    0.000e+00    6.065e-09    Pm-3m (#221)
     13   conv      3.126e-05    0.000e+00    1.043e-09    Pm-3m (#221)
     14   conv      1.397e-08    0.000e+00    2.459e-11    Pm-3m (#221)
 ------------------------------------------------------------
 ----------------------------------------------------------------
 Final atomic displacements [Bohr] at 2.000e+02 K
    u_{0,x}   u_{0,y}   u_{0,z} :   3.489174e-18   9.122050e-20   4.988658e-11
    u_{1,x}   u_{1,y}   u_{1,z} :   3.343565e-17  -9.234615e-18   3.877592e-08
    u_{2,x}   u_{2,y}   u_{2,z} :  -5.807999e-17   6.763172e-18  -3.189764e-08
    u_{3,x}   u_{3,y}   u_{3,z} :  -3.520946e-17   1.210142e-17  -3.189764e-08
    u_{4,x}   u_{4,y}   u_{4,z} :  -3.669180e-17   7.980591e-18  -5.264271e-08


 Final structure at 2.000000e+02 K :
  Lattice vectors [Bohr]:
   a1 :     7.53159676     0.00000000     0.00000000
   a2 :     0.00000000     7.53159676     0.00000000
   a3 :     0.00000000     0.00000000     7.53159676
  Atomic positions (fractional):
   Ba   :     0.00000000     0.00000000     0.00000000
   Ti   :     0.50000000     0.50000000     0.50000001
   O    :    -0.00000000     0.50000000     0.50000000
   O    :     0.50000000     0.00000000     0.50000000
   O    :     0.50000000     0.50000000    -0.00000001
  Space group :  Pm-3m (#221)


 ================================================================
  Temperature = 1.75000000e+02 K    (  10 of   15)
 ================================================================

 SET_INIT_STR = 3:
 u0[5] <    5.000000e-03 is satisfied.
 the structure is back to the high-symmetry phase.
 set again initial displacement from input file.

 Initial atomic displacements [Bohr] : 
    u_{0,x}   u_{0,y}   u_{0,z} :  -2.868416e-19   1.805277e-18   1.131778e-04
    u_{1,x}   u_{1,y}   u_{1,z} :   5.002977e-19   9.722717e-19   1.882897e-02
    u_{2,x}   u_{2,y}   u_{2,z} :  -1.189560e-18   1.106559e-18  -1.429815e-02
    u_{3,x}   u_{3,y}   u_{3,z} :  -5.666344e-19   3.215828e-18  -1.429815e-02
    u_{4,x}   u_{4,y}   u_{4,z} :   1.361725e-18  -3.761488e-18  -2.870764e-02

 Start structural optimization at 1.750000e+02 K.

 ----------------------------------------------------------------
  Structure opt. step    1 of 1000    (T = 1.750000e+02 K)
 ----------------------------------------------------------------
 Temp = 1.750000e+02 : convergence achieved in    15 iterations.
  DIIS steps accepted: 12, fallbacks to simple mixing: 0

 Structure at this step :
  Lattice vectors [Bohr]:
   a1 :     7.53159676     0.00000000     0.00000000
   a2 :     0.00000000     7.53159676     0.00000000
   a3 :     0.00000000     0.00000000     7.53159676
  Atomic positions (fractional):
   Ba   :    -0.00000000     0.00000000     0.00001503
   Ti   :     0.50000000     0.50000000     0.50250000
   O    :    -0.00000000     0.50000000     0.49810158
   O    :     0.50000000     0.00000000     0.49810158
   O    :     0.50000000     0.50000000    -0.00381163
  Space group :  P4mm (#99)

 du0 =   3.323578e-03 [Bohr] du_tensor =   0.000000e+00
 |residual force| =   7.591154e-06

 ----------------------------------------------------------------
  Structure opt. step    2 of 1000    (T = 1.750000e+02 K)
 ----------------------------------------------------------------
 Temp = 1.750000e+02 : convergence achieved in     7 iterations.
  DIIS steps accepted: 4, fallbacks to simple mixing: 0

 Structure at this step :
  Lattice vectors [Bohr]:
   a1 :     7.53159676     0.00000000     0.00000000
   a2 :     0.00000000     7.53159676     0.00000000
   a3 :     0.00000000     0.00000000     7.53159676
  Atomic positions (fractional):
   Ba   :     0.00000000     0.00000000     0.00003810
   Ti   :     0.50000000     0.50000000     0.50251863
   O    :    -0.00000000     0.50000000     0.49784748
   O    :     0.50000000     0.00000000     0.49784748
   O    :     0.50000000     0.50000000    -0.00355722
  Space group :  P4mm (#99)

 du0 =   4.822794e-04 [Bohr] du_tensor =   0.000000e+00
 |residual force| =   4.819741e-07

 ----------------------------------------------------------------
  Structure opt. step    3 of 1000    (T = 1.750000e+02 K)
 ----------------------------------------------------------------
 Temp = 1.750000e+02 : convergence achieved in     8 iterations.
  DIIS steps accepted: 5, fallbacks to simple mixing: 0

 Structure at this step :
  Lattice vectors [Bohr]:
   a1 :     7.53159676     0.00000000     0.00000000
   a2 :     0.00000000     7.53159676     0.00000000
   a3 :     0.00000000     0.00000000     7.53159676
  Atomic positions (fractional):
   Ba   :     0.00000000     0.00000000     0.00004446
   Ti   :     0.50000000     0.50000000     0.50248154
   O    :    -0.00000000     0.50000000     0.49784983
   O    :     0.50000000     0.00000000     0.49784983
   O    :     0.50000000     0.50000000    -0.00350552
  Space group :  P4mm (#99)

 du0 =   2.158550e-04 [Bohr] du_tensor =   0.000000e+00
 |residual force| =   1.193753e-07

 ----------------------------------------------------------------
  Structure opt. step    4 of 1000    (T = 1.750000e+02 K)
 ----------------------------------------------------------------
 Temp = 1.750000e+02 : convergence achieved in     8 iterations.
  DIIS steps accepted: 5, fallbacks to simple mixing: 0

 Structure at this step :
  Lattice vectors [Bohr]:
   a1 :     7.53159676     0.00000000     0.00000000
   a2 :     0.00000000     7.53159676     0.00000000
   a3 :     0.00000000     0.00000000     7.53159676
  Atomic positions (fractional):
   Ba   :     0.00000000    -0.00000000     0.00004816
   Ti   :     0.50000000     0.50000000     0.50246603
   O    :    -0.00000000     0.50000000     0.49784562
   O    :     0.50000000     0.00000000     0.49784562
   O    :     0.50000000     0.50000000    -0.00348246
  Space group :  P4mm (#99)

 du0 =   5.918532e-04 [Bohr] du_tensor =   0.000000e+00
 |residual force| =   3.037503e-07

 ----------------------------------------------------------------
  Structure opt. step    5 of 1000    (T = 1.750000e+02 K)
 ----------------------------------------------------------------
 Temp = 1.750000e+02 : convergence achieved in     8 iterations.
  DIIS steps accepted: 5, fallbacks to simple mixing: 0

 Structure at this step :
  Lattice vectors [Bohr]:
   a1 :     7.53159676     0.00000000     0.00000000
   a2 :     0.00000000     7.53159676     0.00000000
   a3 :     0.00000000     0.00000000     7.53159676
  Atomic positions (fractional):
   Ba   :     0.00000000    -0.00000000     0.00004874
   Ti   :     0.50000000     0.50000000     0.50242573
   O    :    -0.00000000     0.50000000     0.49788013
   O    :     0.50000000     0.00000000     0.49788013
   O    :     0.50000000     0.50000000    -0.00343589
  Space group :  P4mm (#99)

 du0 =   1.708292e-03 [Bohr] du_tensor =   0.000000e+00
 |residual force| =   2.041569e-07

 ----------------------------------------------------------------
  Structure opt. step    6 of 1000    (T = 1.750000e+02 K)
 ----------------------------------------------------------------
 Temp = 1.750000e+02 : convergence achieved in     8 iterations.
  DIIS steps accepted: 5, fallbacks to simple mixing: 0

 Structure at this step :
  Lattice vectors [Bohr]:
   a1 :     7.53159676     0.00000000     0.00000000
   a2 :     0.00000000     7.53159676     0.00000000
   a3 :     0.00000000     0.00000000     7.53159676
  Atomic positions (fractional):
   Ba   :     0.00000000    -0.00000000     0.00004738
   Ti   :     0.50000000     0.50000000     0.50231580
   O    :    -0.00000000     0.50000000     0.49798280
   O    :     0.50000000     0.00000000     0.49798280
   O    :     0.50000000     0.50000000    -0.00330070
  Space group :  P4mm (#99)

 du0 =   2.280172e-03 [Bohr] du_tensor =   0.000000e+00
 |residual force| =   2.780629e-07

 ----------------------------------------------------------------
  Structure opt. step    7 of 1000    (T = 1.750000e+02 K)
 ----------------------------------------------------------------
 Temp = 1.750000e+02 : convergence achieved in     8 iterations.
  DIIS steps accepted: 5, fallbacks to simple mixing: 0

 Structure at this step :
  Lattice vectors [Bohr]:
   a1 :     7.53159676     0.00000000     0.00000000
   a2 :     0.00000000     7.53159676     0.00000000
   a3 :     0.00000000     0.00000000     7.53159676
  Atomic positions (fractional):
   Ba   :     0.00000000     0.00000000     0.00004788
   Ti   :     0.50000000     0.50000000     0.50216424
   O    :    -0.00000000     0.50000000     0.49811709
   O    :     0.50000000     0.00000000     0.49811709
   O    :     0.50000000     0.50000000    -0.00312009
  Space group :  P4mm (#99)

 du0 =   6.452008e-04 [Bohr] du_tensor =   0.000000e+00
 |residual force| =   7.260857e-07

 ----------------------------------------------------------------
  Structure opt. step    8 of 1000    (T = 1.750000e+02 K)
 ----------------------------------------------------------------
 Temp = 1.750000e+02 : convergence achieved in     8 iterations.
  DIIS steps accepted: 5, fallbacks to simple mixing: 0

 Structure at this step :
  Lattice vectors [Bohr]:
   a1 :     7.53159676     0.00000000     0.00000000
   a2 :     0.00000000     7.53159676     0.00000000
   a3 :     0.00000000     0.00000000     7.53159676
  Atomic positions (fractional):
   Ba   :     0.00000000     0.00000000     0.00004609
   Ti   :     0.50000000     0.50000000     0.50212553
   O    :     0.00000000     0.50000000     0.49815658
   O    :     0.50000000    -0.00000000     0.49815658
   O    :     0.50000000     0.50000000    -0.00306796
  Space group :  P4mm (#99)

 du0 =   1.586739e-03 [Bohr] du_tensor =   0.000000e+00
 |residual force| =   8.504525e-07

 ----------------------------------------------------------------
  Structure opt. step    9 of 1000    (T = 1.750000e+02 K)
 ----------------------------------------------------------------
 Temp = 1.750000e+02 : convergence achieved in     8 iterations.
  DIIS steps accepted: 5, fallbacks to simple mixing: 0

 Structure at this step :
  Lattice vectors [Bohr]:
   a1 :     7.53159676     0.00000000     0.00000000
   a2 :     0.00000000     7.53159676     0.00000000
   a3 :     0.00000000     0.00000000     7.53159676
  Atomic positions (fractional):
   Ba   :    -0.00000000    -0.00000000     0.00004478
   Ti   :     0.50000000     0.50000000     0.50202390
   O    :     0.00000000     0.50000000     0.49824937
   O    :     0.50000000    -0.00000000     0.49824937
   O    :     0.50000000     0.50000000    -0.00293822
  Space group :  P4mm (#99)

 du0 =   6.486258e-04 [Bohr] du_tensor =   0.000000e+00
 |residual force| =   1.099960e-06

 ----------------------------------------------------------------
  Structure opt. step   10 of 1000    (T = 1.750000e+02 K)
 ----------------------------------------------------------------
 Temp = 1.750000e+02 : convergence achieved in     8 iterations.
  DIIS steps accepted: 5, fallbacks to simple mixing: 0

 Structure at this step :
  Lattice vectors [Bohr]:
   a1 :     7.53159676     0.00000000     0.00000000
   a2 :     0.00000000     7.53159676     0.00000000
   a3 :     0.00000000     0.00000000     7.53159676
  Atomic positions (fractional):
   Ba   :    -0.00000000    -0.00000000     0.00004452
   Ti   :     0.50000000     0.50000000     0.50198194
   O    :     0.00000000     0.50000000     0.49828602
   O    :     0.50000000    -0.00000000     0.49828602
   O    :     0.50000000     0.50000000    -0.00288372
  Space group :  P4mm (#99)

 du0 =   6.539934e-04 [Bohr] du_tensor =   0.000000e+00
 |residual force| =   1.166461e-06

 ----------------------------------------------------------------
  Structure opt. step   11 of 1000    (T = 1.750000e+02 K)
 ----------------------------------------------------------------
 Temp = 1.750000e+02 : convergence achieved in     8 iterations.
  DIIS steps accepted: 5, fallbacks to simple mixing: 0

 Structure at this step :
  Lattice vectors [Bohr]:
   a1 :     7.53159676     0.00000000     0.00000000
   a2 :     0.00000000     7.53159676     0.00000000
   a3 :     0.00000000     0.00000000     7.53159676
  Atomic positions (fractional):
   Ba   :    -0.00000000    -0.00000000     0.00004414
   Ti   :     0.50000000     0.50000000     0.50193988
   O    :     0.00000000     0.50000000     0.49832300
   O    :     0.50000000    -0.00000000     0.49832300
   O    :     0.50000000     0.50000000    -0.00282862
  Space group :  P4mm (#99)

 du0 =   6.571258e-04 [Bohr] du_tensor =   0.000000e+00
 |residual force| =   1.230708e-06

 ----------------------------------------------------------------
  Structure opt. step   12 of 1000    (T = 1.750000e+02 K)
 ----------------------------------------------------------------
 Temp = 1.750000e+02 : convergence achieved in     8 iterations.
  DIIS steps accepted: 5, fallbacks to simple mixing: 0

 Structure at this step :
  Lattice vectors [Bohr]:
   a1 :     7.53159676     0.00000000     0.00000000
   a2 :     0.00000000     7.53159676     0.00000000
   a3 :     0.00000000     0.00000000     7.53159676
  Atomic positions (fractional):
   Ba   :    -0.00000000    -0.00000000     0.00004374
   Ti   :     0.50000000     0.50000000     0.50189768
   O    :     0.00000000     0.50000000     0.49836010
   O    :     0.50000000    -0.00000000     0.49836010
   O    :     0.50000000     0.50000000    -0.00277313
  Space group :  P4mm (#99)

 du0 =   6.586889e-04 [Bohr] du_tensor =   0.000000e+00
 |residual force| =   1.292240e-06

 ----------------------------------------------------------------
  Structure opt. step   13 of 1000    (T = 1.750000e+02 K)
 ----------------------------------------------------------------
 Temp = 1.750000e+02 : convergence achieved in     8 iterations.
  DIIS steps accepted: 5, fallbacks to simple mixing: 0

 Structure at this step :
  Lattice vectors [Bohr]:
   a1 :     7.53159676     0.00000000     0.00000000
   a2 :     0.00000000     7.53159676     0.00000000
   a3 :     0.00000000     0.00000000     7.53159676
  Atomic positions (fractional):
   Ba   :    -0.00000000    -0.00000000     0.00004332
   Ti   :     0.50000000     0.50000000     0.50185545
   O    :     0.00000000     0.50000000     0.49839722
   O    :     0.50000000    -0.00000000     0.49839722
   O    :     0.50000000     0.50000000    -0.00271738
  Space group :  P4mm (#99)

 du0 =   6.587256e-04 [Bohr] du_tensor =   0.000000e+00
 |residual force| =   1.350887e-06

 ----------------------------------------------------------------
  Structure opt. step   14 of 1000    (T = 1.750000e+02 K)
 ----------------------------------------------------------------
 Temp = 1.750000e+02 : convergence achieved in     8 iterations.
  DIIS steps accepted: 5, fallbacks to simple mixing: 0

 Structure at this step :
  Lattice vectors [Bohr]:
   a1 :     7.53159676     0.00000000     0.00000000
   a2 :     0.00000000     7.53159676     0.00000000
   a3 :     0.00000000     0.00000000     7.53159676
  Atomic positions (fractional):
   Ba   :    -0.00000000     0.00000000     0.00004287
   Ti   :     0.50000000     0.50000000     0.50181326
   O    :     0.00000000     0.50000000     0.49843428
   O    :     0.50000000    -0.00000000     0.49843428
   O    :     0.50000000     0.50000000    -0.00266149
  Space group :  P4mm (#99)

 du0 =   6.572596e-04 [Bohr] du_tensor =   0.000000e+00
 |residual force| =   1.406507e-06

 ----------------------------------------------------------------
  Structure opt. step   15 of 1000    (T = 1.750000e+02 K)
 ----------------------------------------------------------------
 Temp = 1.750000e+02 : convergence achieved in     8 iterations.
  DIIS steps accepted: 5, fallbacks to simple mixing: 0

 Structure at this step :
  Lattice vectors [Bohr]:
   a1 :     7.53159676     0.00000000     0.00000000
   a2 :     0.00000000     7.53159676     0.00000000
   a3 :     0.00000000     0.00000000     7.53159676
  Atomic positions (fractional):
   Ba   :    -0.00000000     0.00000000     0.00004241
   Ti   :     0.50000000     0.50000000     0.50177123
   O    :     0.00000000     0.50000000     0.49847120
   O    :     0.50000000    -0.00000000     0.49847120
   O    :     0.50000000     0.50000000    -0.00260561
  Space group :  P4mm (#99)

 du0 =   6.543322e-04 [Bohr] du_tensor =   0.000000e+00
 |residual force| =   1.458974e-06

 ----------------------------------------------------------------
  Structure opt. step   16 of 1000    (T = 1.750000e+02 K)
 ----------------------------------------------------------------
 Temp = 1.750000e+02 : convergence achieved in     8 iterations.
  DIIS steps accepted: 5, fallbacks to simple mixing: 0

 Structure at this step :
  Lattice vectors [Bohr]:
   a1 :     7.53159676     0.00000000     0.00000000
   a2 :     0.00000000     7.53159676     0.00000000
   a3 :     0.00000000     0.00000000     7.53159676
  Atomic positions (fractional):
   Ba   :    -0.00000000     0.00000000     0.00004193
   Ti   :     0.50000000     0.50000000     0.50172944
   O    :     0.00000000     0.50000000     0.49850788
   O    :     0.50000000    -0.00000000     0.49850788
   O    :     0.50000000     0.50000000    -0.00254985
  Space group :  P4mm (#99)

 du0 =   6.500037e-04 [Bohr] du_tensor =   0.000000e+00
 |residual force| =   1.508179e-06

 ----------------------------------------------------------------
  Structure opt. step   17 of 1000    (T = 1.750000e+02 K)
 ----------------------------------------------------------------
 Temp = 1.750000e+02 : convergence achieved in     8 iterations.
  DIIS steps accepted: 5, fallbacks to simple mixing: 0

 Structure at this step :
  Lattice vectors [Bohr]:
   a1 :     7.53159676     0.00000000     0.00000000
   a2 :     0.00000000     7.53159676     0.00000000
   a3 :     0.00000000     0.00000000     7.53159676
  Atomic positions (fractional):
   Ba   :    -0.00000000     0.00000000     0.00004144
   Ti   :     0.50000000     0.50000000     0.50168799
   O    :     0.00000000     0.50000000     0.49854426
   O    :     0.50000000    -0.00000000     0.49854426
   O    :     0.50000000     0.50000000    -0.00249433
  Space group :  P4mm (#99)

 du0 =   6.443504e-04 [Bohr] du_tensor =   0.000000e+00
 |residual force| =   1.554030e-06

 ----------------------------------------------------------------
  Structure opt. step   18 of 1000    (T = 1.750000e+02 K)
 ----------------------------------------------------------------
 Temp = 1.750000e+02 : convergence achieved in     8 iterations.
  DIIS steps accepted: 5, fallbacks to simple mixing: 0

 Structure at this step :
  Lattice vectors [Bohr]:
   a1 :     7.53159676     0.00000000     0.00000000
   a2 :     0.00000000     7.53159676     0.00000000
   a3 :     0.00000000     0.00000000     7.53159676
  Atomic positions (fractional):
   Ba   :    -0.00000000     0.00000000     0.00004093
   Ti   :     0.50000000     0.50000000     0.50164695
   O    :     0.00000000     0.50000000     0.49858026
   O    :     0.50000000    -0.00000000     0.49858026
   O    :     0.50000000     0.50000000    -0.00243916
  Space group :  P4mm (#99)

 du0 =   6.374629e-04 [Bohr] du_tensor =   0.000000e+00
 |residual force| =   1.596458e-06

 ----------------------------------------------------------------
  Structure opt. step   19 of 1000    (T = 1.750000e+02 K)
 ----------------------------------------------------------------
 Temp = 1.750000e+02 : convergence achieved in     8 iterations.
  DIIS steps accepted: 5, fallbacks to simple mixing: 0

 Structure at this step :
  Lattice vectors [Bohr]:
   a1 :     7.53159676     0.00000000     0.00000000
   a2 :     0.00000000     7.53159676     0.00000000
   a3 :     0.00000000     0.00000000     7.53159676
  Atomic positions (fractional):
   Ba   :    -0.00000000     0.00000000     0.00004040
   Ti   :     0.50000000     0.50000000     0.50160641
   O    :     0.00000000     0.50000000     0.49861581
   O    :     0.50000000    -0.00000000     0.49861581
   O    :     0.50000000     0.50000000    -0.00238446
  Space group :  P4mm (#99)

 du0 =   6.294426e-04 [Bohr] du_tensor =   0.000000e+00
 |residual force| =   1.635413e-06

 ----------------------------------------------------------------
  Structure opt. step   20 of 1000    (T = 1.750000e+02 K)
 ----------------------------------------------------------------
 Temp = 1.750000e+02 : convergence achieved in     8 iterations.
  DIIS steps accepted: 5, fallbacks to simple mixing: 0

 Structure at this step :
  Lattice vectors [Bohr]:
   a1 :     7.53159676     0.00000000     0.00000000
   a2 :     0.00000000     7.53159676     0.00000000
   a3 :     0.00000000     0.00000000     7.53159676
  Atomic positions (fractional):
   Ba   :    -0.00000000     0.00000000     0.00003987
   Ti   :     0.50000000     0.50000000     0.50156643
   O    :     0.00000000     0.50000000     0.49865085
   O    :     0.50000000    -0.00000000     0.49865085
   O    :     0.50000000     0.50000000    -0.00233032
  Space group :  P4mm (#99)

 du0 =   1.196699e-03 [Bohr] du_tensor =   0.000000e+00
 |residual force| =   1.670869e-06

 ----------------------------------------------------------------
  Structure opt. step   21 of 1000    (T = 1.750000e+02 K)
 ----------------------------------------------------------------
 Temp = 1.750000e+02 : convergence achieved in     8 iterations.
  DIIS steps accepted: 5, fallbacks to simple mixing: 0

 Structure at this step :
  Lattice vectors [Bohr]:
   a1 :     7.53159676     0.00000000     0.00000000
   a2 :     0.00000000     7.53159676     0.00000000
   a3 :     0.00000000     0.00000000     7.53159676
  Atomic positions (fractional):
   Ba   :    -0.00000000     0.00000000     0.00003036
   Ti   :     0.50000000     0.50000000     0.50151439
   O    :     0.00000000     0.50000000     0.49870520
   O    :     0.50000000    -0.00000000     0.49870520
   O    :     0.50000000     0.50000000    -0.00220171
  Space group :  P4mm (#99)

 du0 =   2.588728e-03 [Bohr] du_tensor =   0.000000e+00
 |residual force| =   1.149420e-06

 ----------------------------------------------------------------
  Structure opt. step   22 of 1000    (T = 1.750000e+02 K)
 ----------------------------------------------------------------
 Temp = 1.750000e+02 : convergence achieved in     8 iterations.
  DIIS steps accepted: 5, fallbacks to simple mixing: 0

 Structure at this step :
  Lattice vectors [Bohr]:
   a1 :     7.53159676     0.00000000     0.00000000
   a2 :     0.00000000     7.53159676     0.00000000
   a3 :     0.00000000     0.00000000     7.53159676
  Atomic positions (fractional):
   Ba   :     0.00000000     0.00000000     0.00002706
   Ti   :     0.50000000     0.50000000     0.50136416
   O    :     0.00000000     0.50000000     0.49880748
   O    :     0.50000000    -0.00000000     0.49880748
   O    :     0.50000000     0.50000000    -0.00192852
  Space group :  P4mm (#99)

 du0 =   1.036630e-03 [Bohr] du_tensor =   0.000000e+00
 |residual force| =   2.417871e-07

 ----------------------------------------------------------------
  Structure opt. step   23 of 1000    (T = 1.750000e+02 K)
 ----------------------------------------------------------------
 Temp = 1.750000e+02 : convergence achieved in     8 iterations.
  DIIS steps accepted: 5, fallbacks to simple mixing: 0

 Structure at this step :
  Lattice vectors [Bohr]:
   a1 :     7.53159676     0.00000000     0.00000000
   a2 :     0.00000000     7.53159676     0.00000000
   a3 :     0.00000000     0.00000000     7.53159676
  Atomic positions (fractional):
   Ba   :     0.00000000     0.00000000     0.00002485
   Ti   :     0.50000000     0.50000000     0.50130113
   O    :     0.00000000     0.50000000     0.49886662
   O    :     0.50000000    -0.00000000     0.49886662
   O    :     0.50000000     0.50000000    -0.00183924
  Space group :  P4mm (#99)

 du0 =   1.190908e-03 [Bohr] du_tensor =   0.000000e+00
 |residual force| =   2.317015e-07

 ----------------------------------------------------------------
  Structure opt. step   24 of 1000    (T = 1.750000e+02 K)
 ----------------------------------------------------------------
 Temp = 1.750000e+02 : convergence achieved in     8 iterations.
  DIIS steps accepted: 5, fallbacks to simple mixing: 0

 Structure at this step :
  Lattice vectors [Bohr]:
   a1 :     7.53159676     0.00000000     0.00000000
   a2 :     0.00000000     7.53159676     0.00000000
   a3 :     0.00000000     0.00000000     7.53159676
  Atomic positions (fractional):
   Ba   :     0.00000000     0.00000000     0.00002401
   Ti   :     0.50000000     0.50000000     0.50122681
   O    :     0.00000000     0.50000000     0.49892528
   O    :     0.50000000    -0.00000000     0.49892528
   O    :     0.50000000     0.50000000    -0.00172700
  Space group :  P4mm (#99)

 du0 =   5.627802e-03 [Bohr] du_tensor =   0.000000e+00
 |residual force| =   2.803770e-07

 ----------------------------------------------------------------
  Structure opt. step   25 of 1000    (T = 1.750000e+02 K)
 ----------------------------------------------------------------
 Temp = 1.750000e+02 : convergence achieved in     8 iterations.
  DIIS steps accepted: 5, fallbacks to simple mixing: 0

 Structure at this step :
  Lattice vectors [Bohr]:
   a1 :     7.53159676     0.00000000     0.00000000
   a2 :     0.00000000     7.53159676     0.00000000
   a3 :     0.00000000     0.00000000     7.53159676
  Atomic positions (fractional):
   Ba   :    -0.00000000    -0.00000000     0.00001691
   Ti   :     0.50000000     0.50000000     0.50087493
   O    :    -0.00000000     0.50000000     0.49923725
   O    :     0.50000000     0.00000000     0.49923725
   O    :     0.50000000     0.50000000    -0.00123728
  Space group :  P4mm (#99)

 du0 =   8.795593e-04 [Bohr] du_tensor =   0.000000e+00
 |residual force| =   1.821320e-07

 ----------------------------------------------------------------
  Structure opt. step   26 of 1000    (T = 1.750000e+02 K)
 ----------------------------------------------------------------
 Temp = 1.750000e+02 : convergence achieved in     8 iterations.
  DIIS steps accepted: 5, fallbacks to simple mixing: 0

 Structure at this step :
  Lattice vectors [Bohr]:
   a1 :     7.53159676     0.00000000     0.00000000
   a2 :     0.00000000     7.53159676     0.00000000
   a3 :     0.00000000     0.00000000     7.53159676
  Atomic positions (fractional):
   Ba   :    -0.00000000    -0.00000000     0.00001593
   Ti   :     0.50000000     0.50000000     0.50081997
   O    :    -0.00000000     0.50000000     0.49928443
   O    :     0.50000000     0.00000000     0.49928443
   O    :     0.50000000     0.50000000    -0.00115876
  Space group :  P4mm (#99)

 du0 =   8.363632e-04 [Bohr] du_tensor =   0.000000e+00
 |residual force| =   1.722975e-07

 ----------------------------------------------------------------
  Structure opt. step   27 of 1000    (T = 1.750000e+02 K)
 ----------------------------------------------------------------
 Temp = 1.750000e+02 : convergence achieved in     8 iterations.
  DIIS steps accepted: 5, fallbacks to simple mixing: 0

 Structure at this step :
  Lattice vectors [Bohr]:
   a1 :     7.53159676     0.00000000     0.00000000
   a2 :     0.00000000     7.53159676     0.00000000
   a3 :     0.00000000     0.00000000     7.53159676
  Atomic positions (fractional):
   Ba   :    -0.00000000    -0.00000000     0.00001489
   Ti   :     0.50000000     0.50000000     0.50076777
   O    :    -0.00000000     0.50000000     0.49933010
   O    :     0.50000000     0.00000000     0.49933010
   O    :     0.50000000     0.50000000    -0.00108505
  Space group :  P4mm (#99)

 du0 =   7.925298e-04 [Bohr] du_tensor =   0.000000e+00
 |residual force| =   1.633487e-07

 ----------------------------------------------------------------
  Structure opt. step   28 of 1000    (T = 1.750000e+02 K)
 ----------------------------------------------------------------
 Temp = 1.750000e+02 : convergence achieved in     8 iterations.
  DIIS steps accepted: 5, fallbacks to simple mixing: 0

 Structure at this step :
  Lattice vectors [Bohr]:
   a1 :     7.53159676     0.00000000     0.00000000
   a2 :     0.00000000     7.53159676     0.00000000
   a3 :     0.00000000     0.00000000     7.53159676
  Atomic positions (fractional):
   Ba   :     0.00000000    -0.00000000     0.00001397
   Ti   :     0.50000000     0.50000000     0.50071821
   O    :    -0.00000000     0.50000000     0.49937319
   O    :     0.50000000     0.00000000     0.49937319
   O    :     0.50000000     0.50000000    -0.00101503
  Space group :  P4mm (#99)

 du0 =   7.501358e-04 [Bohr] du_tensor =   0.000000e+00
 |residual force| =   1.545102e-07

 ----------------------------------------------------------------
  Structure opt. step   29 of 1000    (T = 1.750000e+02 K)
 ----------------------------------------------------------------
 Temp = 1.750000e+02 : convergence achieved in     8 iterations.
  DIIS steps accepted: 5, fallbacks to simple mixing: 0

 Structure at this step :
  Lattice vectors [Bohr]:
   a1 :     7.53159676     0.00000000     0.00000000
   a2 :     0.00000000     7.53159676     0.00000000
   a3 :     0.00000000     0.00000000     7.53159676
  Atomic positions (fractional):
   Ba   :     0.00000000    -0.00000000     0.00001304
   Ti   :     0.50000000     0.50000000     0.50067141
   O    :    -0.00000000     0.50000000     0.49941407
   O    :     0.50000000     0.00000000     0.49941407
   O    :     0.50000000     0.50000000    -0.00094880
  Space group :  P4mm (#99)

 du0 =   7.076667e-04 [Bohr] du_tensor =   0.000000e+00
 |residual force| =   1.458414e-07

 ----------------------------------------------------------------
  Structure opt. step   30 of 1000    (T = 1.750000e+02 K)
 ----------------------------------------------------------------
 Temp = 1.750000e+02 : convergence achieved in     8 iterations.
  DIIS steps accepted: 5, fallbacks to simple mixing: 0

 Structure at this step :
  Lattice vectors [Bohr]:
   a1 :     7.53159676     0.00000000     0.00000000
   a2 :     0.00000000     7.53159676     0.00000000
   a3 :     0.00000000     0.00000000     7.53159676
  Atomic positions (fractional):
   Ba   :     0.00000000    -0.00000000     0.00001221
   Ti   :     0.50000000     0.50000000     0.50062717
   O    :    -0.00000000     0.50000000     0.49945259
   O    :     0.50000000     0.00000000     0.49945259
   O    :     0.50000000     0.50000000    -0.00088634
  Space group :  P4mm (#99)

 du0 =   6.670472e-04 [Bohr] du_tensor =   0.000000e+00
 |residual force| =   1.373999e-07

 ----------------------------------------------------------------
  Structure opt. step   31 of 1000    (T = 1.750000e+02 K)
 ----------------------------------------------------------------
 Temp = 1.750000e+02 : convergence achieved in     8 iterations.
  DIIS steps accepted: 5, fallbacks to simple mixing: 0

 Structure at this step :
  Lattice vectors [Bohr]:
   a1 :     7.53159676     0.00000000     0.00000000
   a2 :     0.00000000     7.53159676     0.00000000
   a3 :     0.00000000     0.00000000     7.53159676
  Atomic positions (fractional):
   Ba   :     0.00000000    -0.00000000     0.00001139
   Ti   :     0.50000000     0.50000000     0.50058554
   O    :    -0.00000000     0.50000000     0.49948894
   O    :     0.50000000     0.00000000     0.49948894
   O    :     0.50000000     0.50000000    -0.00082745
  Space group :  P4mm (#99)

 du0 =   6.271211e-04 [Bohr] du_tensor =   0.000000e+00
 |residual force| =   1.292311e-07

 ----------------------------------------------------------------
  Structure opt. step   32 of 1000    (T = 1.750000e+02 K)
 ----------------------------------------------------------------
 Temp = 1.750000e+02 : convergence achieved in     8 iterations.
  DIIS steps accepted: 5, fallbacks to simple mixing: 0

 Structure at this step :
  Lattice vectors [Bohr]:
   a1 :     7.53159676     0.00000000     0.00000000
   a2 :     0.00000000     7.53159676     0.00000000
   a3 :     0.00000000     0.00000000     7.53159676
  Atomic positions (fractional):
   Ba   :     0.00000000    -0.00000000     0.00001064
   Ti   :     0.50000000     0.50000000     0.50054635
   O    :    -0.00000000     0.50000000     0.49952310
   O    :     0.50000000     0.00000000     0.49952310
   O    :     0.50000000     0.50000000    -0.00077210
  Space group :  P4mm (#99)

 du0 =   5.892022e-04 [Bohr] du_tensor =   0.000000e+00
 |residual force| =   1.213691e-07

 ----------------------------------------------------------------
  Structure opt. step   33 of 1000    (T = 1.750000e+02 K)
 ----------------------------------------------------------------
 Temp = 1.750000e+02 : convergence achieved in     8 iterations.
  DIIS steps accepted: 5, fallbacks to simple mixing: 0

 Structure at this step :
  Lattice vectors [Bohr]:
   a1 :     7.53159676     0.00000000     0.00000000
   a2 :     0.00000000     7.53159676     0.00000000
   a3 :     0.00000000     0.00000000     7.53159676
  Atomic positions (fractional):
   Ba   :     0.00000000    -0.00000000     0.00000992
   Ti   :     0.50000000     0.50000000     0.50050957
   O    :    -0.00000000     0.50000000     0.49955521
   O    :     0.50000000     0.00000000     0.49955521
   O    :     0.50000000     0.50000000    -0.00072009
  Space group :  P4mm (#99)

 du0 =   5.524568e-04 [Bohr] du_tensor =   0.000000e+00
 |residual force| =   1.138377e-07

 ----------------------------------------------------------------
  Structure opt. step   34 of 1000    (T = 1.750000e+02 K)
 ----------------------------------------------------------------
 Temp = 1.750000e+02 : convergence achieved in     8 iterations.
  DIIS steps accepted: 5, fallbacks to simple mixing: 0

 Structure at this step :
  Lattice vectors [Bohr]:
   a1 :     7.53159676     0.00000000     0.00000000
   a2 :     0.00000000     7.53159676     0.00000000
   a3 :     0.00000000     0.00000000     7.53159676
  Atomic positions (fractional):
   Ba   :     0.00000000    -0.00000000     0.00000926
   Ti   :     0.50000000     0.50000000     0.50047505
   O    :    -0.00000000     0.50000000     0.49958530
   O    :     0.50000000     0.00000000     0.49958530
   O    :     0.50000000     0.50000000    -0.00067133
  Space group :  P4mm (#99)

 du0 =   5.177449e-04 [Bohr] du_tensor =   0.000000e+00
 |residual force| =   1.066524e-07

 ----------------------------------------------------------------
  Structure opt. step   35 of 1000    (T = 1.750000e+02 K)
 ----------------------------------------------------------------
 Temp = 1.750000e+02 : convergence achieved in     8 iterations.
  DIIS steps accepted: 5, fallbacks to simple mixing: 0

 Structure at this step :
  Lattice vectors [Bohr]:
   a1 :     7.53159676     0.00000000     0.00000000
   a2 :     0.00000000     7.53159676     0.00000000
   a3 :     0.00000000     0.00000000     7.53159676
  Atomic positions (fractional):
   Ba   :     0.00000000    -0.00000000     0.00000862
   Ti   :     0.50000000     0.50000000     0.50044274
   O    :    -0.00000000     0.50000000     0.49961352
   O    :     0.50000000     0.00000000     0.49961352
   O    :     0.50000000     0.50000000    -0.00062564
  Space group :  P4mm (#99)

 du0 =   4.844565e-04 [Bohr] du_tensor =   0.000000e+00
 |residual force| =   9.982098e-08

 ----------------------------------------------------------------
  Structure opt. step   36 of 1000    (T = 1.750000e+02 K)
 ----------------------------------------------------------------
 Temp = 1.750000e+02 : convergence achieved in     8 iterations.
  DIIS steps accepted: 5, fallbacks to simple mixing: 0

 Structure at this step :
  Lattice vectors [Bohr]:
   a1 :     7.53159676     0.00000000     0.00000000
   a2 :     0.00000000     7.53159676     0.00000000
   a3 :     0.00000000     0.00000000     7.53159676
  Atomic positions (fractional):
   Ba   :     0.00000000    -0.00000000     0.00000804
   Ti   :     0.50000000     0.50000000     0.50041247
   O    :    -0.00000000     0.50000000     0.49963992
   O    :     0.50000000     0.00000000     0.49963992
   O    :     0.50000000     0.50000000    -0.00058289
  Space group :  P4mm (#99)

 du0 =   4.531389e-04 [Bohr] du_tensor =   0.000000e+00
 |residual force| =   9.334577e-08

 ----------------------------------------------------------------
  Structure opt. step   37 of 1000    (T = 1.750000e+02 K)
 ----------------------------------------------------------------
 Temp = 1.750000e+02 : convergence achieved in     7 iterations.
  DIIS steps accepted: 4, fallbacks to simple mixing: 0

 Structure at this step :
  Lattice vectors [Bohr]:
   a1 :     7.53159676     0.00000000     0.00000000
   a2 :     0.00000000     7.53159676     0.00000000
   a3 :     0.00000000     0.00000000     7.53159676
  Atomic positions (fractional):
   Ba   :     0.00000000    -0.00000000     0.00000749
   Ti   :     0.50000000     0.50000000     0.50038418
   O    :    -0.00000000     0.50000000     0.49966462
   O    :     0.50000000     0.00000000     0.49966462
   O    :     0.50000000     0.50000000    -0.00054289
  Space group :  P4mm (#99)

 du0 =   4.233365e-04 [Bohr] du_tensor =   0.000000e+00
 |residual force| =   8.722415e-08

 ----------------------------------------------------------------
  Structure opt. step   38 of 1000    (T = 1.750000e+02 K)
 ----------------------------------------------------------------
 Temp = 1.750000e+02 : convergence achieved in     6 iterations.
  DIIS steps accepted: 3, fallbacks to simple mixing: 0

 Structure at this step :
  Lattice vectors [Bohr]:
   a1 :     7.53159676     0.00000000     0.00000000
   a2 :     0.00000000     7.53159676     0.00000000
   a3 :     0.00000000     0.00000000     7.53159676
  Atomic positions (fractional):
   Ba   :     0.00000000    -0.00000000     0.00000698
   Ti   :     0.50000000     0.50000000     0.50035774
   O    :    -0.00000000     0.50000000     0.49968768
   O    :     0.50000000     0.00000000     0.49968768
   O    :     0.50000000     0.50000000    -0.00050554
  Space group :  P4mm (#99)

 du0 =   3.953796e-04 [Bohr] du_tensor =   0.000000e+00
 |residual force| =   8.144869e-08

 ----------------------------------------------------------------
  Structure opt. step   39 of 1000    (T = 1.750000e+02 K)
 ----------------------------------------------------------------
 Temp = 1.750000e+02 : convergence achieved in     6 iterations.
  DIIS steps accepted: 3, fallbacks to simple mixing: 0

 Structure at this step :
  Lattice vectors [Bohr]:
   a1 :     7.53159676     0.00000000     0.00000000
   a2 :     0.00000000     7.53159676     0.00000000
   a3 :     0.00000000     0.00000000     7.53159676
  Atomic positions (fractional):
   Ba   :     0.00000000    -0.00000000     0.00000649
   Ti   :     0.50000000     0.50000000     0.50033306
   O    :    -0.00000000     0.50000000     0.49970924
   O    :     0.50000000     0.00000000     0.49970924
   O    :     0.50000000     0.50000000    -0.00047065
  Space group :  P4mm (#99)

 du0 =   3.689350e-04 [Bohr] du_tensor =   0.000000e+00
 |residual force| =   7.601313e-08

 ----------------------------------------------------------------
  Structure opt. step   40 of 1000    (T = 1.750000e+02 K)
 ----------------------------------------------------------------
 Temp = 1.750000e+02 : convergence achieved in     6 iterations.
  DIIS steps accepted: 3, fallbacks to simple mixing: 0

 Structure at this step :
  Lattice vectors [Bohr]:
   a1 :     7.53159676     0.00000000     0.00000000
   a2 :     0.00000000     7.53159676     0.00000000
   a3 :     0.00000000     0.00000000     7.53159676
  Atomic positions (fractional):
   Ba   :     0.00000000    -0.00000000     0.00000605
   Ti   :     0.50000000     0.50000000     0.50031001
   O    :    -0.00000000     0.50000000     0.49972934
   O    :     0.50000000     0.00000000     0.49972934
   O    :     0.50000000     0.50000000    -0.00043809
  Space group :  P4mm (#99)

 du0 =   3.441906e-04 [Bohr] du_tensor =   0.000000e+00
 |residual force| =   7.090457e-08

 ----------------------------------------------------------------
  Structure opt. step   41 of 1000    (T = 1.750000e+02 K)
 ----------------------------------------------------------------
 Temp = 1.750000e+02 : convergence achieved in     6 iterations.
  DIIS steps accepted: 3, fallbacks to simple mixing: 0

 Structure at this step :
  Lattice vectors [Bohr]:
   a1 :     7.53159676     0.00000000     0.00000000
   a2 :     0.00000000     7.53159676     0.00000000
   a3 :     0.00000000     0.00000000     7.53159676
  Atomic positions (fractional):
   Ba   :     0.00000000    -0.00000000     0.00000563
   Ti   :     0.50000000     0.50000000     0.50028853
   O    :    -0.00000000     0.50000000     0.49974810
   O    :     0.50000000     0.00000000     0.49974810
   O    :     0.50000000     0.50000000    -0.00040772
  Space group :  P4mm (#99)

 du0 =   3.208781e-04 [Bohr] du_tensor =   0.000000e+00
 |residual force| =   6.611033e-08

 ----------------------------------------------------------------
  Structure opt. step   42 of 1000    (T = 1.750000e+02 K)
 ----------------------------------------------------------------
 Temp = 1.750000e+02 : convergence achieved in     6 iterations.
  DIIS steps accepted: 3, fallbacks to simple mixing: 0

 Structure at this step :
  Lattice vectors [Bohr]:
   a1 :     7.53159676     0.00000000     0.00000000
   a2 :     0.00000000     7.53159676     0.00000000
   a3 :     0.00000000     0.00000000     7.53159676
  Atomic positions (fractional):
   Ba   :     0.00000000    -0.00000000     0.00000524
   Ti   :     0.50000000     0.50000000     0.50026849
   O    :    -0.00000000     0.50000000     0.49976559
   O    :     0.50000000     0.00000000     0.49976559
   O    :     0.50000000     0.50000000    -0.00037940
  Space group :  P4mm (#99)

 du0 =   2.991023e-04 [Bohr] du_tensor =   0.000000e+00
 |residual force| =   6.161679e-08

 ----------------------------------------------------------------
  Structure opt. step   43 of 1000    (T = 1.750000e+02 K)
 ----------------------------------------------------------------
 Temp = 1.750000e+02 : convergence achieved in     6 iterations.
  DIIS steps accepted: 3, fallbacks to simple mixing: 0

 Structure at this step :
  Lattice vectors [Bohr]:
   a1 :     7.53159676     0.00000000     0.00000000
   a2 :     0.00000000     7.53159676     0.00000000
   a3 :     0.00000000     0.00000000     7.53159676
  Atomic positions (fractional):
   Ba   :     0.00000000    -0.00000000     0.00000487
   Ti   :     0.50000000     0.50000000     0.50024981
   O    :    -0.00000000     0.50000000     0.49978190
   O    :     0.50000000     0.00000000     0.49978190
   O    :     0.50000000     0.50000000    -0.00035301
  Space group :  P4mm (#99)

 du0 =   2.786527e-04 [Bohr] du_tensor =   0.000000e+00
 |residual force| =   5.740969e-08

 ----------------------------------------------------------------
  Structure opt. step   44 of 1000    (T = 1.750000e+02 K)
 ----------------------------------------------------------------
 Temp = 1.750000e+02 : convergence achieved in     6 iterations.
  DIIS steps accepted: 3, fallbacks to simple mixing: 0

 Structure at this step :
  Lattice vectors [Bohr]:
   a1 :     7.53159676     0.00000000     0.00000000
   a2 :     0.00000000     7.53159676     0.00000000
   a3 :     0.00000000     0.00000000     7.53159676
  Atomic positions (fractional):
   Ba   :     0.00000000    -0.00000000     0.00000453
   Ti   :     0.50000000     0.50000000     0.50023241
   O    :    -0.00000000     0.50000000     0.49979709
   O    :     0.50000000     0.00000000     0.49979709
   O    :     0.50000000     0.50000000    -0.00032842
  Space group :  P4mm (#99)

 du0 =   2.595757e-04 [Bohr] du_tensor =   0.000000e+00
 |residual force| =   5.347451e-08

 ----------------------------------------------------------------
  Structure opt. step   45 of 1000    (T = 1.750000e+02 K)
 ----------------------------------------------------------------
 Temp = 1.750000e+02 : convergence achieved in     6 iterations.
  DIIS steps accepted: 3, fallbacks to simple mixing: 0

 Structure at this step :
  Lattice vectors [Bohr]:
   a1 :     7.53159676     0.00000000     0.00000000
   a2 :     0.00000000     7.53159676     0.00000000
   a3 :     0.00000000     0.00000000     7.53159676
  Atomic positions (fractional):
   Ba   :     0.00000000    -0.00000000     0.00000422
   Ti   :     0.50000000     0.50000000     0.50021621
   O    :    -0.00000000     0.50000000     0.49981124
   O    :     0.50000000     0.00000000     0.49981124
   O    :     0.50000000     0.50000000    -0.00030552
  Space group :  P4mm (#99)

 du0 =   2.417042e-04 [Bohr] du_tensor =   0.000000e+00
 |residual force| =   4.979668e-08

 ----------------------------------------------------------------
  Structure opt. step   46 of 1000    (T = 1.750000e+02 K)
 ----------------------------------------------------------------
 Temp = 1.750000e+02 : convergence achieved in     6 iterations.
  DIIS steps accepted: 3, fallbacks to simple mixing: 0

 Structure at this step :
  Lattice vectors [Bohr]:
   a1 :     7.53159676     0.00000000     0.00000000
   a2 :     0.00000000     7.53159676     0.00000000
   a3 :     0.00000000     0.00000000     7.53159676
  Atomic positions (fractional):
   Ba   :     0.00000000     0.00000000     0.00000392
   Ti   :     0.50000000     0.50000000     0.50020111
   O    :    -0.00000000     0.50000000     0.49982441
   O    :     0.50000000     0.00000000     0.49982441
   O    :     0.50000000     0.50000000    -0.00028419
  Space group :  P4mm (#99)

 du0 =   2.250479e-04 [Bohr] du_tensor =   0.000000e+00
 |residual force| =   4.636181e-08

 ----------------------------------------------------------------
  Structure opt. step   47 of 1000    (T = 1.750000e+02 K)
 ----------------------------------------------------------------
 Temp = 1.750000e+02 : convergence achieved in     6 iterations.
  DIIS steps accepted: 3, fallbacks to simple mixing: 0

 Structure at this step :
  Lattice vectors [Bohr]:
   a1 :     7.53159676     0.00000000     0.00000000
   a2 :     0.00000000     7.53159676     0.00000000
   a3 :     0.00000000     0.00000000     7.53159676
  Atomic positions (fractional):
   Ba   :     0.00000000    -0.00000000     0.00000365
   Ti   :     0.50000000     0.50000000     0.50018706
   O    :    -0.00000000     0.50000000     0.49983668
   O    :     0.50000000     0.00000000     0.49983668
   O    :     0.50000000     0.50000000    -0.00026433
  Space group :  P4mm (#99)

 du0 =   2.094728e-04 [Bohr] du_tensor =   0.000000e+00
 |residual force| =   4.315581e-08

 ----------------------------------------------------------------
  Structure opt. step   48 of 1000    (T = 1.750000e+02 K)
 ----------------------------------------------------------------
 Temp = 1.750000e+02 : convergence achieved in     6 iterations.
  DIIS steps accepted: 3, fallbacks to simple mixing: 0

 Structure at this step :
  Lattice vectors [Bohr]:
   a1 :     7.53159676     0.00000000     0.00000000
   a2 :     0.00000000     7.53159676     0.00000000
   a3 :     0.00000000     0.00000000     7.53159676
  Atomic positions (fractional):
   Ba   :     0.00000000     0.00000000     0.00000340
   Ti   :     0.50000000     0.50000000     0.50017398
   O    :    -0.00000000     0.50000000     0.49984810
   O    :     0.50000000     0.00000000     0.49984810
   O    :     0.50000000     0.50000000    -0.00024585
  Space group :  P4mm (#99)

 du0 =   1.949667e-04 [Bohr] du_tensor =   0.000000e+00
 |residual force| =   4.016502e-08

 ----------------------------------------------------------------
  Structure opt. step   49 of 1000    (T = 1.750000e+02 K)
 ----------------------------------------------------------------
 Temp = 1.750000e+02 : convergence achieved in     6 iterations.
  DIIS steps accepted: 3, fallbacks to simple mixing: 0

 Structure at this step :
  Lattice vectors [Bohr]:
   a1 :     7.53159676     0.00000000     0.00000000
   a2 :     0.00000000     7.53159676     0.00000000
   a3 :     0.00000000     0.00000000     7.53159676
  Atomic positions (fractional):
   Ba   :     0.00000000    -0.00000000     0.00000316
   Ti   :     0.50000000     0.50000000     0.50016181
   O    :    -0.00000000     0.50000000     0.49985873
   O    :     0.50000000     0.00000000     0.49985873
   O    :     0.50000000     0.50000000    -0.00022865
  Space group :  P4mm (#99)

 du0 =   1.814210e-04 [Bohr] du_tensor =   0.000000e+00
 |residual force| =   3.737625e-08

 ----------------------------------------------------------------
  Structure opt. step   50 of 1000    (T = 1.750000e+02 K)
 ----------------------------------------------------------------
 Temp = 1.750000e+02 : convergence achieved in     6 iterations.
  DIIS steps accepted: 3, fallbacks to simple mixing: 0

 Structure at this step :
  Lattice vectors [Bohr]:
   a1 :     7.53159676     0.00000000     0.00000000
   a2 :     0.00000000     7.53159676     0.00000000
   a3 :     0.00000000     0.00000000     7.53159676
  Atomic positions (fractional):
   Ba   :     0.00000000     0.00000000     0.00000294
   Ti   :     0.50000000     0.50000000     0.50015048
   O    :    -0.00000000     0.50000000     0.49986862
   O    :     0.50000000     0.00000000     0.49986862
   O    :     0.50000000     0.50000000    -0.00021264
  Space group :  P4mm (#99)

 du0 =   1.688114e-04 [Bohr] du_tensor =   0.000000e+00
 |residual force| =   3.477690e-08

 ----------------------------------------------------------------
  Structure opt. step   51 of 1000    (T = 1.750000e+02 K)
 ----------------------------------------------------------------
 Temp = 1.750000e+02 : convergence achieved in     6 iterations.
  DIIS steps accepted: 3, fallbacks to simple mixing: 0

 Structure at this step :
  Lattice vectors [Bohr]:
   a1 :     7.53159676     0.00000000     0.00000000
   a2 :     0.00000000     7.53159676     0.00000000
   a3 :     0.00000000     0.00000000     7.53159676
  Atomic positions (fractional):
   Ba   :     0.00000000    -0.00000000     0.00000273
   Ti   :     0.50000000     0.50000000     0.50013994
   O    :    -0.00000000     0.50000000     0.49987782
   O    :     0.50000000     0.00000000     0.49987782
   O    :     0.50000000     0.50000000    -0.00019775
  Space group :  P4mm (#99)

 du0 =   1.570489e-04 [Bohr] du_tensor =   0.000000e+00
 |residual force| =   3.235493e-08

 ----------------------------------------------------------------
  Structure opt. step   52 of 1000    (T = 1.750000e+02 K)
 ----------------------------------------------------------------
 Temp = 1.750000e+02 : convergence achieved in     6 iterations.
  DIIS steps accepted: 3, fallbacks to simple mixing: 0

 Structure at this step :
  Lattice vectors [Bohr]:
   a1 :     7.53159676     0.00000000     0.00000000
   a2 :     0.00000000     7.53159676     0.00000000
   a3 :     0.00000000     0.00000000     7.53159676
  Atomic positions (fractional):
   Ba   :     0.00000000     0.00000000     0.00000254
   Ti   :     0.50000000     0.50000000     0.50013013
   O    :    -0.00000000     0.50000000     0.49988638
   O    :     0.50000000     0.00000000     0.49988638
   O    :     0.50000000     0.50000000    -0.00018389
  Space group :  P4mm (#99)

 du0 =   1.461033e-04 [Bohr] du_tensor =   0.000000e+00
 |residual force| =   3.009890e-08

 ----------------------------------------------------------------
  Structure opt. step   53 of 1000    (T = 1.750000e+02 K)
 ----------------------------------------------------------------
 Temp = 1.750000e+02 : convergence achieved in     6 iterations.
  DIIS steps accepted: 3, fallbacks to simple mixing: 0

 Structure at this step :
  Lattice vectors [Bohr]:
   a1 :     7.53159676     0.00000000     0.00000000
   a2 :     0.00000000     7.53159676     0.00000000
   a3 :     0.00000000     0.00000000     7.53159676
  Atomic positions (fractional):
   Ba   :     0.00000000    -0.00000000     0.00000236
   Ti   :     0.50000000     0.50000000     0.50012101
   O    :    -0.00000000     0.50000000     0.49989435
   O    :     0.50000000     0.00000000     0.49989435
   O    :     0.50000000     0.50000000    -0.00017100
  Space group :  P4mm (#99)

 du0 =   1.359012e-04 [Bohr] du_tensor =   0.000000e+00
 |residual force| =   2.799798e-08

 ----------------------------------------------------------------
  Structure opt. step   54 of 1000    (T = 1.750000e+02 K)
 ----------------------------------------------------------------
 Temp = 1.750000e+02 : convergence achieved in     6 iterations.
  DIIS steps accepted: 3, fallbacks to simple mixing: 0

 Structure at this step :
  Lattice vectors [Bohr]:
   a1 :     7.53159676     0.00000000     0.00000000
   a2 :     0.00000000     7.53159676     0.00000000
   a3 :     0.00000000     0.00000000     7.53159676
  Atomic positions (fractional):
   Ba   :     0.00000000     0.00000000     0.00000220
   Ti   :     0.50000000     0.50000000     0.50011252
   O    :    -0.00000000     0.50000000     0.49990175
   O    :     0.50000000     0.00000000     0.49990175
   O    :     0.50000000     0.50000000    -0.00015901
  Space group :  P4mm (#99)

 du0 =   1.264100e-04 [Bohr] du_tensor =   0.000000e+00
 |residual force| =   2.604193e-08

 ----------------------------------------------------------------
  Structure opt. step   55 of 1000    (T = 1.750000e+02 K)
 ----------------------------------------------------------------
 Temp = 1.750000e+02 : convergence achieved in     6 iterations.
  DIIS steps accepted: 3, fallbacks to simple mixing: 0

 Structure at this step :
  Lattice vectors [Bohr]:
   a1 :     7.53159676     0.00000000     0.00000000
   a2 :     0.00000000     7.53159676     0.00000000
   a3 :     0.00000000     0.00000000     7.53159676
  Atomic positions (fractional):
   Ba   :     0.00000000     0.00000000     0.00000204
   Ti   :     0.50000000     0.50000000     0.50010463
   O    :    -0.00000000     0.50000000     0.49990865
   O    :     0.50000000     0.00000000     0.49990865
   O    :     0.50000000     0.50000000    -0.00014785
  Space group :  P4mm (#99)

 du0 =   1.175688e-04 [Bohr] du_tensor =   0.000000e+00
 |residual force| =   2.422111e-08

 ----------------------------------------------------------------
  Structure opt. step   56 of 1000    (T = 1.750000e+02 K)
 ----------------------------------------------------------------
 Temp = 1.750000e+02 : convergence achieved in     6 iterations.
  DIIS steps accepted: 3, fallbacks to simple mixing: 0

 Structure at this step :
  Lattice vectors [Bohr]:
   a1 :     7.53159676     0.00000000     0.00000000
   a2 :     0.00000000     7.53159676     0.00000000
   a3 :     0.00000000     0.00000000     7.53159676
  Atomic positions (fractional):
   Ba   :     0.00000000     0.00000000     0.00000190
   Ti   :     0.50000000     0.50000000     0.50009729
   O    :    -0.00000000     0.50000000     0.49991505
   O    :     0.50000000     0.00000000     0.49991505
   O    :     0.50000000     0.50000000    -0.00013748
  Space group :  P4mm (#99)

 du0 =   1.093454e-04 [Bohr] du_tensor =   0.000000e+00
 |residual force| =   2.252646e-08

 ----------------------------------------------------------------
  Structure opt. step   57 of 1000    (T = 1.750000e+02 K)
 ----------------------------------------------------------------
 Temp = 1.750000e+02 : convergence achieved in     6 iterations.
  DIIS steps accepted: 3, fallbacks to simple mixing: 0

 Structure at this step :
  Lattice vectors [Bohr]:
   a1 :     7.53159676     0.00000000     0.00000000
   a2 :     0.00000000     7.53159676     0.00000000
   a3 :     0.00000000     0.00000000     7.53159676
  Atomic positions (fractional):
   Ba   :     0.00000000     0.00000000     0.00000177
   Ti   :     0.50000000     0.50000000     0.50009046
   O    :    -0.00000000     0.50000000     0.49992102
   O    :     0.50000000     0.00000000     0.49992102
   O    :     0.50000000     0.50000000    -0.00012783
  Space group :  P4mm (#99)

 du0 =   1.016886e-04 [Bohr] du_tensor =   0.000000e+00
 |residual force| =   2.094946e-08

 ----------------------------------------------------------------
  Structure opt. step   58 of 1000    (T = 1.750000e+02 K)
 ----------------------------------------------------------------
 Temp = 1.750000e+02 : convergence achieved in     6 iterations.
  DIIS steps accepted: 3, fallbacks to simple mixing: 0

 Structure at this step :
  Lattice vectors [Bohr]:
   a1 :     7.53159676     0.00000000     0.00000000
   a2 :     0.00000000     7.53159676     0.00000000
   a3 :     0.00000000     0.00000000     7.53159676
  Atomic positions (fractional):
   Ba   :     0.00000000     0.00000000     0.00000164
   Ti   :     0.50000000     0.50000000     0.50008411
   O    :    -0.00000000     0.50000000     0.49992656
   O    :     0.50000000     0.00000000     0.49992656
   O    :     0.50000000     0.50000000    -0.00011886
  Space group :  P4mm (#99)

 du0 =   9.456768e-05 [Bohr] du_tensor =   0.000000e+00
 |residual force| =   1.948211e-08

 ----------------------------------------------------------------
  Structure opt. step   59 of 1000    (T = 1.750000e+02 K)
 ----------------------------------------------------------------
 Temp = 1.750000e+02 : convergence achieved in     6 iterations.
  DIIS steps accepted: 3, fallbacks to simple mixing: 0

 Structure at this step :
  Lattice vectors [Bohr]:
   a1 :     7.53159676     0.00000000     0.00000000
   a2 :     0.00000000     7.53159676     0.00000000
   a3 :     0.00000000     0.00000000     7.53159676
  Atomic positions (fractional):
   Ba   :     0.00000000     0.00000000     0.00000153
   Ti   :     0.50000000     0.50000000     0.50007821
   O    :    -0.00000000     0.50000000     0.49993171
   O    :     0.50000000     0.00000000     0.49993171
   O    :     0.50000000     0.50000000    -0.00011052
  Space group :  P4mm (#99)

 du0 =   8.793977e-05 [Bohr] du_tensor =   0.000000e+00
 |residual force| =   1.811694e-08

 ----------------------------------------------------------------
  Structure opt. step   60 of 1000    (T = 1.750000e+02 K)
 ----------------------------------------------------------------
 Temp = 1.750000e+02 : convergence achieved in     5 iterations.
  DIIS steps accepted: 2, fallbacks to simple mixing: 0

 Structure at this step :
  Lattice vectors [Bohr]:
   a1 :     7.53159676     0.00000000     0.00000000
   a2 :     0.00000000     7.53159676     0.00000000
   a3 :     0.00000000     0.00000000     7.53159676
  Atomic positions (fractional):
   Ba   :     0.00000000     0.00000000     0.00000142
   Ti   :     0.50000000     0.50000000     0.50007272
   O    :    -0.00000000     0.50000000     0.49993651
   O    :     0.50000000     0.00000000     0.49993651
   O    :     0.50000000     0.50000000    -0.00010276
  Space group :  P4mm (#99)

 du0 =   8.177511e-05 [Bohr] du_tensor =   0.000000e+00
 |residual force| =   1.684670e-08

 ----------------------------------------------------------------
  Structure opt. step   61 of 1000    (T = 1.750000e+02 K)
 ----------------------------------------------------------------
 Temp = 1.750000e+02 : convergence achieved in     5 iterations.
  DIIS steps accepted: 2, fallbacks to simple mixing: 0

 Structure at this step :
  Lattice vectors [Bohr]:
   a1 :     7.53159676     0.00000000     0.00000000
   a2 :     0.00000000     7.53159676     0.00000000
   a3 :     0.00000000     0.00000000     7.53159676
  Atomic positions (fractional):
   Ba   :     0.00000000     0.00000000     0.00000132
   Ti   :     0.50000000     0.50000000     0.50006761
   O    :    -0.00000000     0.50000000     0.49994097
   O    :     0.50000000     0.00000000     0.49994097
   O    :     0.50000000     0.50000000    -0.00009554
  Space group :  P4mm (#99)

 du0 =   7.604005e-05 [Bohr] du_tensor =   0.000000e+00
 |residual force| =   1.566539e-08

 ----------------------------------------------------------------
  Structure opt. step   62 of 1000    (T = 1.750000e+02 K)
 ----------------------------------------------------------------
 Temp = 1.750000e+02 : convergence achieved in     5 iterations.
  DIIS steps accepted: 2, fallbacks to simple mixing: 0

 Structure at this step :
  Lattice vectors [Bohr]:
   a1 :     7.53159676     0.00000000     0.00000000
   a2 :     0.00000000     7.53159676     0.00000000
   a3 :     0.00000000     0.00000000     7.53159676
  Atomic positions (fractional):
   Ba   :     0.00000000     0.00000000     0.00000123
   Ti   :     0.50000000     0.50000000     0.50006286
   O    :    -0.00000000     0.50000000     0.49994511
   O    :     0.50000000     0.00000000     0.49994511
   O    :     0.50000000     0.50000000    -0.00008883
  Space group :  P4mm (#99)

 du0 =   7.070731e-05 [Bohr] du_tensor =   0.000000e+00
 |residual force| =   1.456661e-08

 ----------------------------------------------------------------
  Structure opt. step   63 of 1000    (T = 1.750000e+02 K)
 ----------------------------------------------------------------
 Temp = 1.750000e+02 : convergence achieved in     5 iterations.
  DIIS steps accepted: 2, fallbacks to simple mixing: 0

 Structure at this step :
  Lattice vectors [Bohr]:
   a1 :     7.53159676     0.00000000     0.00000000
   a2 :     0.00000000     7.53159676     0.00000000
   a3 :     0.00000000     0.00000000     7.53159676
  Atomic positions (fractional):
   Ba   :     0.00000000     0.00000000     0.00000114
   Ti   :     0.50000000     0.50000000     0.50005845
   O    :    -0.00000000     0.50000000     0.49994897
   O    :     0.50000000     0.00000000     0.49994897
   O    :     0.50000000     0.50000000    -0.00008259
  Space group :  P4mm (#99)

 du0 =   6.574601e-05 [Bohr] du_tensor =   0.000000e+00
 |residual force| =   1.354465e-08

 ----------------------------------------------------------------
  Structure opt. step   64 of 1000    (T = 1.750000e+02 K)
 ----------------------------------------------------------------
 Temp = 1.750000e+02 : convergence achieved in     5 iterations.
  DIIS steps accepted: 2, fallbacks to simple mixing: 0

 Structure at this step :
  Lattice vectors [Bohr]:
   a1 :     7.53159676     0.00000000     0.00000000
   a2 :     0.00000000     7.53159676     0.00000000
   a3 :     0.00000000     0.00000000     7.53159676
  Atomic positions (fractional):
   Ba   :     0.00000000     0.00000000     0.00000106
   Ti   :     0.50000000     0.50000000     0.50005434
   O    :    -0.00000000     0.50000000     0.49995255
   O    :     0.50000000     0.00000000     0.49995255
   O    :     0.50000000     0.50000000    -0.00007679
  Space group :  P4mm (#99)

 du0 =   6.113297e-05 [Bohr] du_tensor =   0.000000e+00
 |residual force| =   1.259418e-08

 ----------------------------------------------------------------
  Structure opt. step   65 of 1000    (T = 1.750000e+02 K)
 ----------------------------------------------------------------
 Temp = 1.750000e+02 : convergence achieved in     5 iterations.
  DIIS steps accepted: 2, fallbacks to simple mixing: 0

 Structure at this step :
  Lattice vectors [Bohr]:
   a1 :     7.53159676     0.00000000     0.00000000
   a2 :     0.00000000     7.53159676     0.00000000
   a3 :     0.00000000     0.00000000     7.53159676
  Atomic positions (fractional):
   Ba   :     0.00000000     0.00000000     0.00000099
   Ti   :     0.50000000     0.50000000     0.50005053
   O    :    -0.00000000     0.50000000     0.49995588
   O    :     0.50000000     0.00000000     0.49995588
   O    :     0.50000000     0.50000000    -0.00007140
  Space group :  P4mm (#99)

 du0 =   5.684189e-05 [Bohr] du_tensor =   0.000000e+00
 |residual force| =   1.171026e-08

 ----------------------------------------------------------------
  Structure opt. step   66 of 1000    (T = 1.750000e+02 K)
 ----------------------------------------------------------------
 Temp = 1.750000e+02 : convergence achieved in     5 iterations.
  DIIS steps accepted: 2, fallbacks to simple mixing: 0

 Structure at this step :
  Lattice vectors [Bohr]:
   a1 :     7.53159676     0.00000000     0.00000000
   a2 :     0.00000000     7.53159676     0.00000000
   a3 :     0.00000000     0.00000000     7.53159676
  Atomic positions (fractional):
   Ba   :     0.00000000     0.00000000     0.00000092
   Ti   :     0.50000000     0.50000000     0.50004698
   O    :    -0.00000000     0.50000000     0.49995898
   O    :     0.50000000     0.00000000     0.49995898
   O    :     0.50000000     0.50000000    -0.00006638
  Space group :  P4mm (#99)

 du0 =   5.285215e-05 [Bohr] du_tensor =   0.000000e+00
 |residual force| =   1.088824e-08

 ----------------------------------------------------------------
  Structure opt. step   67 of 1000    (T = 1.750000e+02 K)
 ----------------------------------------------------------------
 Temp = 1.750000e+02 : convergence achieved in     5 iterations.
  DIIS steps accepted: 2, fallbacks to simple mixing: 0

 Structure at this step :
  Lattice vectors [Bohr]:
   a1 :     7.53159676     0.00000000     0.00000000
   a2 :     0.00000000     7.53159676     0.00000000
   a3 :     0.00000000     0.00000000     7.53159676
  Atomic positions (fractional):
   Ba   :     0.00000000     0.00000000     0.00000085
   Ti   :     0.50000000     0.50000000     0.50004368
   O    :    -0.00000000     0.50000000     0.49996186
   O    :     0.50000000     0.00000000     0.49996186
   O    :     0.50000000     0.50000000    -0.00006172
  Space group :  Pm-3m (#221)

 du0 =   4.914132e-05 [Bohr] du_tensor =   0.000000e+00
 |residual force| =   1.012382e-08

 ----------------------------------------------------------------
  Structure opt. step   68 of 1000    (T = 1.750000e+02 K)
 ----------------------------------------------------------------
 Temp = 1.750000e+02 : convergence achieved in     5 iterations.
  DIIS steps accepted: 2, fallbacks to simple mixing: 0

 Structure at this step :
  Lattice vectors [Bohr]:
   a1 :     7.53159676     0.00000000     0.00000000
   a2 :     0.00000000     7.53159676     0.00000000
   a3 :     0.00000000     0.00000000     7.53159676
  Atomic positions (fractional):
   Ba   :     0.00000000     0.00000000     0.00000079
   Ti   :     0.50000000     0.50000000     0.50004061
   O    :    -0.00000000     0.50000000     0.49996454
   O    :     0.50000000     0.00000000     0.49996454
   O    :     0.50000000     0.50000000    -0.00005739
  Space group :  Pm-3m (#221)

 du0 =   4.569115e-05 [Bohr] du_tensor =   0.000000e+00
 |residual force| =   9.412980e-09

 ----------------------------------------------------------------
  Structure opt. step   69 of 1000    (T = 1.750000e+02 K)
 ----------------------------------------------------------------
 Temp = 1.750000e+02 : convergence achieved in     4 iterations.
  DIIS steps accepted: 1, fallbacks to simple mixing: 0

 Structure at this step :
  Lattice vectors [Bohr]:
   a1 :     7.53159676     0.00000000     0.00000000
   a2 :     0.00000000     7.53159676     0.00000000
   a3 :     0.00000000     0.00000000     7.53159676
  Atomic positions (fractional):
   Ba   :     0.00000000     0.00000000     0.00000074
   Ti   :     0.50000000     0.50000000     0.50003776
   O    :    -0.00000000     0.50000000     0.49996703
   O    :     0.50000000     0.00000000     0.49996703
   O    :     0.50000000     0.50000000    -0.00005335
  Space group :  Pm-3m (#221)

 du0 =   4.248203e-05 [Bohr] du_tensor =   0.000000e+00
 |residual force| =   8.751901e-09

 ----------------------------------------------------------------
  Structure opt. step   70 of 1000    (T = 1.750000e+02 K)
 ----------------------------------------------------------------
 Temp = 1.750000e+02 : convergence achieved in     4 iterations.
  DIIS steps accepted: 1, fallbacks to simple mixing: 0

 Structure at this step :
  Lattice vectors [Bohr]:
   a1 :     7.53159676     0.00000000     0.00000000
   a2 :     0.00000000     7.53159676     0.00000000
   a3 :     0.00000000     0.00000000     7.53159676
  Atomic positions (fractional):
   Ba   :     0.00000000     0.00000000     0.00000069
   Ti   :     0.50000000     0.50000000     0.50003510
   O    :    -0.00000000     0.50000000     0.49996935
   O    :     0.50000000     0.00000000     0.49996935
   O    :     0.50000000     0.50000000    -0.00004961
  Space group :  Pm-3m (#221)

 du0 =   3.949884e-05 [Bohr] du_tensor =   0.000000e+00
 |residual force| =   8.137288e-09

 ----------------------------------------------------------------
  Structure opt. step   71 of 1000    (T = 1.750000e+02 K)
 ----------------------------------------------------------------
 Temp = 1.750000e+02 : convergence achieved in     4 iterations.
  DIIS steps accepted: 1, fallbacks to simple mixing: 0

 Structure at this step :
  Lattice vectors [Bohr]:
   a1 :     7.53159676     0.00000000     0.00000000
   a2 :     0.00000000     7.53159676     0.00000000
   a3 :     0.00000000     0.00000000     7.53159676
  Atomic positions (fractional):
   Ba   :     0.00000000     0.00000000     0.00000064
   Ti   :     0.50000000     0.50000000     0.50003264
   O    :    -0.00000000     0.50000000     0.49997150
   O    :     0.50000000     0.00000000     0.49997150
   O    :     0.50000000     0.50000000    -0.00004612
  Space group :  Pm-3m (#221)

 du0 =   3.672462e-05 [Bohr] du_tensor =   0.000000e+00
 |residual force| =   7.565787e-09

 ----------------------------------------------------------------
  Structure opt. step   72 of 1000    (T = 1.750000e+02 K)
 ----------------------------------------------------------------
 Temp = 1.750000e+02 : convergence achieved in     4 iterations.
  DIIS steps accepted: 1, fallbacks to simple mixing: 0

 Structure at this step :
  Lattice vectors [Bohr]:
   a1 :     7.53159676     0.00000000     0.00000000
   a2 :     0.00000000     7.53159676     0.00000000
   a3 :     0.00000000     0.00000000     7.53159676
  Atomic positions (fractional):
   Ba   :     0.00000000     0.00000000     0.00000059
   Ti   :     0.50000000     0.50000000     0.50003035
   O    :    -0.00000000     0.50000000     0.49997350
   O    :     0.50000000     0.00000000     0.49997350
   O    :     0.50000000     0.50000000    -0.00004288
  Space group :  Pm-3m (#221)

 du0 =   3.414529e-05 [Bohr] du_tensor =   0.000000e+00
 |residual force| =   7.034388e-09

 ----------------------------------------------------------------
  Structure opt. step   73 of 1000    (T = 1.750000e+02 K)
 ----------------------------------------------------------------
 Temp = 1.750000e+02 : convergence achieved in     4 iterations.
  DIIS steps accepted: 1, fallbacks to simple mixing: 0

 Structure at this step :
  Lattice vectors [Bohr]:
   a1 :     7.53159676     0.00000000     0.00000000
   a2 :     0.00000000     7.53159676     0.00000000
   a3 :     0.00000000     0.00000000     7.53159676
  Atomic positions (fractional):
   Ba   :     0.00000000     0.00000000     0.00000055
   Ti   :     0.50000000     0.50000000     0.50002821
   O    :    -0.00000000     0.50000000     0.49997537
   O    :     0.50000000     0.00000000     0.49997537
   O    :     0.50000000     0.50000000    -0.00003987
  Space group :  Pm-3m (#221)

 du0 =   3.174681e-05 [Bohr] du_tensor =   0.000000e+00
 |residual force| =   6.540286e-09

 ----------------------------------------------------------------
  Structure opt. step   74 of 1000    (T = 1.750000e+02 K)
 ----------------------------------------------------------------
 Temp = 1.750000e+02 : convergence achieved in     4 iterations.
  DIIS steps accepted: 1, fallbacks to simple mixing: 0

 Structure at this step :
  Lattice vectors [Bohr]:
   a1 :     7.53159676     0.00000000     0.00000000
   a2 :     0.00000000     7.53159676     0.00000000
   a3 :     0.00000000     0.00000000     7.53159676
  Atomic positions (fractional):
   Ba   :     0.00000000     0.00000000     0.00000051
   Ti   :     0.50000000     0.50000000     0.50002623
   O    :    -0.00000000     0.50000000     0.49997710
   O    :     0.50000000     0.00000000     0.49997710
   O    :     0.50000000     0.50000000    -0.00003707
  Space group :  Pm-3m (#221)

 du0 =   2.951684e-05 [Bohr] du_tensor =   0.000000e+00
 |residual force| =   6.080867e-09

 ----------------------------------------------------------------
  Structure opt. step   75 of 1000    (T = 1.750000e+02 K)
 ----------------------------------------------------------------
 Temp = 1.750000e+02 : convergence achieved in     4 iterations.
  DIIS steps accepted: 1, fallbacks to simple mixing: 0

 Structure at this step :
  Lattice vectors [Bohr]:
   a1 :     7.53159676     0.00000000     0.00000000
   a2 :     0.00000000     7.53159676     0.00000000
   a3 :     0.00000000     0.00000000     7.53159676
  Atomic positions (fractional):
   Ba   :     0.00000000     0.00000000     0.00000048
   Ti   :     0.50000000     0.50000000     0.50002439
   O    :    -0.00000000     0.50000000     0.49997871
   O    :     0.50000000     0.00000000     0.49997871
   O    :     0.50000000     0.50000000    -0.00003446
  Space group :  Pm-3m (#221)

 du0 =   2.744330e-05 [Bohr] du_tensor =   0.000000e+00
 |residual force| =   5.653702e-09

 ----------------------------------------------------------------
  Structure opt. step   76 of 1000    (T = 1.750000e+02 K)
 ----------------------------------------------------------------
 Temp = 1.750000e+02 : convergence achieved in     4 iterations.
  DIIS steps accepted: 1, fallbacks to simple mixing: 0

 Structure at this step :
  Lattice vectors [Bohr]:
   a1 :     7.53159676     0.00000000     0.00000000
   a2 :     0.00000000     7.53159676     0.00000000
   a3 :     0.00000000     0.00000000     7.53159676
  Atomic positions (fractional):
   Ba   :     0.00000000     0.00000000     0.00000044
   Ti   :     0.50000000     0.50000000     0.50002267
   O    :    -0.00000000     0.50000000     0.49998020
   O    :     0.50000000     0.00000000     0.49998020
   O    :     0.50000000     0.50000000    -0.00003204
  Space group :  Pm-3m (#221)

 du0 =   2.551546e-05 [Bohr] du_tensor =   0.000000e+00
 |residual force| =   5.256529e-09

 ----------------------------------------------------------------
  Structure opt. step   77 of 1000    (T = 1.750000e+02 K)
 ----------------------------------------------------------------
 Temp = 1.750000e+02 : convergence achieved in     4 iterations.
  DIIS steps accepted: 1, fallbacks to simple mixing: 0

 Structure at this step :
  Lattice vectors [Bohr]:
   a1 :     7.53159676     0.00000000     0.00000000
   a2 :     0.00000000     7.53159676     0.00000000
   a3 :     0.00000000     0.00000000     7.53159676
  Atomic positions (fractional):
   Ba   :     0.00000000     0.00000000     0.00000041
   Ti   :     0.50000000     0.50000000     0.50002108
   O    :    -0.00000000     0.50000000     0.49998159
   O    :     0.50000000     0.00000000     0.49998159
   O    :     0.50000000     0.50000000    -0.00002979
  Space group :  Pm-3m (#221)

 du0 =   2.372290e-05 [Bohr] du_tensor =   0.000000e+00
 |residual force| =   4.887246e-09

 ----------------------------------------------------------------
  Structure opt. step   78 of 1000    (T = 1.750000e+02 K)
 ----------------------------------------------------------------
 Temp = 1.750000e+02 : convergence achieved in     4 iterations.
  DIIS steps accepted: 1, fallbacks to simple mixing: 0

 Structure at this step :
  Lattice vectors [Bohr]:
   a1 :     7.53159676     0.00000000     0.00000000
   a2 :     0.00000000     7.53159676     0.00000000
   a3 :     0.00000000     0.00000000     7.53159676
  Atomic positions (fractional):
   Ba   :     0.00000000     0.00000000     0.00000038
   Ti   :     0.50000000     0.50000000     0.50001960
   O    :    -0.00000000     0.50000000     0.49998289
   O    :     0.50000000     0.00000000     0.49998289
   O    :     0.50000000     0.50000000    -0.00002770
  Space group :  Pm-3m (#221)

 du0 =   2.205630e-05 [Bohr] du_tensor =   0.000000e+00
 |residual force| =   4.543897e-09

 ----------------------------------------------------------------
  Structure opt. step   79 of 1000    (T = 1.750000e+02 K)
 ----------------------------------------------------------------
 Temp = 1.750000e+02 : convergence achieved in     4 iterations.
  DIIS steps accepted: 1, fallbacks to simple mixing: 0

 Structure at this step :
  Lattice vectors [Bohr]:
   a1 :     7.53159676     0.00000000     0.00000000
   a2 :     0.00000000     7.53159676     0.00000000
   a3 :     0.00000000     0.00000000     7.53159676
  Atomic positions (fractional):
   Ba   :     0.00000000     0.00000000     0.00000036
   Ti   :     0.50000000     0.50000000     0.50001822
   O    :    -0.00000000     0.50000000     0.49998409
   O    :     0.50000000     0.00000000     0.49998409
   O    :     0.50000000     0.50000000    -0.00002575
  Space group :  Pm-3m (#221)

 du0 =   2.050669e-05 [Bohr] du_tensor =   0.000000e+00
 |residual force| =   4.224662e-09

 ----------------------------------------------------------------
  Structure opt. step   80 of 1000    (T = 1.750000e+02 K)
 ----------------------------------------------------------------
 Temp = 1.750000e+02 : convergence achieved in     4 iterations.
  DIIS steps accepted: 1, fallbacks to simple mixing: 0

 Structure at this step :
  Lattice vectors [Bohr]:
   a1 :     7.53159676     0.00000000     0.00000000
   a2 :     0.00000000     7.53159676     0.00000000
   a3 :     0.00000000     0.00000000     7.53159676
  Atomic positions (fractional):
   Ba   :     0.00000000     0.00000000     0.00000033
   Ti   :     0.50000000     0.50000000     0.50001694
   O    :    -0.00000000     0.50000000     0.49998521
   O    :     0.50000000     0.00000000     0.49998521
   O    :     0.50000000     0.50000000    -0.00002394
  Space group :  Pm-3m (#221)

 du0 =   1.906596e-05 [Bohr] du_tensor =   0.000000e+00
 |residual force| =   3.927849e-09

 ----------------------------------------------------------------
  Structure opt. step   81 of 1000    (T = 1.750000e+02 K)
 ----------------------------------------------------------------
 Temp = 1.750000e+02 : convergence achieved in     4 iterations.
  DIIS steps accepted: 1, fallbacks to simple mixing: 0

 Structure at this step :
  Lattice vectors [Bohr]:
   a1 :     7.53159676     0.00000000     0.00000000
   a2 :     0.00000000     7.53159676     0.00000000
   a3 :     0.00000000     0.00000000     7.53159676
  Atomic positions (fractional):
   Ba   :     0.00000000     0.00000000     0.00000031
   Ti   :     0.50000000     0.50000000     0.50001575
   O    :    -0.00000000     0.50000000     0.49998625
   O    :     0.50000000     0.00000000     0.49998625
   O    :     0.50000000     0.50000000    -0.00002226
  Space group :  Pm-3m (#221)

 du0 =   1.772642e-05 [Bohr] du_tensor =   0.000000e+00
 |residual force| =   3.651884e-09

 ----------------------------------------------------------------
  Structure opt. step   82 of 1000    (T = 1.750000e+02 K)
 ----------------------------------------------------------------
 Temp = 1.750000e+02 : convergence achieved in     4 iterations.
  DIIS steps accepted: 1, fallbacks to simple mixing: 0

 Structure at this step :
  Lattice vectors [Bohr]:
   a1 :     7.53159676     0.00000000     0.00000000
   a2 :     0.00000000     7.53159676     0.00000000
   a3 :     0.00000000     0.00000000     7.53159676
  Atomic positions (fractional):
   Ba   :     0.00000000     0.00000000     0.00000029
   Ti   :     0.50000000     0.50000000     0.50001465
   O    :    -0.00000000     0.50000000     0.49998721
   O    :     0.50000000     0.00000000     0.49998721
   O    :     0.50000000     0.50000000    -0.00002070
  Space group :  Pm-3m (#221)

 du0 =   1.648097e-05 [Bohr] du_tensor =   0.000000e+00
 |residual force| =   3.395304e-09

 ----------------------------------------------------------------
  Structure opt. step   83 of 1000    (T = 1.750000e+02 K)
 ----------------------------------------------------------------
 Temp = 1.750000e+02 : convergence achieved in     4 iterations.
  DIIS steps accepted: 1, fallbacks to simple mixing: 0

 Structure at this step :
  Lattice vectors [Bohr]:
   a1 :     7.53159676     0.00000000     0.00000000
   a2 :     0.00000000     7.53159676     0.00000000
   a3 :     0.00000000     0.00000000     7.53159676
  Atomic positions (fractional):
   Ba   :     0.00000000     0.00000000     0.00000027
   Ti   :     0.50000000     0.50000000     0.50001362
   O    :    -0.00000000     0.50000000     0.49998811
   O    :     0.50000000     0.00000000     0.49998811
   O    :     0.50000000     0.50000000    -0.00001924
  Space group :  Pm-3m (#221)

 du0 =   1.532300e-05 [Bohr] du_tensor =   0.000000e+00
 |residual force| =   3.156748e-09

 ----------------------------------------------------------------
  Structure opt. step   84 of 1000    (T = 1.750000e+02 K)
 ----------------------------------------------------------------
 Temp = 1.750000e+02 : convergence achieved in     4 iterations.
  DIIS steps accepted: 1, fallbacks to simple mixing: 0

 Structure at this step :
  Lattice vectors [Bohr]:
   a1 :     7.53159676     0.00000000     0.00000000
   a2 :     0.00000000     7.53159676     0.00000000
   a3 :     0.00000000     0.00000000     7.53159676
  Atomic positions (fractional):
   Ba   :     0.00000000     0.00000000     0.00000025
   Ti   :     0.50000000     0.50000000     0.50001266
   O    :    -0.00000000     0.50000000     0.49998895
   O    :     0.50000000     0.00000000     0.49998895
   O    :     0.50000000     0.50000000    -0.00001789
  Space group :  Pm-3m (#221)

 du0 =   1.424639e-05 [Bohr] du_tensor =   0.000000e+00
 |residual force| =   2.934951e-09

 ----------------------------------------------------------------
  Structure opt. step   85 of 1000    (T = 1.750000e+02 K)
 ----------------------------------------------------------------
 Temp = 1.750000e+02 : convergence achieved in     4 iterations.
  DIIS steps accepted: 1, fallbacks to simple mixing: 0

 Structure at this step :
  Lattice vectors [Bohr]:
   a1 :     7.53159676     0.00000000     0.00000000
   a2 :     0.00000000     7.53159676     0.00000000
   a3 :     0.00000000     0.00000000     7.53159676
  Atomic positions (fractional):
   Ba   :     0.00000000     0.00000000     0.00000023
   Ti   :     0.50000000     0.50000000     0.50001177
   O    :    -0.00000000     0.50000000     0.49998972
   O    :     0.50000000     0.00000000     0.49998972
   O    :     0.50000000     0.50000000    -0.00001663
  Space group :  Pm-3m (#221)

 du0 =   1.324541e-05 [Bohr] du_tensor =   0.000000e+00
 |residual force| =   2.728736e-09

 ----------------------------------------------------------------
  Structure opt. step   86 of 1000    (T = 1.750000e+02 K)
 ----------------------------------------------------------------
 Temp = 1.750000e+02 : convergence achieved in     4 iterations.
  DIIS steps accepted: 1, fallbacks to simple mixing: 0

 Structure at this step :
  Lattice vectors [Bohr]:
   a1 :     7.53159676     0.00000000     0.00000000
   a2 :     0.00000000     7.53159676     0.00000000
   a3 :     0.00000000     0.00000000     7.53159676
  Atomic positions (fractional):
   Ba   :     0.00000000     0.00000000     0.00000021
   Ti   :     0.50000000     0.50000000     0.50001094
   O    :    -0.00000000     0.50000000     0.49999045
   O    :     0.50000000     0.00000000     0.49999045
   O    :     0.50000000     0.50000000    -0.00001546
  Space group :  Pm-3m (#221)

 du0 =   1.231475e-05 [Bohr] du_tensor =   0.000000e+00
 |residual force| =   2.537008e-09

 ----------------------------------------------------------------
  Structure opt. step   87 of 1000    (T = 1.750000e+02 K)
 ----------------------------------------------------------------
 Temp = 1.750000e+02 : convergence achieved in     4 iterations.
  DIIS steps accepted: 1, fallbacks to simple mixing: 0

 Structure at this step :
  Lattice vectors [Bohr]:
   a1 :     7.53159676     0.00000000     0.00000000
   a2 :     0.00000000     7.53159676     0.00000000
   a3 :     0.00000000     0.00000000     7.53159676
  Atomic positions (fractional):
   Ba   :     0.00000000     0.00000000     0.00000020
   Ti   :     0.50000000     0.50000000     0.50001017
   O    :    -0.00000000     0.50000000     0.49999112
   O    :     0.50000000     0.00000000     0.49999112
   O    :     0.50000000     0.50000000    -0.00001438
  Space group :  Pm-3m (#221)

 du0 =   1.144948e-05 [Bohr] du_tensor =   0.000000e+00
 |residual force| =   2.358750e-09

 ----------------------------------------------------------------
  Structure opt. step   88 of 1000    (T = 1.750000e+02 K)
 ----------------------------------------------------------------
 Temp = 1.750000e+02 : convergence achieved in     4 iterations.
  DIIS steps accepted: 1, fallbacks to simple mixing: 0

 Structure at this step :
  Lattice vectors [Bohr]:
   a1 :     7.53159676     0.00000000     0.00000000
   a2 :     0.00000000     7.53159676     0.00000000
   a3 :     0.00000000     0.00000000     7.53159676
  Atomic positions (fractional):
   Ba   :     0.00000000     0.00000000     0.00000018
   Ti   :     0.50000000     0.50000000     0.50000946
   O    :    -0.00000000     0.50000000     0.49999174
   O    :     0.50000000     0.00000000     0.49999174
   O    :     0.50000000     0.50000000    -0.00001337
  Space group :  Pm-3m (#221)

 du0 =   1.064500e-05 [Bohr] du_tensor =   0.000000e+00
 |residual force| =   2.193016e-09

 ----------------------------------------------------------------
  Structure opt. step   89 of 1000    (T = 1.750000e+02 K)
 ----------------------------------------------------------------
 Temp = 1.750000e+02 : convergence achieved in     4 iterations.
  DIIS steps accepted: 1, fallbacks to simple mixing: 0

 Structure at this step :
  Lattice vectors [Bohr]:
   a1 :     7.53159676     0.00000000     0.00000000
   a2 :     0.00000000     7.53159676     0.00000000
   a3 :     0.00000000     0.00000000     7.53159676
  Atomic positions (fractional):
   Ba   :     0.00000000     0.00000000     0.00000017
   Ti   :     0.50000000     0.50000000     0.50000879
   O    :    -0.00000000     0.50000000     0.49999232
   O    :     0.50000000     0.00000000     0.49999232
   O    :     0.50000000     0.50000000    -0.00001243
  Space group :  Pm-3m (#221)

 du0 =   9.897041e-06 [Bohr] du_tensor =   0.000000e+00
 |residual force| =   2.038926e-09


 du0 is smaller than COORD_CONV_TOL =    1.000000e-05
 Structural optimization converged in 89-th loop.
 break structural loop.


 Optimization history at 1.750000e+02 K :
 ------------------------------------------------------------
   step   SCP      du0 [Bohr]    du_tensor      |force|     space group
 ------------------------------------------------------------
      1   conv      3.324e-03    0.000e+00    7.591e-06    P4mm (#99)
      2   conv      4.823e-04    0.000e+00    4.820e-07    P4mm (#99)
      3   conv      2.159e-04    0.000e+00    1.194e-07    P4mm (#99)
      4   conv      5.919e-04    0.000e+00    3.038e-07    P4mm (#99)
      5   conv      1.708e-03    0.000e+00    2.042e-07    P4mm (#99)
      6   conv      2.280e-03    0.000e+00    2.781e-07    P4mm (#99)
      7   conv      6.452e-04    0.000e+00    7.261e-07    P4mm (#99)
      8   conv      1.587e-03    0.000e+00    8.505e-07    P4mm (#99)
      9   conv      6.486e-04    0.000e+00    1.100e-06    P4mm (#99)
     10   conv      6.540e-04    0.000e+00    1.166e-06    P4mm (#99)
     11   conv      6.571e-04    0.000e+00    1.231e-06    P4mm (#99)
     12   conv      6.587e-04    0.000e+00    1.292e-06    P4mm (#99)
     13   conv      6.587e-04    0.000e+00    1.351e-06    P4mm (#99)
     14   conv      6.573e-04    0.000e+00    1.407e-06    P4mm (#99)
     15   conv      6.543e-04    0.000e+00    1.459e-06    P4mm (#99)
     16   conv      6.500e-04    0.000e+00    1.508e-06    P4mm (#99)
     17   conv      6.444e-04    0.000e+00    1.554e-06    P4mm (#99)
     18   conv      6.375e-04    0.000e+00    1.596e-06    P4mm (#99)
     19   conv      6.294e-04    0.000e+00    1.635e-06    P4mm (#99)
     20   conv      1.197e-03    0.000e+00    1.671e-06    P4mm (#99)
     21   conv      2.589e-03    0.000e+00    1.149e-06    P4mm (#99)
     22   conv      1.037e-03    0.000e+00    2.418e-07    P4mm (#99)
     23   conv      1.191e-03    0.000e+00    2.317e-07    P4mm (#99)
     24   conv      5.628e-03    0.000e+00    2.804e-07    P4mm (#99)
     25   conv      8.796e-04    0.000e+00    1.821e-07    P4mm (#99)
     26   conv      8.364e-04    0.000e+00    1.723e-07    P4mm (#99)
     27   conv      7.925e-04    0.000e+00    1.633e-07    P4mm (#99)
     28   conv      7.501e-04    0.000e+00    1.545e-07    P4mm (#99)
     29   conv      7.077e-04    0.000e+00    1.458e-07    P4mm (#99)
     30   conv      6.670e-04    0.000e+00    1.374e-07    P4mm (#99)
     31   conv      6.271e-04    0.000e+00    1.292e-07    P4mm (#99)
     32   conv      5.892e-04    0.000e+00    1.214e-07    P4mm (#99)
     33   conv      5.525e-04    0.000e+00    1.138e-07    P4mm (#99)
     34   conv      5.177e-04    0.000e+00    1.067e-07    P4mm (#99)
     35   conv      4.845e-04    0.000e+00    9.982e-08    P4mm (#99)
     36   conv      4.531e-04    0.000e+00    9.335e-08    P4mm (#99)
     37   conv      4.233e-04    0.000e+00    8.722e-08    P4mm (#99)
     38   conv      3.954e-04    0.000e+00    8.145e-08    P4mm (#99)
     39   conv      3.689e-04    0.000e+00    7.601e-08    P4mm (#99)
     40   conv      3.442e-04    0.000e+00    7.090e-08    P4mm (#99)
     41   conv      3.209e-04    0.000e+00    6.611e-08    P4mm (#99)
     42   conv      2.991e-04    0.000e+00    6.162e-08    P4mm (#99)
     43   conv      2.787e-04    0.000e+00    5.741e-08    P4mm (#99)
     44   conv      2.596e-04    0.000e+00    5.347e-08    P4mm (#99)
     45   conv      2.417e-04    0.000e+00    4.980e-08    P4mm (#99)
     46   conv      2.250e-04    0.000e+00    4.636e-08    P4mm (#99)
     47   conv      2.095e-04    0.000e+00    4.316e-08    P4mm (#99)
     48   conv      1.950e-04    0.000e+00    4.017e-08    P4mm (#99)
     49   conv      1.814e-04    0.000e+00    3.738e-08    P4mm (#99)
     50   conv      1.688e-04    0.000e+00    3.478e-08    P4mm (#99)
     51   conv      1.570e-04    0.000e+00    3.235e-08    P4mm (#99)
     52   conv      1.461e-04    0.000e+00    3.010e-08    P4mm (#99)
     53   conv      1.359e-04    0.000e+00    2.800e-08    P4mm (#99)
     54   conv      1.264e-04    0.000e+00    2.604e-08    P4mm (#99)
     55   conv      1.176e-04    0.000e+00    2.422e-08    P4mm (#99)
     56   conv      1.093e-04    0.000e+00    2.253e-08    P4mm (#99)
     57   conv      1.017e-04    0.000e+00    2.095e-08    P4mm (#99)
     58   conv      9.457e-05    0.000e+00    1.948e-08    P4mm (#99)
     59   conv      8.794e-05    0.000e+00    1.812e-08    P4mm (#99)
     60   conv      8.178e-05    0.000e+00    1.685e-08    P4mm (#99)
     61   conv      7.604e-05    0.000e+00    1.567e-08    P4mm (#99)
     62   conv      7.071e-05    0.000e+00    1.457e-08    P4mm (#99)
     63   conv      6.575e-05    0.000e+00    1.354e-08    P4mm (#99)
     64   conv      6.113e-05    0.000e+00    1.259e-08    P4mm (#99)
     65   conv      5.684e-05    0.000e+00    1.171e-08    P4mm (#99)
     66   conv      5.285e-05    0.000e+00    1.089e-08    P4mm (#99)
     67   conv      4.914e-05    0.000e+00    1.012e-08    Pm-3m (#221)
     68   conv      4.569e-05    0.000e+00    9.413e-09    Pm-3m (#221)
     69   conv      4.248e-05    0.000e+00    8.752e-09    Pm-3m (#221)
     70   conv      3.950e-05    0.000e+00    8.137e-09    Pm-3m (#221)
     71   conv      3.672e-05    0.000e+00    7.566e-09    Pm-3m (#221)
     72   conv      3.415e-05    0.000e+00    7.034e-09    Pm-3m (#221)
     73   conv      3.175e-05    0.000e+00    6.540e-09    Pm-3m (#221)
     74   conv      2.952e-05    0.000e+00    6.081e-09    Pm-3m (#221)
     75   conv      2.744e-05    0.000e+00    5.654e-09    Pm-3m (#221)
     76   conv      2.552e-05    0.000e+00    5.257e-09    Pm-3m (#221)
     77   conv      2.372e-05    0.000e+00    4.887e-09    Pm-3m (#221)
     78   conv      2.206e-05    0.000e+00    4.544e-09    Pm-3m (#221)
     79   conv      2.051e-05    0.000e+00    4.225e-09    Pm-3m (#221)
     80   conv      1.907e-05    0.000e+00    3.928e-09    Pm-3m (#221)
     81   conv      1.773e-05    0.000e+00    3.652e-09    Pm-3m (#221)
     82   conv      1.648e-05    0.000e+00    3.395e-09    Pm-3m (#221)
     83   conv      1.532e-05    0.000e+00    3.157e-09    Pm-3m (#221)
     84   conv      1.425e-05    0.000e+00    2.935e-09    Pm-3m (#221)
     85   conv      1.325e-05    0.000e+00    2.729e-09    Pm-3m (#221)
     86   conv      1.231e-05    0.000e+00    2.537e-09    Pm-3m (#221)
     87   conv      1.145e-05    0.000e+00    2.359e-09    Pm-3m (#221)
     88   conv      1.065e-05    0.000e+00    2.193e-09    Pm-3m (#221)
     89   conv      9.897e-06    0.000e+00    2.039e-09    Pm-3m (#221)
 ------------------------------------------------------------
 ----------------------------------------------------------------
 Final atomic displacements [Bohr] at 1.750e+02 K
    u_{0,x}   u_{0,y}   u_{0,z} :   3.273858e-18   7.304012e-20   1.202031e-06
    u_{1,x}   u_{1,y}   u_{1,z} :   4.120919e-17  -4.845623e-18   6.158300e-05
    u_{2,x}   u_{2,y}   u_{2,z} :  -6.795434e-17   3.003167e-18  -5.376940e-05
    u_{3,x}   u_{3,y}   u_{3,z} :  -4.106546e-17   6.369512e-18  -5.376940e-05
    u_{4,x}   u_{4,y}   u_{4,z} :  -4.237532e-17   4.559138e-18  -8.702254e-05


 Final structure at 1.750000e+02 K :
  Lattice vectors [Bohr]:
   a1 :     7.53159676     0.00000000     0.00000000
   a2 :     0.00000000     7.53159676     0.00000000
   a3 :     0.00000000     0.00000000     7.53159676
  Atomic positions (fractional):
   Ba   :     0.00000000     0.00000000     0.00000016
   Ti   :     0.50000000     0.50000000     0.50000818
   O    :    -0.00000000     0.50000000     0.49999286
   O    :     0.50000000     0.00000000     0.49999286
   O    :     0.50000000     0.50000000    -0.00001155
  Space group :  Pm-3m (#221)


 ================================================================
  Temperature = 1.50000000e+02 K    (  11 of   15)
 ================================================================

 SET_INIT_STR = 3:
 u0[5] <    5.000000e-03 is satisfied.
 the structure is back to the high-symmetry phase.
 set again initial displacement from input file.

 Initial atomic displacements [Bohr] : 
    u_{0,x}   u_{0,y}   u_{0,z} :  -2.868416e-19   1.805277e-18   1.131778e-04
    u_{1,x}   u_{1,y}   u_{1,z} :   5.002977e-19   9.722717e-19   1.882897e-02
    u_{2,x}   u_{2,y}   u_{2,z} :  -1.189560e-18   1.106559e-18  -1.429815e-02
    u_{3,x}   u_{3,y}   u_{3,z} :  -5.666344e-19   3.215828e-18  -1.429815e-02
    u_{4,x}   u_{4,y}   u_{4,z} :   1.361725e-18  -3.761488e-18  -2.870764e-02

 Start structural optimization at 1.500000e+02 K.

 ----------------------------------------------------------------
  Structure opt. step    1 of 1000    (T = 1.500000e+02 K)
 ----------------------------------------------------------------
 Temp = 1.500000e+02 : convergence achieved in    13 iterations.
  DIIS steps accepted: 10, fallbacks to simple mixing: 0

 Structure at this step :
  Lattice vectors [Bohr]:
   a1 :     7.53159676     0.00000000     0.00000000
   a2 :     0.00000000     7.53159676     0.00000000
   a3 :     0.00000000     0.00000000     7.53159676
  Atomic positions (fractional):
   Ba   :    -0.00000000     0.00000000     0.00001503
   Ti   :     0.50000000     0.50000000     0.50250000
   O    :    -0.00000000     0.50000000     0.49810158
   O    :     0.50000000     0.00000000     0.49810158
   O    :     0.50000000     0.50000000    -0.00381163
  Space group :  P4mm (#99)

 du0 =   4.074973e-03 [Bohr] du_tensor =   0.000000e+00
 |residual force| =   7.476168e-06

 ----------------------------------------------------------------
  Structure opt. step    2 of 1000    (T = 1.500000e+02 K)
 ----------------------------------------------------------------
 Temp = 1.500000e+02 : convergence achieved in     8 iterations.
  DIIS steps accepted: 5, fallbacks to simple mixing: 0

 Structure at this step :
  Lattice vectors [Bohr]:
   a1 :     7.53159676     0.00000000     0.00000000
   a2 :     0.00000000     7.53159676     0.00000000
   a3 :     0.00000000     0.00000000     7.53159676
  Atomic positions (fractional):
   Ba   :     0.00000000     0.00000000     0.00004027
   Ti   :     0.50000000     0.50000000     0.50264641
   O    :    -0.00000000     0.50000000     0.49773741
   O    :     0.50000000     0.00000000     0.49773741
   O    :     0.50000000     0.50000000    -0.00373801
  Space group :  P4mm (#99)

 du0 =   2.261932e-03 [Bohr] du_tensor =   0.000000e+00
 |residual force| =   5.074988e-07

 ----------------------------------------------------------------
  Structure opt. step    3 of 1000    (T = 1.500000e+02 K)
 ----------------------------------------------------------------
 Temp = 1.500000e+02 : convergence achieved in     8 iterations.
  DIIS steps accepted: 5, fallbacks to simple mixing: 0

 Structure at this step :
  Lattice vectors [Bohr]:
   a1 :     7.53159676     0.00000000     0.00000000
   a2 :     0.00000000     7.53159676     0.00000000
   a3 :     0.00000000     0.00000000     7.53159676
  Atomic positions (fractional):
   Ba   :     0.00000000    -0.00000000     0.00005036
   Ti   :     0.50000000     0.50000000     0.50277428
   O    :    -0.00000000     0.50000000     0.49758907
   O    :     0.50000000     0.00000000     0.49758907
   O    :     0.50000000     0.50000000    -0.00391045
  Space group :  P4mm (#99)

 du0 =   2.265190e-03 [Bohr] du_tensor =   0.000000e+00
 |residual force| =   6.156535e-07

 ----------------------------------------------------------------
  Structure opt. step    4 of 1000    (T = 1.500000e+02 K)
 ----------------------------------------------------------------
 Temp = 1.500000e+02 : convergence achieved in     8 iterations.
  DIIS steps accepted: 5, fallbacks to simple mixing: 0

 Structure at this step :
  Lattice vectors [Bohr]:
   a1 :     7.53159676     0.00000000     0.00000000
   a2 :     0.00000000     7.53159676     0.00000000
   a3 :     0.00000000     0.00000000     7.53159676
  Atomic positions (fractional):
   Ba   :     0.00000000    -0.00000000     0.00005953
   Ti   :     0.50000000     0.50000000     0.50290387
   O    :    -0.00000000     0.50000000     0.49744696
   O    :     0.50000000     0.00000000     0.49744696
   O    :     0.50000000     0.50000000    -0.00409263
  Space group :  P4mm (#99)

 du0 =   2.390458e-03 [Bohr] du_tensor =   0.000000e+00
 |residual force| =   1.074235e-06

 ----------------------------------------------------------------
  Structure opt. step    5 of 1000    (T = 1.500000e+02 K)
 ----------------------------------------------------------------
 Temp = 1.500000e+02 : convergence achieved in     8 iterations.
  DIIS steps accepted: 5, fallbacks to simple mixing: 0

 Structure at this step :
  Lattice vectors [Bohr]:
   a1 :     7.53159676     0.00000000     0.00000000
   a2 :     0.00000000     7.53159676     0.00000000
   a3 :     0.00000000     0.00000000     7.53159676
  Atomic positions (fractional):
   Ba   :     0.00000000    -0.00000000     0.00006776
   Ti   :     0.50000000     0.50000000     0.50304356
   O    :    -0.00000000     0.50000000     0.49730029
   O    :     0.50000000     0.00000000     0.49730029
   O    :     0.50000000     0.50000000    -0.00428790
  Space group :  P4mm (#99)

 du0 =   2.617689e-03 [Bohr] du_tensor =   0.000000e+00
 |residual force| =   1.540651e-06

 ----------------------------------------------------------------
  Structure opt. step    6 of 1000    (T = 1.500000e+02 K)
 ----------------------------------------------------------------
 Temp = 1.500000e+02 : convergence achieved in     8 iterations.
  DIIS steps accepted: 5, fallbacks to simple mixing: 0

 Structure at this step :
  Lattice vectors [Bohr]:
   a1 :     7.53159676     0.00000000     0.00000000
   a2 :     0.00000000     7.53159676     0.00000000
   a3 :     0.00000000     0.00000000     7.53159676
  Atomic positions (fractional):
   Ba   :     0.00000000    -0.00000000     0.00007573
   Ti   :     0.50000000     0.50000000     0.50319860
   O    :    -0.00000000     0.50000000     0.49714226
   O    :     0.50000000     0.00000000     0.49714226
   O    :     0.50000000     0.50000000    -0.00450412
  Space group :  P4mm (#99)

 du0 =   2.954903e-03 [Bohr] du_tensor =   0.000000e+00
 |residual force| =   2.011742e-06

 ----------------------------------------------------------------
  Structure opt. step    7 of 1000    (T = 1.500000e+02 K)
 ----------------------------------------------------------------
 Temp = 1.500000e+02 : convergence achieved in     9 iterations.
  DIIS steps accepted: 6, fallbacks to simple mixing: 0

 Structure at this step :
  Lattice vectors [Bohr]:
   a1 :     7.53159676     0.00000000     0.00000000
   a2 :     0.00000000     7.53159676     0.00000000
   a3 :     0.00000000     0.00000000     7.53159676
  Atomic positions (fractional):
   Ba   :     0.00000000    -0.00000000     0.00008399
   Ti   :     0.50000000     0.50000000     0.50337506
   O    :    -0.00000000     0.50000000     0.49696575
   O    :     0.50000000     0.00000000     0.49696575
   O    :     0.50000000     0.50000000    -0.00474991
  Space group :  P4mm (#99)

 du0 =   3.422224e-03 [Bohr] du_tensor =   0.000000e+00
 |residual force| =   2.513200e-06

 ----------------------------------------------------------------
  Structure opt. step    8 of 1000    (T = 1.500000e+02 K)
 ----------------------------------------------------------------
 Temp = 1.500000e+02 : convergence achieved in     9 iterations.
  DIIS steps accepted: 6, fallbacks to simple mixing: 0

 Structure at this step :
  Lattice vectors [Bohr]:
   a1 :     7.53159676     0.00000000     0.00000000
   a2 :     0.00000000     7.53159676     0.00000000
   a3 :     0.00000000     0.00000000     7.53159676
  Atomic positions (fractional):
   Ba   :     0.00000000    -0.00000000     0.00009305
   Ti   :     0.50000000     0.50000000     0.50358039
   O    :    -0.00000000     0.50000000     0.49676260
   O    :     0.50000000     0.00000000     0.49676260
   O    :     0.50000000     0.50000000    -0.00503570
  Space group :  P4mm (#99)

 du0 =   4.054106e-03 [Bohr] du_tensor =   0.000000e+00
 |residual force| =   3.078130e-06

 ----------------------------------------------------------------
  Structure opt. step    9 of 1000    (T = 1.500000e+02 K)
 ----------------------------------------------------------------
 Temp = 1.500000e+02 : convergence achieved in     9 iterations.
  DIIS steps accepted: 6, fallbacks to simple mixing: 0

 Structure at this step :
  Lattice vectors [Bohr]:
   a1 :     7.53159676     0.00000000     0.00000000
   a2 :     0.00000000     7.53159676     0.00000000
   a3 :     0.00000000     0.00000000     7.53159676
  Atomic positions (fractional):
   Ba   :     0.00000000    -0.00000000     0.00010348
   Ti   :     0.50000000     0.50000000     0.50382425
   O    :    -0.00000000     0.50000000     0.49652265
   O    :     0.50000000     0.00000000     0.49652265
   O    :     0.50000000     0.50000000    -0.00537485
  Space group :  P4mm (#99)

 du0 =   4.903018e-03 [Bohr] du_tensor =   0.000000e+00
 |residual force| =   3.747158e-06

 ----------------------------------------------------------------
  Structure opt. step   10 of 1000    (T = 1.500000e+02 K)
 ----------------------------------------------------------------
 Temp = 1.500000e+02 : convergence achieved in     9 iterations.
  DIIS steps accepted: 6, fallbacks to simple mixing: 0

 Structure at this step :
  Lattice vectors [Bohr]:
   a1 :     7.53159676     0.00000000     0.00000000
   a2 :     0.00000000     7.53159676     0.00000000
   a3 :     0.00000000     0.00000000     7.53159676
  Atomic positions (fractional):
   Ba   :     0.00000000    -0.00000000     0.00011594
   Ti   :     0.50000000     0.50000000     0.50411947
   O    :    -0.00000000     0.50000000     0.49623267
   O    :     0.50000000     0.00000000     0.49623267
   O    :     0.50000000     0.50000000    -0.00578510
  Space group :  P4mm (#99)

 du0 =   6.042875e-03 [Bohr] du_tensor =   0.000000e+00
 |residual force| =   4.571802e-06

 ----------------------------------------------------------------
  Structure opt. step   11 of 1000    (T = 1.500000e+02 K)
 ----------------------------------------------------------------
 Temp = 1.500000e+02 : convergence achieved in     9 iterations.
  DIIS steps accepted: 6, fallbacks to simple mixing: 0

 Structure at this step :
  Lattice vectors [Bohr]:
   a1 :     7.53159676     0.00000000     0.00000000
   a2 :     0.00000000     7.53159676     0.00000000
   a3 :     0.00000000     0.00000000     7.53159676
  Atomic positions (fractional):
   Ba   :     0.00000000    -0.00000000     0.00013130
   Ti   :     0.50000000     0.50000000     0.50448335
   O    :    -0.00000000     0.50000000     0.49587502
   O    :     0.50000000     0.00000000     0.49587502
   O    :     0.50000000     0.50000000    -0.00629033
  Space group :  P4mm (#99)

 du0 =   7.565161e-03 [Bohr] du_tensor =   0.000000e+00
 |residual force| =   5.617535e-06

 ----------------------------------------------------------------
  Structure opt. step   12 of 1000    (T = 1.500000e+02 K)
 ----------------------------------------------------------------
 Temp = 1.500000e+02 : convergence achieved in     9 iterations.
  DIIS steps accepted: 6, fallbacks to simple mixing: 0

 Structure at this step :
  Lattice vectors [Bohr]:
   a1 :     7.53159676     0.00000000     0.00000000
   a2 :     0.00000000     7.53159676     0.00000000
   a3 :     0.00000000     0.00000000     7.53159676
  Atomic positions (fractional):
   Ba   :     0.00000000    -0.00000000     0.00015067
   Ti   :     0.50000000     0.50000000     0.50493870
   O    :    -0.00000000     0.50000000     0.49542661
   O    :     0.50000000     0.00000000     0.49542661
   O    :     0.50000000     0.50000000    -0.00692205
  Space group :  P4mm (#99)

 du0 =   9.543398e-03 [Bohr] du_tensor =   0.000000e+00
 |residual force| =   6.960276e-06

 ----------------------------------------------------------------
  Structure opt. step   13 of 1000    (T = 1.500000e+02 K)
 ----------------------------------------------------------------
 Temp = 1.500000e+02 : convergence achieved in     9 iterations.
  DIIS steps accepted: 6, fallbacks to simple mixing: 0

 Structure at this step :
  Lattice vectors [Bohr]:
   a1 :     7.53159676     0.00000000     0.00000000
   a2 :     0.00000000     7.53159676     0.00000000
   a3 :     0.00000000     0.00000000     7.53159676
  Atomic positions (fractional):
   Ba   :     0.00000000    -0.00000000     0.00017530
   Ti   :     0.50000000     0.50000000     0.50551279
   O    :    -0.00000000     0.50000000     0.49486015
   O    :     0.50000000     0.00000000     0.49486015
   O    :     0.50000000     0.50000000    -0.00771807
  Space group :  P4mm (#99)

 du0 =   1.189529e-02 [Bohr] du_tensor =   0.000000e+00
 |residual force| =   8.657223e-06

 ----------------------------------------------------------------
  Structure opt. step   14 of 1000    (T = 1.500000e+02 K)
 ----------------------------------------------------------------
 Temp = 1.500000e+02 : convergence achieved in    10 iterations.
  DIIS steps accepted: 7, fallbacks to simple mixing: 0

 Structure at this step :
  Lattice vectors [Bohr]:
   a1 :     7.53159676     0.00000000     0.00000000
   a2 :     0.00000000     7.53159676     0.00000000
   a3 :     0.00000000     0.00000000     7.53159676
  Atomic positions (fractional):
   Ba   :     0.00000000    -0.00000000     0.00020608
   Ti   :     0.50000000     0.50000000     0.50622817
   O    :    -0.00000000     0.50000000     0.49415394
   O    :     0.50000000     0.00000000     0.49415394
   O    :     0.50000000     0.50000000    -0.00871018
  Space group :  P4mm (#99)

 du0 =   1.400310e-02 [Bohr] du_tensor =   0.000000e+00
 |residual force| =   1.064714e-05

 ----------------------------------------------------------------
  Structure opt. step   15 of 1000    (T = 1.500000e+02 K)
 ----------------------------------------------------------------
 Temp = 1.500000e+02 : convergence achieved in    10 iterations.
  DIIS steps accepted: 7, fallbacks to simple mixing: 0

 Structure at this step :
  Lattice vectors [Bohr]:
   a1 :     7.53159676     0.00000000     0.00000000
   a2 :     0.00000000     7.53159676     0.00000000
   a3 :     0.00000000     0.00000000     7.53159676
  Atomic positions (fractional):
   Ba   :     0.00000000    -0.00000000     0.00024181
   Ti   :     0.50000000     0.50000000     0.50707108
   O    :    -0.00000000     0.50000000     0.49332538
   O    :     0.50000000     0.00000000     0.49332538
   O    :     0.50000000     0.50000000    -0.00988150
  Space group :  P4mm (#99)

 du0 =   1.415520e-02 [Bohr] du_tensor =   0.000000e+00
 |residual force| =   1.254554e-05

 ----------------------------------------------------------------
  Structure opt. step   16 of 1000    (T = 1.500000e+02 K)
 ----------------------------------------------------------------
 Temp = 1.500000e+02 : convergence achieved in    10 iterations.
  DIIS steps accepted: 7, fallbacks to simple mixing: 0

 Structure at this step :
  Lattice vectors [Bohr]:
   a1 :     7.53159676     0.00000000     0.00000000
   a2 :     0.00000000     7.53159676     0.00000000
   a3 :     0.00000000     0.00000000     7.53159676
  Atomic positions (fractional):
   Ba   :     0.00000000    -0.00000000     0.00027558
   Ti   :     0.50000000     0.50000000     0.50792677
   O    :    -0.00000000     0.50000000     0.49249888
   O    :     0.50000000     0.00000000     0.49249888
   O    :     0.50000000     0.50000000    -0.01107848
  Space group :  P4mm (#99)

 du0 =   2.983304e-02 [Bohr] du_tensor =   0.000000e+00
 |residual force| =   1.356189e-05

 ----------------------------------------------------------------
  Structure opt. step   17 of 1000    (T = 1.500000e+02 K)
 ----------------------------------------------------------------
 Temp = 1.500000e+02 : convergence achieved in    10 iterations.
  DIIS steps accepted: 7, fallbacks to simple mixing: 0

 Structure at this step :
  Lattice vectors [Bohr]:
   a1 :     7.53159676     0.00000000     0.00000000
   a2 :     0.00000000     7.53159676     0.00000000
   a3 :     0.00000000     0.00000000     7.53159676
  Atomic positions (fractional):
   Ba   :    -0.00000000     0.00000000    -0.00007131
   Ti   :     0.50000000     0.50000000     0.50971031
   O    :     0.00000000     0.50000000     0.49303776
   O    :     0.50000000     0.00000000     0.49303776
   O    :     0.50000000     0.50000000    -0.01451473
  Space group :  P4mm (#99)

 du0 =   1.723078e-02 [Bohr] du_tensor =   0.000000e+00
 |residual force| =   3.397281e-05

 ----------------------------------------------------------------
  Structure opt. step   18 of 1000    (T = 1.500000e+02 K)
 ----------------------------------------------------------------
 Temp = 1.500000e+02 : convergence achieved in     9 iterations.
  DIIS steps accepted: 6, fallbacks to simple mixing: 0

 Structure at this step :
  Lattice vectors [Bohr]:
   a1 :     7.53159676     0.00000000     0.00000000
   a2 :     0.00000000     7.53159676     0.00000000
   a3 :     0.00000000     0.00000000     7.53159676
  Atomic positions (fractional):
   Ba   :     0.00000000    -0.00000000     0.00015247
   Ti   :     0.50000000     0.50000000     0.50973610
   O    :    -0.00000000     0.50000000     0.49157046
   O    :     0.50000000     0.00000000     0.49157046
   O    :     0.50000000     0.50000000    -0.01357806
  Space group :  P4mm (#99)

 du0 =   9.202048e-03 [Bohr] du_tensor =   0.000000e+00
 |residual force| =   2.094969e-06

 ----------------------------------------------------------------
  Structure opt. step   19 of 1000    (T = 1.500000e+02 K)
 ----------------------------------------------------------------
 Temp = 1.500000e+02 : convergence achieved in     9 iterations.
  DIIS steps accepted: 6, fallbacks to simple mixing: 0

 Structure at this step :
  Lattice vectors [Bohr]:
   a1 :     7.53159676     0.00000000     0.00000000
   a2 :     0.00000000     7.53159676     0.00000000
   a3 :     0.00000000     0.00000000     7.53159676
  Atomic positions (fractional):
   Ba   :     0.00000000    -0.00000000     0.00016785
   Ti   :     0.50000000     0.50000000     0.50909546
   O    :    -0.00000000     0.50000000     0.49210693
   O    :     0.50000000     0.00000000     0.49210693
   O    :     0.50000000     0.50000000    -0.01286636
  Space group :  P4mm (#99)

 du0 =   2.850860e-03 [Bohr] du_tensor =   0.000000e+00
 |residual force| =   7.850277e-07

 ----------------------------------------------------------------
  Structure opt. step   20 of 1000    (T = 1.500000e+02 K)
 ----------------------------------------------------------------
 Temp = 1.500000e+02 : convergence achieved in     8 iterations.
  DIIS steps accepted: 5, fallbacks to simple mixing: 0

 Structure at this step :
  Lattice vectors [Bohr]:
   a1 :     7.53159676     0.00000000     0.00000000
   a2 :     0.00000000     7.53159676     0.00000000
   a3 :     0.00000000     0.00000000     7.53159676
  Atomic positions (fractional):
   Ba   :     0.00000000    -0.00000000     0.00017329
   Ti   :     0.50000000     0.50000000     0.50926864
   O    :    -0.00000000     0.50000000     0.49195260
   O    :     0.50000000     0.00000000     0.49195260
   O    :     0.50000000     0.50000000    -0.01312253
  Space group :  P4mm (#99)

 du0 =   3.531642e-04 [Bohr] du_tensor =   0.000000e+00
 |residual force| =   7.267570e-08

 ----------------------------------------------------------------
  Structure opt. step   21 of 1000    (T = 1.500000e+02 K)
 ----------------------------------------------------------------
 Temp = 1.500000e+02 : convergence achieved in     7 iterations.
  DIIS steps accepted: 4, fallbacks to simple mixing: 0

 Structure at this step :
  Lattice vectors [Bohr]:
   a1 :     7.53159676     0.00000000     0.00000000
   a2 :     0.00000000     7.53159676     0.00000000
   a3 :     0.00000000     0.00000000     7.53159676
  Atomic positions (fractional):
   Ba   :     0.00000000    -0.00000000     0.00017508
   Ti   :     0.50000000     0.50000000     0.50928794
   O    :    -0.00000000     0.50000000     0.49193095
   O    :     0.50000000     0.00000000     0.49193095
   O    :     0.50000000     0.50000000    -0.01315229
  Space group :  P4mm (#99)

 du0 =   2.527687e-05 [Bohr] du_tensor =   0.000000e+00
 |residual force| =   6.588028e-09

 ----------------------------------------------------------------
  Structure opt. step   22 of 1000    (T = 1.500000e+02 K)
 ----------------------------------------------------------------
 Temp = 1.500000e+02 : convergence achieved in     6 iterations.
  DIIS steps accepted: 3, fallbacks to simple mixing: 0

 Structure at this step :
  Lattice vectors [Bohr]:
   a1 :     7.53159676     0.00000000     0.00000000
   a2 :     0.00000000     7.53159676     0.00000000
   a3 :     0.00000000     0.00000000     7.53159676
  Atomic positions (fractional):
   Ba   :     0.00000000    -0.00000000     0.00017532
   Ti   :     0.50000000     0.50000000     0.50928579
   O    :    -0.00000000     0.50000000     0.49193222
   O    :     0.50000000    -0.00000000     0.49193222
   O    :     0.50000000     0.50000000    -0.01315045
  Space group :  P4mm (#99)

 du0 =   3.729994e-06 [Bohr] du_tensor =   0.000000e+00
 |residual force| =   1.161268e-09


 du0 is smaller than COORD_CONV_TOL =    1.000000e-05
 Structural optimization converged in 22-th loop.
 break structural loop.


 Optimization history at 1.500000e+02 K :
 ------------------------------------------------------------
   step   SCP      du0 [Bohr]    du_tensor      |force|     space group
 ------------------------------------------------------------
      1   conv      4.075e-03    0.000e+00    7.476e-06    P4mm (#99)
      2   conv      2.262e-03    0.000e+00    5.075e-07    P4mm (#99)
      3   conv      2.265e-03    0.000e+00    6.157e-07    P4mm (#99)
      4   conv      2.390e-03    0.000e+00    1.074e-06    P4mm (#99)
      5   conv      2.618e-03    0.000e+00    1.541e-06    P4mm (#99)
      6   conv      2.955e-03    0.000e+00    2.012e-06    P4mm (#99)
      7   conv      3.422e-03    0.000e+00    2.513e-06    P4mm (#99)
      8   conv      4.054e-03    0.000e+00    3.078e-06    P4mm (#99)
      9   conv      4.903e-03    0.000e+00    3.747e-06    P4mm (#99)
     10   conv      6.043e-03    0.000e+00    4.572e-06    P4mm (#99)
     11   conv      7.565e-03    0.000e+00    5.618e-06    P4mm (#99)
     12   conv      9.543e-03    0.000e+00    6.960e-06    P4mm (#99)
     13   conv      1.190e-02    0.000e+00    8.657e-06    P4mm (#99)
     14   conv      1.400e-02    0.000e+00    1.065e-05    P4mm (#99)
     15   conv      1.416e-02    0.000e+00    1.255e-05    P4mm (#99)
     16   conv      2.983e-02    0.000e+00    1.356e-05    P4mm (#99)
     17   conv      1.723e-02    0.000e+00    3.397e-05    P4mm (#99)
     18   conv      9.202e-03    0.000e+00    2.095e-06    P4mm (#99)
     19   conv      2.851e-03    0.000e+00    7.850e-07    P4mm (#99)
     20   conv      3.532e-04    0.000e+00    7.268e-08    P4mm (#99)
     21   conv      2.528e-05    0.000e+00    6.588e-09    P4mm (#99)
     22   conv      3.730e-06    0.000e+00    1.161e-09    P4mm (#99)
 ------------------------------------------------------------
 ----------------------------------------------------------------
 Final atomic displacements [Bohr] at 1.500e+02 K
    u_{0,x}   u_{0,y}   u_{0,z} :   4.469313e-18  -1.585978e-19   1.320447e-03
    u_{1,x}   u_{1,y}   u_{1,z} :   4.146215e-17   2.328646e-17   6.993862e-02
    u_{2,x}   u_{2,y}   u_{2,z} :  -7.335039e-17  -1.167434e-17  -6.076506e-02
    u_{3,x}   u_{3,y}   u_{3,z} :  -4.284861e-17  -7.097983e-18  -6.076506e-02
    u_{4,x}   u_{4,y}   u_{4,z} :  -5.190614e-17   2.042442e-17  -9.904596e-02


 Final structure at 1.500000e+02 K :
  Lattice vectors [Bohr]:
   a1 :     7.53159676     0.00000000     0.00000000
   a2 :     0.00000000     7.53159676     0.00000000
   a3 :     0.00000000     0.00000000     7.53159676
  Atomic positions (fractional):
   Ba   :     0.00000000    -0.00000000     0.00017532
   Ti   :     0.50000000     0.50000000     0.50928603
   O    :    -0.00000000     0.50000000     0.49193198
   O    :     0.50000000    -0.00000000     0.49193198
   O    :     0.50000000     0.50000000    -0.01315073
  Space group :  P4mm (#99)


 ================================================================
  Temperature = 1.25000000e+02 K    (  12 of   15)
 ================================================================

 SET_INIT_STR = 3: start from the structure at the previous temperature.

 Initial atomic displacements [Bohr] : 
    u_{0,x}   u_{0,y}   u_{0,z} :   4.469313e-18  -1.585978e-19   1.320447e-03
    u_{1,x}   u_{1,y}   u_{1,z} :   4.146215e-17   2.328646e-17   6.993862e-02
    u_{2,x}   u_{2,y}   u_{2,z} :  -7.335039e-17  -1.167434e-17  -6.076506e-02
    u_{3,x}   u_{3,y}   u_{3,z} :  -4.284861e-17  -7.097983e-18  -6.076506e-02
    u_{4,x}   u_{4,y}   u_{4,z} :  -5.190614e-17   2.042442e-17  -9.904596e-02

 Start structural optimization at 1.250000e+02 K.

 ----------------------------------------------------------------
  Structure opt. step    1 of 1000    (T = 1.250000e+02 K)
 ----------------------------------------------------------------
 Temp = 1.250000e+02 : convergence achieved in    10 iterations.
  DIIS steps accepted: 7, fallbacks to simple mixing: 0

 Structure at this step :
  Lattice vectors [Bohr]:
   a1 :     7.53159676     0.00000000     0.00000000
   a2 :     0.00000000     7.53159676     0.00000000
   a3 :     0.00000000     0.00000000     7.53159676
  Atomic positions (fractional):
   Ba   :     0.00000000    -0.00000000     0.00017532
   Ti   :     0.50000000     0.50000000     0.50928603
   O    :    -0.00000000     0.50000000     0.49193198
   O    :     0.50000000    -0.00000000     0.49193198
   O    :     0.50000000     0.50000000    -0.01315073
  Space group :  P4mm (#99)

 du0 =   2.585992e-03 [Bohr] du_tensor =   0.000000e+00
 |residual force| =   1.476136e-06

 ----------------------------------------------------------------
  Structure opt. step    2 of 1000    (T = 1.250000e+02 K)
 ----------------------------------------------------------------
 Temp = 1.250000e+02 : convergence achieved in     8 iterations.
  DIIS steps accepted: 5, fallbacks to simple mixing: 0

 Structure at this step :
  Lattice vectors [Bohr]:
   a1 :     7.53159676     0.00000000     0.00000000
   a2 :     0.00000000     7.53159676     0.00000000
   a3 :     0.00000000     0.00000000     7.53159676
  Atomic positions (fractional):
   Ba   :     0.00000000    -0.00000000     0.00017937
   Ti   :     0.50000000     0.50000000     0.50944625
   O    :    -0.00000000     0.50000000     0.49178668
   O    :     0.50000000    -0.00000000     0.49178668
   O    :     0.50000000     0.50000000    -0.01337428
  Space group :  P4mm (#99)

 du0 =   3.274198e-03 [Bohr] du_tensor =   0.000000e+00
 |residual force| =   8.280589e-07

 ----------------------------------------------------------------
  Structure opt. step    3 of 1000    (T = 1.250000e+02 K)
 ----------------------------------------------------------------
 Temp = 1.250000e+02 : convergence achieved in     8 iterations.
  DIIS steps accepted: 5, fallbacks to simple mixing: 0

 Structure at this step :
  Lattice vectors [Bohr]:
   a1 :     7.53159676     0.00000000     0.00000000
   a2 :     0.00000000     7.53159676     0.00000000
   a3 :     0.00000000     0.00000000     7.53159676
  Atomic positions (fractional):
   Ba   :     0.00000000    -0.00000000     0.00018521
   Ti   :     0.50000000     0.50000000     0.50964744
   O    :    -0.00000000     0.50000000     0.49160294
   O    :     0.50000000     0.00000000     0.49160294
   O    :     0.50000000     0.50000000    -0.01365881
  Space group :  P4mm (#99)

 du0 =   3.182951e-04 [Bohr] du_tensor =   0.000000e+00
 |residual force| =   8.355489e-08

 ----------------------------------------------------------------
  Structure opt. step    4 of 1000    (T = 1.250000e+02 K)
 ----------------------------------------------------------------
 Temp = 1.250000e+02 : convergence achieved in     7 iterations.
  DIIS steps accepted: 4, fallbacks to simple mixing: 0

 Structure at this step :
  Lattice vectors [Bohr]:
   a1 :     7.53159676     0.00000000     0.00000000
   a2 :     0.00000000     7.53159676     0.00000000
   a3 :     0.00000000     0.00000000     7.53159676
  Atomic positions (fractional):
   Ba   :     0.00000000    -0.00000000     0.00018497
   Ti   :     0.50000000     0.50000000     0.50962724
   O    :    -0.00000000     0.50000000     0.49162018
   O    :     0.50000000    -0.00000000     0.49162018
   O    :     0.50000000     0.50000000    -0.01363082
  Space group :  P4mm (#99)

 du0 =   5.446596e-05 [Bohr] du_tensor =   0.000000e+00
 |residual force| =   1.528553e-08

 ----------------------------------------------------------------
  Structure opt. step    5 of 1000    (T = 1.250000e+02 K)
 ----------------------------------------------------------------
 Temp = 1.250000e+02 : convergence achieved in     6 iterations.
  DIIS steps accepted: 3, fallbacks to simple mixing: 0

 Structure at this step :
  Lattice vectors [Bohr]:
   a1 :     7.53159676     0.00000000     0.00000000
   a2 :     0.00000000     7.53159676     0.00000000
   a3 :     0.00000000     0.00000000     7.53159676
  Atomic positions (fractional):
   Ba   :     0.00000000    -0.00000000     0.00018511
   Ti   :     0.50000000     0.50000000     0.50963050
   O    :    -0.00000000     0.50000000     0.49161713
   O    :     0.50000000    -0.00000000     0.49161713
   O    :     0.50000000     0.50000000    -0.01363563
  Space group :  P4mm (#99)

 du0 =   2.974362e-06 [Bohr] du_tensor =   0.000000e+00
 |residual force| =   8.993721e-10


 du0 is smaller than COORD_CONV_TOL =    1.000000e-05
 Structural optimization converged in 5-th loop.
 break structural loop.


 Optimization history at 1.250000e+02 K :
 ------------------------------------------------------------
   step   SCP      du0 [Bohr]    du_tensor      |force|     space group
 ------------------------------------------------------------
      1   conv      2.586e-03    0.000e+00    1.476e-06    P4mm (#99)
      2   conv      3.274e-03    0.000e+00    8.281e-07    P4mm (#99)
      3   conv      3.183e-04    0.000e+00    8.355e-08    P4mm (#99)
      4   conv      5.447e-05    0.000e+00    1.529e-08    P4mm (#99)
      5   conv      2.974e-06    0.000e+00    8.994e-10    P4mm (#99)
 ------------------------------------------------------------
 ----------------------------------------------------------------
 Final atomic displacements [Bohr] at 1.250e+02 K
    u_{0,x}   u_{0,y}   u_{0,z} :   4.152478e-18   1.517600e-19   1.394174e-03
    u_{1,x}   u_{1,y}   u_{1,z} :   3.799350e-17   3.679527e-17   7.253155e-02
    u_{2,x}   u_{2,y}   u_{2,z} :  -6.747504e-17  -2.360387e-17  -6.313516e-02
    u_{3,x}   u_{3,y}   u_{3,z} :  -3.951622e-17  -2.535515e-17  -6.313516e-02
    u_{4,x}   u_{4,y}   u_{4,z} :  -4.829956e-17   9.881641e-18  -1.026961e-01


 Final structure at 1.250000e+02 K :
  Lattice vectors [Bohr]:
   a1 :     7.53159676     0.00000000     0.00000000
   a2 :     0.00000000     7.53159676     0.00000000
   a3 :     0.00000000     0.00000000     7.53159676
  Atomic positions (fractional):
   Ba   :     0.00000000     0.00000000     0.00018511
   Ti   :     0.50000000     0.50000000     0.50963030
   O    :    -0.00000000     0.50000000     0.49161729
   O    :     0.50000000    -0.00000000     0.49161729
   O    :     0.50000000     0.50000000    -0.01363537
  Space group :  P4mm (#99)


 ================================================================
  Temperature = 1.00000000e+02 K    (  13 of   15)
 ================================================================

 SET_INIT_STR = 3: start from the structure at the previous temperature.

 Initial atomic displacements [Bohr] : 
    u_{0,x}   u_{0,y}   u_{0,z} :   4.152478e-18   1.517600e-19   1.394174e-03
    u_{1,x}   u_{1,y}   u_{1,z} :   3.799350e-17   3.679527e-17   7.253155e-02
    u_{2,x}   u_{2,y}   u_{2,z} :  -6.747504e-17  -2.360387e-17  -6.313516e-02
    u_{3,x}   u_{3,y}   u_{3,z} :  -3.951622e-17  -2.535515e-17  -6.313516e-02
    u_{4,x}   u_{4,y}   u_{4,z} :  -4.829956e-17   9.881641e-18  -1.026961e-01

 Start structural optimization at 1.000000e+02 K.

 ----------------------------------------------------------------
  Structure opt. step    1 of 1000    (T = 1.000000e+02 K)
 ----------------------------------------------------------------
 Temp = 1.000000e+02 : convergence achieved in    13 iterations.
  DIIS steps accepted: 10, fallbacks to simple mixing: 0

 Structure at this step :
  Lattice vectors [Bohr]:
   a1 :     7.53159676     0.00000000     0.00000000
   a2 :     0.00000000     7.53159676     0.00000000
   a3 :     0.00000000     0.00000000     7.53159676
  Atomic positions (fractional):
   Ba   :     0.00000000     0.00000000     0.00018511
   Ti   :     0.50000000     0.50000000     0.50963030
   O    :    -0.00000000     0.50000000     0.49161729
   O    :     0.50000000    -0.00000000     0.49161729
   O    :     0.50000000     0.50000000    -0.01363537
  Space group :  P4mm (#99)

 du0 =   2.150131e-03 [Bohr] du_tensor =   0.000000e+00
 |residual force| =   1.286003e-06

 ----------------------------------------------------------------
  Structure opt. step    2 of 1000    (T = 1.000000e+02 K)
 ----------------------------------------------------------------
 Temp = 1.000000e+02 : convergence achieved in     7 iterations.
  DIIS steps accepted: 4, fallbacks to simple mixing: 0

 Structure at this step :
  Lattice vectors [Bohr]:
   a1 :     7.53159676     0.00000000     0.00000000
   a2 :     0.00000000     7.53159676     0.00000000
   a3 :     0.00000000     0.00000000     7.53159676
  Atomic positions (fractional):
   Ba   :     0.00000000     0.00000000     0.00018845
   Ti   :     0.50000000     0.50000000     0.50976358
   O    :    -0.00000000     0.50000000     0.49149655
   O    :     0.50000000    -0.00000000     0.49149655
   O    :     0.50000000     0.50000000    -0.01382129
  Space group :  P4mm (#99)

 du0 =   2.115664e-03 [Bohr] du_tensor =   0.000000e+00
 |residual force| =   6.341254e-07

 ----------------------------------------------------------------
  Structure opt. step    3 of 1000    (T = 1.000000e+02 K)
 ----------------------------------------------------------------
 Temp = 1.000000e+02 : convergence achieved in     7 iterations.
  DIIS steps accepted: 4, fallbacks to simple mixing: 0

 Structure at this step :
  Lattice vectors [Bohr]:
   a1 :     7.53159676     0.00000000     0.00000000
   a2 :     0.00000000     7.53159676     0.00000000
   a3 :     0.00000000     0.00000000     7.53159676
  Atomic positions (fractional):
   Ba   :     0.00000000     0.00000000     0.00019249
   Ti   :     0.50000000     0.50000000     0.50989316
   O    :    -0.00000000     0.50000000     0.49137677
   O    :     0.50000000    -0.00000000     0.49137677
   O    :     0.50000000     0.50000000    -0.01400407
  Space group :  P4mm (#99)

 du0 =   1.720611e-04 [Bohr] du_tensor =   0.000000e+00
 |residual force| =   4.118997e-08

 ----------------------------------------------------------------
  Structure opt. step    4 of 1000    (T = 1.000000e+02 K)
 ----------------------------------------------------------------
 Temp = 1.000000e+02 : convergence achieved in     7 iterations.
  DIIS steps accepted: 4, fallbacks to simple mixing: 0

 Structure at this step :
  Lattice vectors [Bohr]:
   a1 :     7.53159676     0.00000000     0.00000000
   a2 :     0.00000000     7.53159676     0.00000000
   a3 :     0.00000000     0.00000000     7.53159676
  Atomic positions (fractional):
   Ba   :     0.00000000    -0.00000000     0.00019252
   Ti   :     0.50000000     0.50000000     0.50988191
   O    :    -0.00000000     0.50000000     0.49138591
   O    :     0.50000000    -0.00000000     0.49138591
   O    :     0.50000000     0.50000000    -0.01398895
  Space group :  P4mm (#99)

 du0 =   6.102911e-05 [Bohr] du_tensor =   0.000000e+00
 |residual force| =   2.121138e-08

 ----------------------------------------------------------------
  Structure opt. step    5 of 1000    (T = 1.000000e+02 K)
 ----------------------------------------------------------------
 Temp = 1.000000e+02 : convergence achieved in     6 iterations.
  DIIS steps accepted: 3, fallbacks to simple mixing: 0

 Structure at this step :
  Lattice vectors [Bohr]:
   a1 :     7.53159676     0.00000000     0.00000000
   a2 :     0.00000000     7.53159676     0.00000000
   a3 :     0.00000000     0.00000000     7.53159676
  Atomic positions (fractional):
   Ba   :     0.00000000    -0.00000000     0.00019259
   Ti   :     0.50000000     0.50000000     0.50988573
   O    :    -0.00000000     0.50000000     0.49138258
   O    :     0.50000000    -0.00000000     0.49138258
   O    :     0.50000000     0.50000000    -0.01399433
  Space group :  P4mm (#99)

 du0 =   7.395898e-07 [Bohr] du_tensor =   0.000000e+00
 |residual force| =   2.471319e-10


 du0 is smaller than COORD_CONV_TOL =    1.000000e-05
 Structural optimization converged in 5-th loop.
 break structural loop.


 Optimization history at 1.000000e+02 K :
 ------------------------------------------------------------
   step   SCP      du0 [Bohr]    du_tensor      |force|     space group
 ------------------------------------------------------------
      1   conv      2.150e-03    0.000e+00    1.286e-06    P4mm (#99)
      2   conv      2.116e-03    0.000e+00    6.341e-07    P4mm (#99)
      3   conv      1.721e-04    0.000e+00    4.119e-08    P4mm (#99)
      4   conv      6.103e-05    0.000e+00    2.121e-08    P4mm (#99)
      5   conv      7.396e-07    0.000e+00    2.471e-10    P4mm (#99)
 ------------------------------------------------------------
 ----------------------------------------------------------------
 Final atomic displacements [Bohr] at 1.000e+02 K
    u_{0,x}   u_{0,y}   u_{0,z} :   4.180338e-18   3.507108e-21   1.450518e-03
    u_{1,x}   u_{1,y}   u_{1,z} :   5.135270e-17   4.146924e-17   7.445495e-02
    u_{2,x}   u_{2,y}   u_{2,z} :  -8.571027e-17  -2.617341e-17  -6.490264e-02
    u_{3,x}   u_{3,y}   u_{3,z} :  -5.037416e-17  -3.030009e-17  -6.490264e-02
    u_{4,x}   u_{4,y}   u_{4,z} :  -5.956526e-17   7.090131e-18  -1.053992e-01


 Final structure at 1.000000e+02 K :
  Lattice vectors [Bohr]:
   a1 :     7.53159676     0.00000000     0.00000000
   a2 :     0.00000000     7.53159676     0.00000000
   a3 :     0.00000000     0.00000000     7.53159676
  Atomic positions (fractional):
   Ba   :     0.00000000     0.00000000     0.00019259
   Ti   :     0.50000000     0.50000000     0.50988568
   O    :    -0.00000000     0.50000000     0.49138262
   O    :     0.50000000    -0.00000000     0.49138262
   O    :     0.50000000     0.50000000    -0.01399427
  Space group :  P4mm (#99)


 ================================================================
  Temperature = 7.50000000e+01 K    (  14 of   15)
 ================================================================

 SET_INIT_STR = 3: start from the structure at the previous temperature.

 Initial atomic displacements [Bohr] : 
    u_{0,x}   u_{0,y}   u_{0,z} :   4.180338e-18   3.507108e-21   1.450518e-03
    u_{1,x}   u_{1,y}   u_{1,z} :   5.135270e-17   4.146924e-17   7.445495e-02
    u_{2,x}   u_{2,y}   u_{2,z} :  -8.571027e-17  -2.617341e-17  -6.490264e-02
    u_{3,x}   u_{3,y}   u_{3,z} :  -5.037416e-17  -3.030009e-17  -6.490264e-02
    u_{4,x}   u_{4,y}   u_{4,z} :  -5.956526e-17   7.090131e-18  -1.053992e-01

 Start structural optimization at 7.500000e+01 K.

 ----------------------------------------------------------------
  Structure opt. step    1 of 1000    (T = 7.500000e+01 K)
 ----------------------------------------------------------------
 Temp = 7.500000e+01 : convergence achieved in    14 iterations.
  DIIS steps accepted: 11, fallbacks to simple mixing: 0

 Structure at this step :
  Lattice vectors [Bohr]:
   a1 :     7.53159676     0.00000000     0.00000000
   a2 :     0.00000000     7.53159676     0.00000000
   a3 :     0.00000000     0.00000000     7.53159676
  Atomic positions (fractional):
   Ba   :     0.00000000     0.00000000     0.00019259
   Ti   :     0.50000000     0.50000000     0.50988568
   O    :    -0.00000000     0.50000000     0.49138262
   O    :     0.50000000    -0.00000000     0.49138262
   O    :     0.50000000     0.50000000    -0.01399427
  Space group :  P4mm (#99)

 du0 =   1.609045e-03 [Bohr] du_tensor =   0.000000e+00
 |residual force| =   1.006921e-06

 ----------------------------------------------------------------
  Structure opt. step    2 of 1000    (T = 7.500000e+01 K)
 ----------------------------------------------------------------
 Temp = 7.500000e+01 : convergence achieved in     7 iterations.
  DIIS steps accepted: 4, fallbacks to simple mixing: 0

 Structure at this step :
  Lattice vectors [Bohr]:
   a1 :     7.53159676     0.00000000     0.00000000
   a2 :     0.00000000     7.53159676     0.00000000
   a3 :     0.00000000     0.00000000     7.53159676
  Atomic positions (fractional):
   Ba   :     0.00000000     0.00000000     0.00019487
   Ti   :     0.50000000     0.50000000     0.50998579
   O    :    -0.00000000     0.50000000     0.49129305
   O    :     0.50000000    -0.00000000     0.49129305
   O    :     0.50000000     0.50000000    -0.01413416
  Space group :  P4mm (#99)

 du0 =   1.317657e-03 [Bohr] du_tensor =   0.000000e+00
 |residual force| =   4.437230e-07

 ----------------------------------------------------------------
  Structure opt. step    3 of 1000    (T = 7.500000e+01 K)
 ----------------------------------------------------------------
 Temp = 7.500000e+01 : convergence achieved in     7 iterations.
  DIIS steps accepted: 4, fallbacks to simple mixing: 0

 Structure at this step :
  Lattice vectors [Bohr]:
   a1 :     7.53159676     0.00000000     0.00000000
   a2 :     0.00000000     7.53159676     0.00000000
   a3 :     0.00000000     0.00000000     7.53159676
  Atomic positions (fractional):
   Ba   :     0.00000000     0.00000000     0.00019743
   Ti   :     0.50000000     0.50000000     0.51006646
   O    :    -0.00000000     0.50000000     0.49121801
   O    :     0.50000000    -0.00000000     0.49121801
   O    :     0.50000000     0.50000000    -0.01424744
  Space group :  P4mm (#99)

 du0 =   5.645753e-05 [Bohr] du_tensor =   0.000000e+00
 |residual force| =   1.887443e-08

 ----------------------------------------------------------------
  Structure opt. step    4 of 1000    (T = 7.500000e+01 K)
 ----------------------------------------------------------------
 Temp = 7.500000e+01 : convergence achieved in     6 iterations.
  DIIS steps accepted: 3, fallbacks to simple mixing: 0

 Structure at this step :
  Lattice vectors [Bohr]:
   a1 :     7.53159676     0.00000000     0.00000000
   a2 :     0.00000000     7.53159676     0.00000000
   a3 :     0.00000000     0.00000000     7.53159676
  Atomic positions (fractional):
   Ba   :     0.00000000     0.00000000     0.00019757
   Ti   :     0.50000000     0.50000000     0.51006252
   O    :    -0.00000000     0.50000000     0.49122082
   O    :     0.50000000    -0.00000000     0.49122082
   O    :     0.50000000     0.50000000    -0.01424245
  Space group :  P4mm (#99)

 du0 =   1.423419e-05 [Bohr] du_tensor =   0.000000e+00
 |residual force| =   5.502690e-09

 ----------------------------------------------------------------
  Structure opt. step    5 of 1000    (T = 7.500000e+01 K)
 ----------------------------------------------------------------
 Temp = 7.500000e+01 : convergence achieved in     5 iterations.
  DIIS steps accepted: 2, fallbacks to simple mixing: 0

 Structure at this step :
  Lattice vectors [Bohr]:
   a1 :     7.53159676     0.00000000     0.00000000
   a2 :     0.00000000     7.53159676     0.00000000
   a3 :     0.00000000     0.00000000     7.53159676
  Atomic positions (fractional):
   Ba   :     0.00000000     0.00000000     0.00019760
   Ti   :     0.50000000     0.50000000     0.51006337
   O    :    -0.00000000     0.50000000     0.49122004
   O    :     0.50000000    -0.00000000     0.49122004
   O    :     0.50000000     0.50000000    -0.01424373
  Space group :  P4mm (#99)

 du0 =   1.798287e-07 [Bohr] du_tensor =   0.000000e+00
 |residual force| =   7.433468e-11


 du0 is smaller than COORD_CONV_TOL =    1.000000e-05
 Structural optimization converged in 5-th loop.
 break structural loop.


 Optimization history at 7.500000e+01 K :
 ------------------------------------------------------------
   step   SCP      du0 [Bohr]    du_tensor      |force|     space group
 ------------------------------------------------------------
      1   conv      1.609e-03    0.000e+00    1.007e-06    P4mm (#99)
      2   conv      1.318e-03    0.000e+00    4.437e-07    P4mm (#99)
      3   conv      5.646e-05    0.000e+00    1.887e-08    P4mm (#99)
      4   conv      1.423e-05    0.000e+00    5.503e-09    P4mm (#99)
      5   conv      1.798e-07    0.000e+00    7.433e-11    P4mm (#99)
 ------------------------------------------------------------
 ----------------------------------------------------------------
 Final atomic displacements [Bohr] at 7.500e+01 K
    u_{0,x}   u_{0,y}   u_{0,z} :   4.416138e-18   4.062628e-19   1.488248e-03
    u_{1,x}   u_{1,y}   u_{1,z} :   7.449050e-17   6.293454e-17   7.579316e-02
    u_{2,x}   u_{2,y}   u_{2,z} :  -1.174642e-16  -4.500639e-17  -6.612703e-02
    u_{3,x}   u_{3,y}   u_{3,z} :  -6.995026e-17  -5.980152e-17  -6.612703e-02
    u_{4,x}   u_{4,y}   u_{4,z} :  -7.958153e-17  -1.093230e-17  -1.072779e-01


 Final structure at 7.500000e+01 K :
  Lattice vectors [Bohr]:
   a1 :     7.53159676     0.00000000     0.00000000
   a2 :     0.00000000     7.53159676     0.00000000
   a3 :     0.00000000     0.00000000     7.53159676
  Atomic positions (fractional):
   Ba   :     0.00000000     0.00000000     0.00019760
   Ti   :     0.50000000     0.50000000     0.51006336
   O    :    -0.00000000     0.50000000     0.49122005
   O    :     0.50000000    -0.00000000     0.49122005
   O    :     0.50000000     0.50000000    -0.01424371
  Space group :  P4mm (#99)


 ================================================================
  Temperature = 5.00000000e+01 K    (  15 of   15)
 ================================================================

 SET_INIT_STR = 3: start from the structure at the previous temperature.

 Initial atomic displacements [Bohr] : 
    u_{0,x}   u_{0,y}   u_{0,z} :   4.416138e-18   4.062628e-19   1.488248e-03
    u_{1,x}   u_{1,y}   u_{1,z} :   7.449050e-17   6.293454e-17   7.579316e-02
    u_{2,x}   u_{2,y}   u_{2,z} :  -1.174642e-16  -4.500639e-17  -6.612703e-02
    u_{3,x}   u_{3,y}   u_{3,z} :  -6.995026e-17  -5.980152e-17  -6.612703e-02
    u_{4,x}   u_{4,y}   u_{4,z} :  -7.958153e-17  -1.093230e-17  -1.072779e-01

 Start structural optimization at 5.000000e+01 K.

 ----------------------------------------------------------------
  Structure opt. step    1 of 1000    (T = 5.000000e+01 K)
 ----------------------------------------------------------------
 Temp = 5.000000e+01 : convergence achieved in    13 iterations.
  DIIS steps accepted: 5, fallbacks to simple mixing: 5
Warning in compute_anharmonic_v1_array : 5 acoustic modes are detected in Gamma point.

Warning in compute_anharmonic_v1_array : 5 acoustic modes are detected in Gamma point.

Warning in compute_anharmonic_v1_array : 5 acoustic modes are detected in Gamma point.

Warning in compute_anharmonic_v1_array : 5 acoustic modes are detected in Gamma point.

Warning in compute_anharmonic_v1_array : 5 acoustic modes are detected in Gamma point.

Warning in compute_anharmonic_v1_array : 5 acoustic modes are detected in Gamma point.

Warning in compute_anharmonic_v1_array : 5 acoustic modes are detected in Gamma point.

Warning in compute_anharmonic_v1_array : 5 acoustic modes are detected in Gamma point.

Warning in compute_anharmonic_v1_array : 5 acoustic modes are detected in Gamma point.

Warning in compute_anharmonic_v1_array : 5 acoustic modes are detected in Gamma point.

Warning in compute_anharmonic_v1_array : 5 acoustic modes are detected in Gamma point.

Warning in compute_anharmonic_v1_array : 5 acoustic modes are detected in Gamma point.

Warning in compute_anharmonic_v1_array : 5 acoustic modes are detected in Gamma point.

Warning in compute_anharmonic_v1_array : 5 acoustic modes are detected in Gamma point.

Warning in compute_anharmonic_v1_array : 5 acoustic modes are detected in Gamma point.


 Structure at this step :
  Lattice vectors [Bohr]:
   a1 :     7.53159676     0.00000000     0.00000000
   a2 :     0.00000000     7.53159676     0.00000000
   a3 :     0.00000000     0.00000000     7.53159676
  Atomic positions (fractional):
   Ba   :     0.00000000     0.00000000     0.00019760
   Ti   :     0.50000000     0.50000000     0.51006336
   O    :    -0.00000000     0.50000000     0.49122005
   O    :     0.50000000    -0.00000000     0.49122005
   O    :     0.50000000     0.50000000    -0.01424371
  Space group :  P4mm (#99)

 du0 =   1.710027e-03 [Bohr] du_tensor =   0.000000e+00
 |residual force| =   1.101958e-06

 ----------------------------------------------------------------
  Structure opt. step    2 of 1000    (T = 5.000000e+01 K)
 ----------------------------------------------------------------
 Temp = 5.000000e+01 : convergence achieved in     7 iterations.
  DIIS steps accepted: 4, fallbacks to simple mixing: 0
Warning in compute_anharmonic_v1_array : 5 acoustic modes are detected in Gamma point.

Warning in compute_anharmonic_v1_array : 5 acoustic modes are detected in Gamma point.

Warning in compute_anharmonic_v1_array : 5 acoustic modes are detected in Gamma point.

Warning in compute_anharmonic_v1_array : 5 acoustic modes are detected in Gamma point.

Warning in compute_anharmonic_v1_array : 5 acoustic modes are detected in Gamma point.

Warning in compute_anharmonic_v1_array : 5 acoustic modes are detected in Gamma point.

Warning in compute_anharmonic_v1_array : 5 acoustic modes are detected in Gamma point.

Warning in compute_anharmonic_v1_array : 5 acoustic modes are detected in Gamma point.

Warning in compute_anharmonic_v1_array : 5 acoustic modes are detected in Gamma point.

Warning in compute_anharmonic_v1_array : 5 acoustic modes are detected in Gamma point.

Warning in compute_anharmonic_v1_array : 5 acoustic modes are detected in Gamma point.

Warning in compute_anharmonic_v1_array : 5 acoustic modes are detected in Gamma point.

Warning in compute_anharmonic_v1_array : 5 acoustic modes are detected in Gamma point.

Warning in compute_anharmonic_v1_array : 5 acoustic modes are detected in Gamma point.

Warning in compute_anharmonic_v1_array : 5 acoustic modes are detected in Gamma point.


 Structure at this step :
  Lattice vectors [Bohr]:
   a1 :     7.53159676     0.00000000     0.00000000
   a2 :     0.00000000     7.53159676     0.00000000
   a3 :     0.00000000     0.00000000     7.53159676
  Atomic positions (fractional):
   Ba   :     0.00000000     0.00000000     0.00020188
   Ti   :     0.50000000     0.50000000     0.51016541
   O    :    -0.00000000     0.50000000     0.49112480
   O    :     0.50000000    -0.00000000     0.49112480
   O    :     0.50000000     0.50000000    -0.01439528
  Space group :  P4mm (#99)

 du0 =   1.218605e-03 [Bohr] du_tensor =   0.000000e+00
 |residual force| =   4.398147e-07

 ----------------------------------------------------------------
  Structure opt. step    3 of 1000    (T = 5.000000e+01 K)
 ----------------------------------------------------------------
 Temp = 5.000000e+01 : convergence achieved in     7 iterations.
  DIIS steps accepted: 4, fallbacks to simple mixing: 0
Warning in compute_anharmonic_v1_array : 5 acoustic modes are detected in Gamma point.

Warning in compute_anharmonic_v1_array : 5 acoustic modes are detected in Gamma point.

Warning in compute_anharmonic_v1_array : 5 acoustic modes are detected in Gamma point.

Warning in compute_anharmonic_v1_array : 5 acoustic modes are detected in Gamma point.

Warning in compute_anharmonic_v1_array : 5 acoustic modes are detected in Gamma point.

Warning in compute_anharmonic_v1_array : 5 acoustic modes are detected in Gamma point.

Warning in compute_anharmonic_v1_array : 5 acoustic modes are detected in Gamma point.

Warning in compute_anharmonic_v1_array : 5 acoustic modes are detected in Gamma point.

Warning in compute_anharmonic_v1_array : 5 acoustic modes are detected in Gamma point.

Warning in compute_anharmonic_v1_array : 5 acoustic modes are detected in Gamma point.

Warning in compute_anharmonic_v1_array : 5 acoustic modes are detected in Gamma point.

Warning in compute_anharmonic_v1_array : 5 acoustic modes are detected in Gamma point.

Warning in compute_anharmonic_v1_array : 5 acoustic modes are detected in Gamma point.

Warning in compute_anharmonic_v1_array : 5 acoustic modes are detected in Gamma point.

Warning in compute_anharmonic_v1_array : 5 acoustic modes are detected in Gamma point.


 Structure at this step :
  Lattice vectors [Bohr]:
   a1 :     7.53159676     0.00000000     0.00000000
   a2 :     0.00000000     7.53159676     0.00000000
   a3 :     0.00000000     0.00000000     7.53159676
  Atomic positions (fractional):
   Ba   :     0.00000000     0.00000000     0.00020508
   Ti   :     0.50000000     0.50000000     0.51023826
   O    :    -0.00000000     0.50000000     0.49105453
   O    :     0.50000000    -0.00000000     0.49105453
   O    :     0.50000000     0.50000000    -0.01450009
  Space group :  P4mm (#99)

 du0 =   4.158350e-05 [Bohr] du_tensor =   0.000000e+00
 |residual force| =   1.841509e-08

 ----------------------------------------------------------------
  Structure opt. step    4 of 1000    (T = 5.000000e+01 K)
 ----------------------------------------------------------------
 Temp = 5.000000e+01 : convergence achieved in     6 iterations.
  DIIS steps accepted: 3, fallbacks to simple mixing: 0
Warning in compute_anharmonic_v1_array : 5 acoustic modes are detected in Gamma point.

Warning in compute_anharmonic_v1_array : 5 acoustic modes are detected in Gamma point.

Warning in compute_anharmonic_v1_array : 5 acoustic modes are detected in Gamma point.

Warning in compute_anharmonic_v1_array : 5 acoustic modes are detected in Gamma point.

Warning in compute_anharmonic_v1_array : 5 acoustic modes are detected in Gamma point.

Warning in compute_anharmonic_v1_array : 5 acoustic modes are detected in Gamma point.

Warning in compute_anharmonic_v1_array : 5 acoustic modes are detected in Gamma point.

Warning in compute_anharmonic_v1_array : 5 acoustic modes are detected in Gamma point.

Warning in compute_anharmonic_v1_array : 5 acoustic modes are detected in Gamma point.

Warning in compute_anharmonic_v1_array : 5 acoustic modes are detected in Gamma point.

Warning in compute_anharmonic_v1_array : 5 acoustic modes are detected in Gamma point.

Warning in compute_anharmonic_v1_array : 5 acoustic modes are detected in Gamma point.

Warning in compute_anharmonic_v1_array : 5 acoustic modes are detected in Gamma point.

Warning in compute_anharmonic_v1_array : 5 acoustic modes are detected in Gamma point.

Warning in compute_anharmonic_v1_array : 5 acoustic modes are detected in Gamma point.


 Structure at this step :
  Lattice vectors [Bohr]:
   a1 :     7.53159676     0.00000000     0.00000000
   a2 :     0.00000000     7.53159676     0.00000000
   a3 :     0.00000000     0.00000000     7.53159676
  Atomic positions (fractional):
   Ba   :     0.00000000     0.00000000     0.00020506
   Ti   :     0.50000000     0.50000000     0.51023562
   O    :    -0.00000000     0.50000000     0.49105663
   O    :     0.50000000    -0.00000000     0.49105663
   O    :     0.50000000     0.50000000    -0.01449625
  Space group :  P4mm (#99)

 du0 =   4.772478e-06 [Bohr] du_tensor =   0.000000e+00
 |residual force| =   1.866768e-09


 du0 is smaller than COORD_CONV_TOL =    1.000000e-05
 Structural optimization converged in 4-th loop.
 break structural loop.


 Optimization history at 5.000000e+01 K :
 ------------------------------------------------------------
   step   SCP      du0 [Bohr]    du_tensor      |force|     space group
 ------------------------------------------------------------
      1   conv      1.710e-03    0.000e+00    1.102e-06    P4mm (#99)
      2   conv      1.219e-03    0.000e+00    4.398e-07    P4mm (#99)
      3   conv      4.158e-05    0.000e+00    1.842e-08    P4mm (#99)
      4   conv      4.772e-06    0.000e+00    1.867e-09    P4mm (#99)
 ------------------------------------------------------------
 ----------------------------------------------------------------
 Final atomic displacements [Bohr] at 5.000e+01 K
    u_{0,x}   u_{0,y}   u_{0,z} :   6.340430e-18   1.951827e-18   1.544607e-03
    u_{1,x}   u_{1,y}   u_{1,z} :   1.878135e-16   1.689084e-16   7.709250e-02
    u_{2,x}   u_{2,y}   u_{2,z} :  -2.772394e-16  -1.349249e-16  -6.735995e-02
    u_{3,x}   u_{3,y}   u_{3,z} :  -1.673066e-16  -2.080733e-16  -6.735995e-02
    u_{4,x}   u_{4,y}   u_{4,z} :  -1.781660e-16  -1.018996e-16  -1.091832e-01


 Final structure at 5.000000e+01 K :
  Lattice vectors [Bohr]:
   a1 :     7.53159676     0.00000000     0.00000000
   a2 :     0.00000000     7.53159676     0.00000000
   a3 :     0.00000000     0.00000000     7.53159676
  Atomic positions (fractional):
   Ba   :     0.00000000     0.00000000     0.00020508
   Ti   :     0.50000000     0.50000000     0.51023588
   O    :    -0.00000000     0.50000000     0.49105635
   O    :     0.50000000    -0.00000000     0.49105635
   O    :     0.50000000     0.50000000    -0.01449668
  Space group :  P4mm (#99)
 ----------------------------------------------------------------

 ============ Structural-optimization benchmark summary ============
  RELAX_ALGO = 3   GDIIS_PLAIN = 0
         Temp [K]       steps   converged
           400.00           8         yes
           375.00           8         yes
           350.00           6         yes
           325.00           6         yes
           300.00           7         yes
           275.00           7         yes
           250.00           7         yes
           225.00           9         yes
           200.00          14         yes
           175.00          89         yes
           150.00          22         yes
           125.00           5         yes
           100.00           5         yes
            75.00           5         yes
            50.00           4         yes
            Total         202
 ===================================================================

  cBTO222_scph.scph_dymat  : Anharmonic dynamical matrix (restart file)
  cBTO222_scph.renorm_harm_dymat : Anharmonic dynamical matrix (restart file)
  cBTO222_scph.V0          : Renormalized static potential V0 (restart file)
  cBTO222_scph.scph_dfc2   : Anharmonic corrections to the second-order IFCs (SCPH)

 Running postprocess of SCPH/QHA (calculation of free energy, MSD, DOS)
 The number of temperature points: 15  
   ...............

  cBTO222_scph.scph_dos    : SCPH DOS
  cBTO222_scph.scph_thermo : SCPH heat capcaity, free energy, entropy

 Job finished at Thu Jun 11 17:27:53 2026

